Insyde SW Setup Document,,,,,,,,,

--------------------------------------------------------------------------------------
There are 10 columns composed to one item.
[*],[ID],[Offset],[Width],[IFR Offset],[Prompt],[Current Value],[All Options],[Help],[CondExpr]

Only one column, the [Current Value] can be modified, and keep others or it may causes 
unexpected result.
The [Current Value] column is limited by [All Options] column. Users shouldn't give 
a value outside of [All Options] column.

If a '*' presented in first column [*] means if this item may be hidded when condition matched.The last column [CondExpr] shows the condition.
For example:
1. Oneof Type Item:
  {
    *,61d2fffff03000b9,22,1,34,This oneof item,off,"Off,On","Select a oneof item to be on or off","sif aa=230"
  }
  User can change the [Current Value] column from Off to On which is one of option in 
  6th column ([All Options]).

2. Numeric Type Item:
  {
    ,61d2fffff03000b9,23,1,34,This numeric item,0,"Step=0,Min=0,Max=100","Set this numeric item has 0-100 value.",""
  }
  User can change the [Current Value] column form 0 to any value between 0-100 which 
  is limited in 6th column ([All Options]).
3. Checkbox Type Item:
  {
    ,61d2fffff03000b9,23,1,34,This checkbox item,0,"Bool=0,1,None","Set this checkbox item has 0 or 1 value, if it's none, means no value here.",""
  }
  User can change the [Current Value] column to 0 or 1. Do NOT change the value if it's "None".
--------------------------------------------------------------------------------------
Insyde SW Setup Document,,,,,,,,,

--------------------------------------------------------------------------------------
There are 10 columns composed to one item.
[*],[ID],[Offset],[Width],[IFR Offset],[Prompt],[Current Value],[All Options],[Help],[CondExpr]

Only one column, the [Current Value] can be modified, and keep others or it may causes 
unexpected result.
The [Current Value] column is limited by [All Options] column. Users shouldn't give 
a value outside of [All Options] column.

If a '*' presented in first column [*] means if this item may be hidded when condition matched.The last column [CondExpr] shows the condition.
For example:
1. Oneof Type Item:
  {
    *,61d2fffff03000b9,22,1,34,This oneof item,off,"Off,On","Select a oneof item to be on or off","sif aa=230"
  }
  User can change the [Current Value] column from Off to On which is one of option in 
  6th column ([All Options]).

2. Numeric Type Item:
  {
    ,61d2fffff03000b9,23,1,34,This numeric item,0,"Step=0,Min=0,Max=100","Set this numeric item has 0-100 value.",""
  }
  User can change the [Current Value] column form 0 to any value between 0-100 which 
  is limited in 6th column ([All Options]).
3. Checkbox Type Item:
  {
    ,61d2fffff03000b9,23,1,34,This checkbox item,0,"Bool=0,1,None","Set this checkbox item has 0 or 1 value, if it's none, means no value here.",""
  }
  User can change the [Current Value] column to 0 or 1. Do NOT change the value if it's "None".
--------------------------------------------------------------------------------------
 - Sku ID: [](In hex)
 - Config Name ID: [] 
 - Config ID: [](In hex)
 - BIOS Version(From BVDT): "LTCN23WW"


FormSet Boot Manager (847BC3FE-B974-446D-9449-5AD5412E993B),,,,,,,,,
Form 4096 (Boot Manager),,,,,,,,,
FormSet Boot Maintenance Manager (642237C7-35D4-472D-8365-12E0CCF27A22),,,,,,,,,
Form 4097 (Boot Maintenance Manager),,,,,,,,,
>Boot Options,,,,,,,,,
>Driver Options,,,,,,,,,
>Console Options,,,,,,,,,
>Boot From File,,,,,,,,,
>Set Boot Next Value,,,,,,,,,
>Set Time Out Value,,,,,,,,,
Form 4116 (Boot Options),,,,,,,,,
>Go Back To Main Page,,,,,,,,,
>Add Boot Option,,,,,,,,,
>Delete Boot Option,,,,,,,,,
>Change Boot Order,,,,,,,,,
Form 4117 (Driver Options),,,,,,,,,
>Go Back To Main Page,,,,,,,,,
>Add Driver Option,,,,,,,,,
>Delete Driver Option,,,,,,,,,
>Change Driver Order,,,,,,,,,
Form 4099 (Delete Boot Option),,,,,,,,,
Form 4100 (Change Boot Order),,,,,,,,,
Form 4113 (Set Boot Next Value),,,,,,,,,
Form 4114 (Set Time Out Value),,,,,,,,,
Form 4101 (Add Driver Option),,,,,,,,,
>Go Back To Main Page,,,,,,,,,
>Add Driver Option Using File,,,,,,,,,
Form 4102 (Delete Driver Option),,,,,,,,,
Form 4103 (Change Driver Order),,,,,,,,,
Form 4104 (Console Options),,,,,,,,,
>Go Back To Main Page,,,,,,,,,
>Console Input Device Select,,,,,,,,,
>Console Output Device Select,,,,,,,,,
>Console Standard Error Device Select,,,,,,,,,
>Console Output Mode Select,,,,,,,,,
>COM Attribute Setup Page,,,,,,,,,
Form 4129 (Console Output Mode Select),,,,,,,,,
Form 4119 (COM Attribute Setup Page),,,,,,,,,
Form 4120 (Set COM Attributes),,,,,,,,,
Form 4108 (Add Boot Option),,,,,,,,,
Form 4109 (Add Boot Option),,,,,,,,,
Form 4111 (Add Driver Option Using Handle),,,,,,,,,
Form 4112 (Modify Driver Option Description),,,,,,,,,
Form 4105 (Console Input Device Select),,,,,,,,,
Form 4106 (Console Output Device Select),,,,,,,,,
Form 4107 (Console Standard Error Device Select),,,,,,,,,
Form 4121 (Set Legacy Floppy Drive Order),,,,,,,,,
Form 4122 (Set Legacy HardDisk Drive Order),,,,,,,,,
Form 4123 (Set Legacy CD-ROM Drive Order),,,,,,,,,
Form 4124 (Set Legacy NET Drive Order),,,,,,,,,
Form 4125 (Set Legacy BEV Drive Order),,,,,,,,,
FormSet File Explorer (1F2D63E1-FEBD-4DC7-9CC5-BA2B1CEF9C5B),,,,,,,,,
Form 4126 (File Explorer),,,,,,,,,
Form 4127 (Modify Boot Option Description),,,,,,,,,
Form 4128 (Modify Driver Option Description),,,,,,,,,
,c5d2867e0e2e9407,195,1,1da,Load Option Reconnect,1,"Bool=0,1,None","Load Option Reconnect",""
FormSet Device Manager (3EBFA8E6-511D-4B5B-A95F-FB38260F1C27),,,,,,,,,
Form 4096 (Device Manager),,,,,,,,,
Devices List,,,,,,,,,
Press ESC to exit.,,,,,,,,,
Form 4097 (Network Device List),,,,,,,,,
Network Device List,,,,,,,,,
Press ESC to exit.,,,,,,,,,
Form 4098 (Network Device),,,,,,,,,
Network Device,,,,,,,,,
Press ESC to exit.,,,,,,,,,
FormSet Driver Health Manager (4296D9F4-F6FC-4DDE-8685-8CE2D79D90F0),,,,,,,,,
Form 4097 (Driver Health Manager),,,,,,,,,
FormSet Driver Health Manager (CFB3B000-0B63-444B-B1D1-12D5D95DC4FC),,,,,,,,,
Form 4097 (Driver Health Manager),,,,,,,,,
FormSet Administer Secure Boot (AA1305B9-01F3-4AFB-920E-C9B979A852FD),,,,,,,,,
Form 4098 (Administer Secure Boot),,,,,,,,,
System Status:,,,,,,,,,
Options:,,,,,,,,,
>Select a UEFI file as trusted for execution,,,,,,,,,
*,b4346d900da1a32f,5,1,16b,Enforce Secure Boot,Disabled,"Disabled,Disabled","Select Disable to Suspend enforcement of Secure Boot Checks.","gif 2=1;sif 2=0"
*,b4346d900da1a32f,5,1,198,Enforce Secure Boot,Enabled,"Disabled,Enabled","Select Disable to Suspend enforcement of Secure Boot Checks.","sif 2=1"
,b4346d900da1a32f,6,1,1bb,Erase all Secure Boot Settings,Disabled,"Disabled,Enabled","Enable this option will erase all Secure Boot Settings. This action will clear four variables PK, KEK, db, and dbx.",""
,b4346d900da1a32f,7,1,1dc,Restore Secure Boot to Factory Settings,Disabled,"Disabled,Enabled","Restore all of the Secure Boot Settings to default factory settings and enable Secure Boot.",""
*,b4346d900da1a32f,c,1,205,Add UEFI CA certificate,Disabled,"Disabled,Enabled","Add UEFI CA certificate to DB database.","sif 1=1"
>PK Options,,,,,,,,,
>KEK Options,,,,,,,,,
>DB Options,,,,,,,,,
>DBX Options,,,,,,,,,
>DBT Options,,,,,,,,,
>DBR Options,,,,,,,,,
Form 4096 (Select a UEFI file as trusted for execution),,,,,,,,,
Form 4099 (PK Options),,,,,,,,,
>Enroll PK,,,,,,,,,
>Delete PK,,,,,,,,,
PK Signature List:,,,,,,,,,
Form 4100 (Enroll PK),,,,,,,,,
Form 4101 (Delete PK),,,,,,,,,
Form 4102 (KEK Options),,,,,,,,,
>Enroll KEK,,,,,,,,,
>Delete KEK,,,,,,,,,
KEK Signature List:,,,,,,,,,
Form 4103 (Enroll KEK),,,,,,,,,
Form 4104 (Delete KEK),,,,,,,,,
Form 4105 (DB Options),,,,,,,,,
>Enroll Signature,,,,,,,,,
>Delete Signature,,,,,,,,,
DB Signature List:,,,,,,,,,
Form 4106 (Enroll Signature),,,,,,,,,
Form 4107 (Delete Signature),,,,,,,,,
Form 4108 (DBX Options),,,,,,,,,
>Enroll Signature,,,,,,,,,
>Delete Signature,,,,,,,,,
DBX Signature List:,,,,,,,,,
Form 4109 (Enroll Signature),,,,,,,,,
Form 4110 (Delete Signature),,,,,,,,,
Form 4111 (DBT Options),,,,,,,,,
>Enroll Signature,,,,,,,,,
>Delete Signature,,,,,,,,,
DBT Signature List:,,,,,,,,,
Form 4112 (Enroll Signature),,,,,,,,,
Form 4113 (Delete Signature),,,,,,,,,
Form 4114 (DBR Options),,,,,,,,,
>Enroll Signature,,,,,,,,,
>Delete Signature,,,,,,,,,
DBR Signature List:,,,,,,,,,
Form 4115 (Enroll Signature),,,,,,,,,
Form 4116 (Delete Signature),,,,,,,,,
FormSet H2O Form Dialog for Question Type One Of (F8DD52F1-2327-4F64-883A-49718DD79BE7),,,,,,,,,
Form 1 (H2O Form Dialog for Question),,,,,,,,,
FormSet H2O Form Dialog for Question Type Numeric (C31B2733-37A7-43C1-BAB7-CBB1F19EDEF9),,,,,,,,,
Form 1 (H2O Form Dialog for Question),,,,,,,,,
FormSet H2O Form Dialog for Question Type Password (A294E412-E111-4A1B-B2F9-97185FBBFC76),,,,,,,,,
Form 1 (H2O Form Dialog for Question),,,,,,,,,
FormSet H2O Form Dialog for Question Type Ordered List (63E3C9DE-21B4-41E9-BFF6-2AF64184BA18),,,,,,,,,
Form 1 (H2O Form Dialog for Question),,,,,,,,,
FormSet H2O Form Dialog for Question Type Checkbox (A770D44C-FD0C-4A93-9DD9-FD5186B24037),,,,,,,,,
Form 1 (H2O Form Dialog for Question),,,,,,,,,
FormSet H2O Form Dialog for Question Type Time (727EFA2E-92D2-457C-BDB6-ACE1D76F5B20),,,,,,,,,
Form 1 (H2O Form Dialog for Question),,,,,,,,,
FormSet H2O Form Dialog for Question Type String (A65E6784-D536-4D44-AAB4-70835FA58534),,,,,,,,,
Form 1 (H2O Form Dialog for Question),,,,,,,,,
FormSet H2O Form Dialog for Question Type Date (97C80457-12F3-4CE2-88D2-6CF8C4663EE8),,,,,,,,,
Form 1 (H2O Form Dialog for Question),,,,,,,,,
FormSet IPv4 Network Configuration (9B942747-154E-4D29-A436-BF7100C8B53B),,,,,,,,,
Form 1 (),,,,,,,,,
,addea5e7556ef568,0,1,90,Configured,0,"Bool=0,1,None","Indicate whether network address configured successfully or not.",""
*,addea5e7556ef568,1,1,a8,Enable DHCP,0,"Bool=0,1,None","Enable DHCP","sif 100=0"
FormSet IPv6 Network Configuration (02EEA107-98DB-400E-9830-460A1542D799),,,,,,,,,
Form 3 (IPv6 Current Setting),,,,,,,,,
>Enter Configuration Menu,,,,,,,,,
Form 1 (IPv6 Current Setting),,,,,,,,,
,4705859c12382c69,4,4,18a,Policy,automatic,"automatic,manual","automatic or manual",""
>Advanced Configuration,,,,,,,,,
Form 2 (Advanced Configuration),,,,,,,,,
FormSet Configuration (F500784D-75B5-41FA-B7D5-D4137DAEEDB8),,,,,,,,,
Form 1 (Configuration),,,,,,,,,
*,b07398139d839cf0,48,1,1a1,USB Legacy,Enabled,"Enabled,Disabled","Enable or disable USB device in legacy environment (DOS, legacy, POST, etc.).

[Enabled]

[Disabled]","sif 2c=2;gif 16=1 17=3 and"
*,b07398139d839cf0,e9,1,1e0,Wireless LAN,Enabled,"Enabled,Disabled","Enable or disable wireless LAN device.

[Enabled]

[Disabled]","sif 2b=0;gif 17=3 16=1 and"
*,670eeb73d338776d,49,1,21f,Storage Controller Mode,AHCI,"AHCI","Select the Storage controller mode.

[AHCI]","sif e07a=1;gif 17=3 16=1 and"
*,8493fc30bc249fd7,f8,1,257,Intel VMD Controller,Disabled,"Enabled,Disabled","Enable/Disable to Intel VMD controller.

[Enabled]
Intel VMD controller is enabled.
[Disabled]
Intel VMD controller is disabled.","sif 2a=0;gif 17=3 16=1 and"
*,8493fc30bc249fd7,b1,1,296,Graphics Device,Auto,"Switchable Graphics,Auto,UMA Graphics","Select graphics device.

[Switchable Graphics]
Select switchable graphics.
[UMA Graphics]
Select graphics device.","sif 29=0;gif 17=3 16=1 and"
*,14c8006250a6403a,b9,1,2e4,Intel (R) Virtualization Technology,Enabled,"Enabled,Disabled","When enabled, VM software can utilize the additional hardware capabilities provided by Virtual Technology.

[Enabled]
Virtual Technology is enabled.
[Disabled]
Virtual Technology is disabled.","sif 28=0;gif 17=3 16=1 and 24=1 |"
*,8493fc30bc249fd7,7d,1,33d,Intel (R) VT-d Feature,Enabled,"Enabled,Disabled","Intel ® VT-d is Intel ® Virtualization Technology for Directed I/O

[Enabled]
VT-d Feature is enabled.
[Disabled]
VT-d Feature is disabled.","sif 27=0 26=0 and;gif 25=1 17=3 16=1 and | 24=1 |"
*,14c8006250a6403a,5,1,3a2,Intel (R) Hyper - Threading Technology,Enabled,"Enabled,Disabled","Enable or disable Intel (R) Hyper Threading Technology

Tips: In OS Fast Startup mode, if system hangs after this setting is changed, a shutdown or reboot can recover.

[Enabled]
This setting enables additional CPU threads. These threads appear as additional processors but share some resources with the other threads within a CPU.
[Disabled]
This setting enables only one thread within each execution core unit.","sif 23=0 22=0 |;gif 21=1 17=3 16=1 and |"
*,b07398139d839cf0,ee,1,3d9,BIOS Back Flash,Disabled,"Enabled,Disabled","BIOS can be flashed  to a previous or current version.

[Enabled]
Allow flashing to previous or current version.
[Disabled]
Prevent flashing to previous or current version.","gif 17=3 16=1 and"
*,b07398139d839cf0,f0,1,416,HotKey Mode,Enabled,"Enabled,Disabled","Enable or disable Hotkey Mode.

[Enabled]
Use the hotkey function by pressing single Fx key. Use legacy Fx function by pressing Fn+Fx key.
[Disabled]
Use the hotkey function by pressing Fn+Fx key. Use legacy Fx function by pressing Fx key directly.","gif 17=3 16=1 and;sif 20=0"
*,b07398139d839cf0,f2,1,455,Fool Proof Fn Ctrl,Enabled,"Enabled,Disabled","Enable or disable Fool Proof Fn Ctrl function.

[Enabled]
Treat Fn as Ctrl when combined with non function key for some frequently-used shortcut key.
[Disabled]
No Fool Proof function support.","gif 17=3 16=1 and;sif 1f=0"
*,b07398139d839cf0,f4,1,494,Always On USB,Enabled,"Enabled,Disabled","The USB ports can charge external device during low power states.

[Enabled]
USB ports are powered during low power states.
[Disabled]
USB ports are disabled during low power states.","gif 17=3 16=1 and;sif 1e=0"
*,b07398139d839cf0,f6,1,4dd,Charge In Battery Mode,Enabled,"Enabled,Disabled","Enable or disable charging external devices when system is in hibernate or power-off state and in battery mode.

[Enabled]
Enables charging when system is in hibernate or power-off state and in battery mode.
[Disabled]
Disables charging when system is in hibernate or power-off state and in battery mode.","gif 17=3 16=1 and;sif 1d=0 c=0 |"
*,b07398139d839cf0,127,1,561,System Performance Mode,Intelligent Cooling,"Intelligent Cooling,Extreme Performance,Battery Saving","Select different thermal control method.

[Intelligent Cooling]
Select this mode to automatic adjust thermal control under different user scenario.
[Extreme Performance]
Select this mode to enter into extreme performance mode.
[Battery Saving]
Select this mode to enter into a quieter fan setting mode that also improves system battery life.","gif 17=3 16=1 and;sif 1b=0"
*,b07398139d839cf0,129,1,5a7,Thermal Mode,Balance,"Balance,Performance,Quite","Select different thermal control method.

[Balance]
Select this mode to automatic adjust thermal control under different user scenario.
[Performance]
Select this mode to enter into extreme performance mode.
[Quite]
Select this mode to enter into a quieter fan setting mode that also improves system battery life.","gif 17=3 16=1 and;sif 1a=0"
*,b07398139d839cf0,17d,1,5ed,Flip To Start,Enabled,"Enabled,Disabled","Flip To Start enable you to turn on your computer when you open the computer lid, just the same as you pressing the  power button.

[Enabled]

[Disabled]","gif 17=3 16=1 and;sif 19=0"
*,b07398139d839cf0,17f,1,62c,One Key Battery,Enabled,"Enabled,Disabled","When powered off, connecting AC adapter or tapping any key will trigger showing battery&AC information.

[Enabled]
One Key Battery is enabled.
[Disabled]
One Key Battery is disabled.","gif 17=3 16=1 and;sif 18=0"
*,b07398139d839cf0,11e,1,663,BIOS Self-Healing,Enabled,"Enabled,Disabled","[Enabled]
System will backup BIOS firmware and will self-heal from BIOS crash.
[Disabled]
System clear the backup BIOS firmware and do not self-heal from BIOS crash.","gif 17=3 16=1 and"
*,b07398139d839cf0,188,1,6db,Ultra Quiet Mode,Enabled,"Enabled,Disabled","This mode can maximally reduce the noise of computer in working.

[Enabled]
Ultra Quiet Mode is enabled.
[Disabled]
Ultra Quiet Mode is disabled.","gif 17=3 16=1 and;sif 15=0"
FormSet Power (A6712873-925F-46C6-90B4-A40F86A0917B),,,,,,,,,
Form 1 (Power),,,,,,,,,
*,b07398139d839cf0,84,1,c0,ACPI S1,Disabled,"Disabled,Enabled","Enable/Disable ACPI S1/S3 Sleep state","gif 8=2 7=1 and;sif 8=0,1,2,3,4"
*,b07398139d839cf0,86,1,e3,Wake on PME,Enabled,"Disabled,Enabled","Determines the action taken when the system power is off and a PCI Power Management Enable wake up event occurs.","gif 8=2 7=1 and"
*,b07398139d839cf0,87,1,104,Wake on Modem Ring,Disabled,"Disabled,Enabled","Determines the action taken when the system power is off and a modem connected to the serial port is ringing.","gif 8=2 7=1 and"
*,b07398139d839cf0,88,1,125,Auto Wake on S5,Disabled,"Disabled,By Every Day,By Day of Month","Auto wake on S5, By Day of Month or Fixed time of every day","gif 8=2 7=1 and"
*,b07398139d839cf0,89,1,169,Wake on S5 Time,0:0:0,"HH(0):MM(0):SS(0)","This is the help for the hour, minute, second field. Valid range is from 0 to 23, 0 to 59, 0 to 59. INCREASE/REDUCE : +/-.","gif 8=2 7=1 and;sif 3=0"
*,b07398139d839cf0,8c,1,1a3,Day of Month,1,"Step=1,Min=1,Max=31","This is the help for the day field. Valid range is from 1 to 31. (Error checking will be done against month/day/year combinations that are not suppo-ported. INCREASE/REDUCE : +/-.","gif 8=2 7=1 and;sif 3=0,1"
*,b07398139d839cf0,198,1,1d2,S5 Long Run Test,Disabled,"Disabled,Enabled","Enable : force to enable RTC S5 wake up, even if OS disables it. Support ipwrtest to do RTC S5 wakeup.","gif 8=2 7=1 and"
FormSet Advanced (C6D4769E-7F48-4D2A-98E9-87ADCCF35CCC),,,,,,,,,
Form 1 (Advanced),,,,,,,,,
>Boot Configuration,,,,,,,,,
>Peripheral Configuration,,,,,,,,,
>SATA Configuration,,,,,,,,,
>USB Configuration,,,,,,,,,
>Chipset Configuration,,,,,,,,,
>Debug Settings,,,,,,,,,
>PCI Subsystem Settings,,,,,,,,,
>ACPI Table/Features Control,,,,,,,,,
>CPU Configuration,,,,,,,,,
>Connectivity Configuration,,,,,,,,,
>Power & Performance,,,,,,,,,
>OverClocking Performance Menu,,,,,,,,,
>Memory Configuration,,,,,,,,,
>System Agent (SA) Configuration,,,,,,,,,
>PCIE Configuration,,,,,,,,,
>PCH-IO Configuration,,,,,,,,,
>PCH-FW Configuration,,,,,,,,,
>Thermal Configuration,,,,,,,,,
>Platform Settings,,,,,,,,,
>ACPI D3Cold settings,,,,,,,,,
>BCLK Configuration,,,,,,,,,
Form 32 (PCI Configuration),,,,,,,,,
PCI Configuration,,,,,,,,,
*,b07398139d839cf0,2,1,54f,PCI Slot3 IRQ Priority,Auto,"Auto,IRQ3,IRQ4,IRQ5,IRQ7,IRQ9,IRQ10,IRQ11","Manual IRQ selection does not garantee PCI slot device will be configured with choice because PnP ISA Cards (if present) are assigned the available resources before PCI device.","gif 10f0=2 10ef=1 and"
*,b07398139d839cf0,3,1,59a,PCI Slot4 IRQ Priority,Auto,"Auto,IRQ3,IRQ4,IRQ5,IRQ7,IRQ9,IRQ10,IRQ11","Manual IRQ selection does not garantee PCI slot device will be configured with choice because PnP ISA Cards (if present) are assigned the available resources before PCI device.","gif 10f0=2 10ef=1 and"
Form 33 (Boot Configuration),,,,,,,,,
Boot Configuration,,,,,,,,,
*,b07398139d839cf0,8,1,613,Numlock,On,"Off,On","Selects Power-on state for Numlock","gif 10f0=2 10ef=1 and"
Form 34 (Peripheral Configuration),,,,,,,,,
Peripheral Configuration,,,,,,,,,
*,b07398139d839cf0,a,1,662,Serial Port A,Disabled,"Disabled,Auto,Enabled","Configure Serial port A using options : [Disable] No Configuration [Enable] User Configuration [Auto] EFI/OS chooses configuration","gif 10f0=2 10ef=1 and"
*,b07398139d839cf0,b,1,6aa,Base I/O Address,3F8,"2E8,2F8,3E8,3F8",,"gif 10f0=2 10ef=1 and;sif 2030=0,1"
*,b07398139d839cf0,c,1,6d9,Interrupt,IRQ4,"IRQ3,IRQ4",,"gif 10f0=2 10ef=1 and;sif 2030=0,1"
*,b07398139d839cf0,f,1,719,Infrared Port,Disabled,"Disabled,Auto,Enabled","Configure Infrared port using options : [Disable] No Configuration [Enable] User Configuration [Auto] EFI/OS chooses configuration","gif 10f0=2 10ef=1 and"
*,b07398139d839cf0,12,1,75d,Mode,FIR,"CIR,FIR","Set the mode for the parallel port using options","gif 10f0=2 10ef=1 and;sif 2033=0"
*,b07398139d839cf0,10,1,7a0,Base I/O Address,2F8,"2E8,2F8,3E8,3F8",,"gif 10f0=2 10ef=1 and;sif 2033=0,1"
*,b07398139d839cf0,11,1,7cf,Interrupt,IRQ3,"IRQ3,IRQ4",,"gif 10f0=2 10ef=1 and;sif 2033=0,1"
*,b07398139d839cf0,13,1,81c,DMA Channel,DMA 3,"DMA 1,DMA 2,DMA 3",,"gif 10f0=2 10ef=1 and;sif 2033=0,1 18=0 |"
*,b07398139d839cf0,14,1,870,High Speed,Normal Speed,"Normal Speed,High Speed","Set FIR to High speed mode or normal speed mode","gif 10f0=2 10ef=1 and;sif 2033=0,1 18=1 |"
Form 35 (SATA Configuration),,,,,,,,,
SATA Configuration,,,,,,,,,
>Serial ATA Port 0       ,,,,,,,,,
>Serial ATA Port 1       ,,,,,,,,,
>Serial ATA Port 2       ,,,,,,,,,
>Serial ATA Port 3       ,,,,,,,,,
>Serial ATA Port 4       ,,,,,,,,,
>Serial ATA Port 5       ,,,,,,,,,
>Serial ATA Port 6       ,,,,,,,,,
>Serial ATA Port 7       ,,,,,,,,,
Form 38 (USB Configuration),,,,,,,,,
USB Configuration,,,,,,,,,
*,b07398139d839cf0,48,1,a86,USB BIOS Support,Enabled,"Disabled,Enabled","USB keyboard/mouse/storage support under UEFI environment","gif 10f0=2 10ef=1 and;sif 10e5=0,1"
*,b07398139d839cf0,48,1,ab1,USB BIOS Support,Enabled,"Disabled,Enabled,UEFI Only","USB keyboard/mouse/storage support under UEFI and DOS environment. It will supporting UEFI environment only if set to UEFI Only","gif 10f0=2 10ef=1 and;sif 10e5=2"
*,b07398139d839cf0,194,1,aef,Usb Legacy SMI bit Clean,Disabled,"Disabled,Enabled","Clean Usb Legacy SMI bit for xHCI and EHCI","gif 10f0=2 10ef=1 and"
Form 39 (Chipset Configuration),,,,,,,,,
Chipset Configuration,,,,,,,,,
Setup Warning:,,,,,,,,,
Setting items on this screen to incorrect values,,,,,,,,,
may cause your system to malfunction!,,,,,,,,,
*,b07398139d839cf0,19a,1,b84,Platform Trust Technology,Enabled,"Enabled,Disabled","Enable/Disable Platform Trust Technology.","gif 10f0=2 10ef=1 and"
Form 40 (ACPI Table/Features Control),,,,,,,,,
ACPI Table/Features Control,,,,,,,,,
>ACPI Settings,,,,,,,,,
*,b07398139d839cf0,53,1,be2,FACP - RTC S4 Wakeup,Enabled,"Disabled,Enabled","Value only for ACPI. Enable/Disable for S4 Wakeup from RTC","gif 10f0=2 10ef=1 and"
*,b07398139d839cf0,54,1,c17,APIC - IO APIC Mode,Enabled,"Disabled,Enabled","This item is valid only for WIN2k and WINXP.Also,a fresh install of the OS must occur when APIC Mode is desired.Test the IO ACPI by setting item to Enable.The APIC Table will then be pointed to by the RSDT,the Local APIC will be initialized,and the proper enable bits will be set in ICH4M","gif 10f0=2 10ef=1 and"
Form 4102 (Debug Settings),,,,,,,,,
Debug Settings,,,,,,,,,
,670eeb73d338776d,8,1,c54,Kernel Debug Serial Port,Legacy UART,"Legacy UART,SERIALIO UART0","Select Kernel Debug Port and report in ACPI DBG2 table",""
*,670eeb73d338776d,786,1,c83,Serial Io Uart Debug Power Gating,Disabled,"Disabled,Enabled","For S0iX support with Kernel Debugger Enabled.
BIOS needs to change DBG2 Port Sub Type as value of 0x14 (0x0014 Intel LPSS)
Note: Requires OS support","sif 2a=0"
,2a9481a84954a43e,856,1,ca6,Kernel Debug Patch,Disabled,"Disabled,Enabled","Enable/Disable Kernel Debug Patch",""
*,d4d9ea7826a6cf65,1,1,cd7,Platform Debug Consent,Disabled,"Disabled,Enabled (All Probes+TraceHub),Enabled (Low Power),Manual","Enabled(All Probes+TraceHub) supports all probes with TraceHub enabled and blocks s0ix

Enabled(Low Power) Tracehub is powergated by default, s0ix is viable

Manual:user needs to configure Advanced Debug Settings manually, aimed at advanced users","gif 10ee=1"
>VT-d Debug Settings,,,,,,,,,
>Advanced Debug Settings,,,,,,,,,
Form 5470 (VT-d Debug Settings),,,,,,,,,
*,8493fc30bc249fd7,88,1,d40,IGD VTD Enable,Enabled,"Enabled,Disabled","Enable/Disable IGD VTD","gif ff5=0 1412=0 |"
*,8493fc30bc249fd7,89,1,d61,IPU VTD Enable,Enabled,"Enabled,Disabled","Enable/Disable IPU VTD","gif ff5=0 1412=0 |"
*,8493fc30bc249fd7,8a,1,d82,IOP VTD Enable,Enabled,"Enabled,Disabled","Enable/Disable IOP VTD","gif ff5=0 1412=0 |"
Form 4182 (Advanced Debug Settings),,,,,,,,,
,670eeb73d338776d,a,1,dad,USB3 Type-C UFP2DFP Kernel/Platform Debug Support,No Change,"Disabled,Enabled,No Change","This BIOS option enables kernel and platform debug for USB3 interface over a UFP Type-C receptacle, select 'No Change' will do nothing to UFP2DFP setting",""
,670eeb73d338776d,73f,1,dd5,USB DbC Enable Mode,No Change,"Disabled,USB2,USB3,Both,No Change","Disabled:Clear both USB2/3DBCEN
USB2:Set USB2DBCEN
USB3:Set USB3DBCEN
Both:Set both USB2/3DBCEN
No Change:Comply with HW value",""
*,670eeb73d338776d,73e,1,e1f,DCI Enable,Disabled,"Disabled,Enabled","Determine if to enable DCI debug from host","gif 1007=7 !;sif 1007=0"
*,670eeb73d338776d,714,1,e4a,PCH Trace Hub Enable Mode,Disabled,"Disabled,Target Debugger,Host Debugger","Select 'Host Debugger' if Trace Hub is used with host debugger tool or 'Target Debugger' if Trace Hub is used by target debugger software.
Note: If 'Host Debugger' is selected, Platform Debug Consent has to be ENABLED because DCI is one of the primary trace data output paths.","gif 1007=7 !;gif 10ed=1"
*,670eeb73d338776d,715,1,e7c,PCH TH Mem Buffer Size 0,None/OS,"None/OS,1MB,8MB,64MB,128MB,256MB,512MB","Select size of memory region 0 buffer. Choose None/OS if OS-supported memory or trace forwarding is desired
Note : Limit of total buffer size (PCH + CPU) is 512MB when iTBT disabled, 256MB when iTBT enabled","gif 1007=7 !;sif 35=0"
*,670eeb73d338776d,716,1,ec0,PCH TH Mem Buffer Size 1,None/OS,"None/OS,1MB,8MB,64MB,128MB,256MB,512MB","Select size of memory region 1 buffer. Choose None/OS if OS-supported memory or trace forwarding is desired
Note : Limit of total buffer size (PCH + CPU) is 512MB when iTBT disabled, 256MB when iTBT enabled","gif 1007=7 !;sif 35=0"
*,8493fc30bc249fd7,83,1,f06,CPU Trace Hub Enable Mode,Disabled,"Disabled,Target Debugger,Host Debugger","Select 'Host Debugger' if Trace Hub is used with host debugger tool or 'Target Debugger' if Trace Hub is used by target debugger software.
Note: If 'Host Debugger' is selected, Platform Debug Consent has to be ENABLED because DCI is one of the primary trace data output paths.","gif 1007=7 !"
*,8493fc30bc249fd7,84,1,f36,CPU TH Mem Buffer Size 0,None/OS,"None/OS,1MB,8MB,64MB,128MB,256MB,512MB","Select size of memory region 0 buffer. Choose None/OS if OS-supported memory or trace forwarding is desired
Note : Limit of total buffer size (PCH + CPU) is 512MB when iTBT disabled, 256MB when iTBT enabled","gif 1007=7 !;sif 38=0"
*,8493fc30bc249fd7,85,1,f82,CPU TH Mem Buffer Size 1,None/OS,"None/OS,1MB,8MB,64MB,128MB,256MB,512MB","Select size of memory region 1 buffer. Choose None/OS if OS-supported memory or trace forwarding is desired
Note : Limit of total buffer size (PCH + CPU) is 512MB when iTBT disabled, 256MB when iTBT enabled","gif 1007=7 !;sif 38=0;sif 10ec=1"
*,14c8006250a6403a,111,1,fd4,CPU Run Control,No Change,"Disabled,Enabled,No Change","Enable/Disable CPU Run Control Support; No Change : Comply with HW value","sif 10eb=0"
*,14c8006250a6403a,112,1,1004,CPU Run Control Lock,Enabled,"Disabled,Enabled","Enable/Disable CPU Run Control Lock","sif 10eb=0;sif 3b=2"
*,670eeb73d338776d,b,1,1031,USB Overcurrent Override for VISA,Disabled,"Disabled,Enabled","This option overrides USB Over Current enablement state that USB OC will be disabled after enabling this option. Enable when VISA pin is muxed with USB OC","gif 10ea=1"
*,14c8006250a6403a,122,1,105c,Processor trace memory allocation,Disabled,"Disabled,4KB,8KB,16KB,32KB,64KB,128KB,256KB,512KB,1MB,2MB,4MB,8MB,16MB,32MB,64MB,128MB","Disable or Select Processor trace memory region Size: from 4KB ~ 128MB","sif 10e9=0"
*,14c8006250a6403a,123,1,10fa,Processor trace,Disabled,"Disabled,Enabled","Enable/Disable processor trace feature from CPU MSR. Enabling this feature will immediately start trace collection.","sif 10e9=0 3e=255 |"
*,14c8006250a6403a,121,1,111b,Processor Trace OutPut Scheme,Single Range Output,"Single Range Output,ToPA Output","Select Single Range Output scheme or ToPA table Output scheme","sif 10e9=0 3e=255 |"
*,14c8006250a6403a,8,1,1146,JTAG C10 Power Gate,Enabled,"Disabled,Enabled","When Enabled, JTAG is power gated in C10 state. When Disabled, keeps the JTAG power up during C10 and deeper power states for debug purpose. ","gif 10e8=1"
,14c8006250a6403a,125,1,1169,Three Strike Counter,Enabled,"Disabled,Enabled","Enable/Disable Three Strike Counter",""
,2a9481a84954a43e,847,1,118a,CrashLog Feature,Enabled,"Disabled,Enabled","The feature helps collecting crash data from PMC SSRAM",""
*,2a9481a84954a43e,848,1,11b3,CrashLog On All Reset,Disabled,"Disabled,Enabled","Option to invoke CrashLog collection on all reset","sif 43=0"
*,2a9481a84954a43e,baa,1,11de,CrashLog PMC Rearm,Enabled,"Disabled,Enabled","Option to invoke crashlog re-arm","sif 43=0"
*,2a9481a84954a43e,ba9,1,11ff,CrashLog PMC Clear,Enabled,"Disabled,Enabled","Option to invoke CrashLog clear","sif 43=0"
*,2a9481a84954a43e,ba8,1,122a,CrashLog Cdie Rearm,Enabled,"Disabled,Enabled","Option to invoke crashlog re-arm","sif 43=0"
*,2a9481a84954a43e,ba7,1,124b,CrashLog Cdie Clear,Disabled,"Disabled,Enabled","Option to invoke CrashLog clear","sif 43=0"
*,14c8006250a6403a,314,1,1288,CrashLog GPRs,Disabled,"Disabled,Enabled,Gprs Enabled, Smm Gprs Disabled","Helps collecting crash data from PMC SSRAM. Enabling this may expose personal or confidential information that may be held in the GPRs at the time of the Crash trigger","sif 43=0;sif 10e7=0 10e6=1648 and"
,670eeb73d338776d,741,1,12b4,PMC Debug Message Enable,Disabled,"Disabled,Enabled","When Enabled, PMC HW will send debug messages to trace hub; When Disabled, PMC HW will never send debug meesages to trace hub. Noted: When Enabled, may not enter S0ix",""
*,d9fcf68766cfe7f7,9,1,12dd,Delayed Authentication Mode,Disabled,"Disabled,Enabled","Enable/Disable Delayed Authentication Mode","gif 1009=1"
Form 4104 (PCI Subsystem Settings),,,,,,,,,
PCI Settings,,,,,,,,,
,2a9481a84954a43e,b,1,1322,PCI ROM Priority,EFI Compatible ROM,"Legacy ROM,EFI Compatible ROM","In case of multiple Option ROMs (Legacy and EFI Compatible), specifies what PCI Option rom to launch.",""
,670eeb73d338776d,1,1,1343,External DMA Allowed On Boot,no,"no,yes","External DMA Allowed On Boot for devices such as 1394, PCMCIA, & CardBus",""
,70c0488ffb86027a,0,1,1364,Install Ext OpRom Before BIOS Setup,Disabled,"Disabled,Ext PCIE Storage OpRom,Ext PCIE Other OpRom,Ext PCIE Both Storage and Other OpRom","Install Ext OpRom for Storage or Other device before BIOS Setup, That we can get the Ext PCIE Card OpRom Setup Menu and have chance to enter into it",""
,2a9481a84954a43e,c,1,1393,PCI Latency Timer,32 PCI Bus Clocks,"32 PCI Bus Clocks,64 PCI Bus Clocks,96 PCI Bus Clocks,128 PCI Bus Clocks,160 PCI Bus Clocks,192 PCI Bus Clocks,224 PCI Bus Clocks,248 PCI Bus Clocks","Value to be programmed into PCI Latency Timer Register.",""
Form 4106 (ACPI Settings),,,,,,,,,
ACPI Settings,,,,,,,,,
,2a9481a84954a43e,d,1,1400,Enable ACPI Auto Configuration,0,"Bool=0,1,None","Enables or Disables BIOS ACPI Auto Configuration.",""
*,2a9481a84954a43e,f,1,1421,Enable Hibernation,1,"Bool=0,1,None","Enables or Disables System ability to Hibernate (OS/S4 Sleep State). This option may not be effective with some OSs.","sif 4f=1"
*,2a9481a84954a43e,13,1,1431,PTID Support,1,"Bool=0,1,None","PTID Support will be loaded if enabled.","sif 4f=1"
*,2a9481a84954a43e,1b,1,1441,PECI Access Method,Direct I/O,"Direct I/O,ACPI","PECI Access Method is Direct I/O or ACPI","sif 4f=1"
*,2a9481a84954a43e,e,1,1462,ACPI S3 Support,Disabled,"Disabled,Enabled","Enable ACPI S3 support","sif 4f=1"
*,2a9481a84954a43e,11,1,148d,Native PCIE Enable,Enabled,"Disabled,Enabled","Bit - PCIe Native * control
 0 - ~ Hot Plug
 1 - SHPC Native Hot Plug control
 2 - ~ Power Management Events
 3 - PCIe Advanced Error Reporting control
 4 - PCIe Capability Structure control
 5 - Latency Tolerance Reporting control","sif 98c=0"
*,2a9481a84954a43e,12,1,14b8,Native ASPM,Auto,"Auto,Enabled,Disabled","Enabled - OS Controlled ASPM, Disabled - BIOS Controlled ASPM","sif 54=0"
,8493fc30bc249fd7,1,1,14e2,BDAT ACPI Table Support,Disabled,"Disabled,Enabled","Enables support for the BDAT ACPI table.",""
,2a9481a84954a43e,14,1,1512,ACPI Debug,Disabled,"Disabled,Enabled","Open a memory buffer for storing debug strings. Reenter SETUP after enabling to see the buffer address. Use method ADBG to write strings to buffer.",""
*,2a9481a84954a43e,850,1,1543,Print to Serial Port,Disabled,"Disabled,Enabled","Print copy of ACPI debug logs to serial port","sif 57=0"
,2a9481a84954a43e,ac4,1,1566,D3 Setting for Storage,D3Hot,"Disabled,D3Hot,D3Cold","RTD3 support for Storage. PCIE storage PEP constraint needs to be set as D0/F1 (Intel Advanced -> ACPI Settings -> PEP PCIe Storage) when this setup is disabled/D3Hot",""
*,2a9481a84954a43e,1c,1,15ae,Low Power S0 Idle Capability,Enabled,"Disabled,Enabled","This variable determines if we enable ACPI Lower Power S0 Idle Capability (Mutually exclusive with Smart connect). While this is enabled, it also disable 8254 timer for SLP_S0 support.","sif 10e5=2 !"
*,2a9481a84954a43e,860,1,15f0,PUIS Enable,Disabled,"Enabled,Disabled","Enable/Disable Power-Up In Standby (PUIS) feature set allows devices to be powered-up into the Standby power management state to minimize inrush current at power-up and to allow the host to sequence the spin-up of devices. 
","gif 111d=1 !"
*,2a9481a84954a43e,31,1,161f,EC Notification,Enabled,"Disabled,Enabled","Sends EC notification of Low Power S0 Idle State","sif 111d=1 !"
*,2a9481a84954a43e,32,1,164c,EC CS Debug Light,Disabled,"Disabled,Enabled","When EC enters Low Power S0 Idle State, the CAPS LOCK light will be turned on","sif 111d=1 !;sif 5b=1 !"
*,2a9481a84954a43e,33,1,166d,EC Low Power Mode,Enabled,"Disabled,Enabled","This option controls whether EC will go to Low power mode during Low Power S0 Idle State","sif 111d=1 !;sif 5b=1 !"
*,2a9481a84954a43e,38,1,1690,Sensor Standby,Disabled,"Disabled,Enabled","Enable/Disable Sensor standby mode","sif 111d=1 !"
*,2a9481a84954a43e,39,1,16b1,CS PL1 Limit,Disabled,"Disabled,Enabled","Limit PL1 (Power Limit 1) while in Connected Standby","sif 111d=1 !"
*,2a9481a84954a43e,3a,2,16de,CS PL1 Value,4500,"Step=125,Min=3000,Max=20000","PL1 value is in milliwatts with 125 step value","sif 111d=1 !;sif 5e=1 !"
>PEP Constraints Configuration,,,,,,,,,
*,2a9481a84954a43e,3e,1,170c,LPIT Residency Counter,SLP S0,"C10,SLP S0,ATX Shutdown (PS_ON)","Select Residency Counter","sif 111d=1 !"
,2a9481a84954a43e,40,1,1749,SSDT table from file,Disabled,"Disabled,Enabled","SSDT table from file",""
,2a9481a84954a43e,19,1,1773,PCI Delay Optimization,Disabled,"Disabled,Enabled","Experimental ACPI additions for FW latency optimizations",""
,2a9481a84954a43e,797,1,1794,MSI enabled,Enabled,"Disabled,Enabled","When disabled, MSI support is disabled in FADT",""
Form 4394 (PEP Constraints Configuration),,,,,,,,,
PEP Constraints Configuration,,,,,,,,,
,2a9481a84954a43e,1d,1,17cf,PEP CPU,Enabled,"Disabled,Enabled","Add CPU in PEP mitigation list",""
,2a9481a84954a43e,1e,1,17f0,PEP Graphics,Enabled,"Disabled,Enabled","Add Gfx in PEP mitigation list",""
,2a9481a84954a43e,2a,1,1811,PEP IPU,Enabled,"Disabled,Enabled","Add IPU in PEP mitigation list",""
,2a9481a84954a43e,2b,1,1832,PEP GNA,Enabled,"Disabled,Enabled","Add GNA in PEP mitigation list",""
,2a9481a84954a43e,1f,1,1853,PEP SATA,Adapter D3,"No Constraint,Adapter D0/F1,Raid Volume0,Adapter D3","Add Storage device in PEP mitigation list",""
,2a9481a84954a43e,9cd,1,1882,PEP enumerated SATA ports,Disabled,"Disabled,Enabled","Add enumerated SATA ports in PEP Constraint list",""
,2a9481a84954a43e,854,1,18a3,PEP PCIe Storage,D0/F1,"No Constraint,D0/F1,D3","Add PCIe root ports (storage) in PEP mitigation list",""
,2a9481a84954a43e,a92,1,18cb,PEP PCIe LAN,D0/F1,"No Constraint,D0/F1,D3","Add PCIe root ports (LAN) in PEP mitigation list",""
,2a9481a84954a43e,a93,1,18f3,PEP PCIe WLAN,D0/F1,"No Constraint,D0/F1,D3","",""
,2a9481a84954a43e,a94,1,191b,PEP PCIe GFX,D0/F1,"No Constraint,D0/F1,D3","",""
,2a9481a84954a43e,a95,1,1943,PEP PCIe Other,No Constraint,"No Constraint,D0/F1,D3","",""
,2a9481a84954a43e,a97,1,196b,PEP PCIe DG,Enabled,"Disabled,Enabled","Add PCIe DG PEP Constraint",""
*,2a9481a84954a43e,20,1,19a6,PEP UART,Enabled,"Disabled,Enabled","Add UART in PEP mitigation list","gif d9e=0 d9f=0 and da0=0 and"
*,2a9481a84954a43e,21,1,19d1,PEP I2C0,Enabled,"Disabled,Enabled","Adds I2C in PEP mitigation list","gif d8f=0"
*,2a9481a84954a43e,22,1,19fc,PEP I2C1,Enabled,"Disabled,Enabled","Adds I2C in PEP mitigation list","gif d90=0"
*,2a9481a84954a43e,23,1,1a27,PEP I2C2,Enabled,"Disabled,Enabled","Adds I2C in PEP mitigation list","gif d91=0"
*,2a9481a84954a43e,24,1,1a52,PEP I2C3,Enabled,"Disabled,Enabled","Adds I2C in PEP mitigation list","gif d92=0"
*,2a9481a84954a43e,25,1,1a7d,PEP I2C4,Enabled,"Disabled,Enabled","Adds I2C in PEP mitigation list","gif d93=0"
*,2a9481a84954a43e,26,1,1aa8,PEP I2C5,Enabled,"Disabled,Enabled","Adds I2C in PEP mitigation list","gif d94=0"
*,2a9481a84954a43e,b0a,1,1ad3,PEP I2C6,Enabled,"Disabled,Enabled","Adds I2C in PEP mitigation list","gif d95=0"
*,2a9481a84954a43e,b27,1,1afe,PEP I2C7,Enabled,"Disabled,Enabled","Adds I2C in PEP mitigation list","gif d96=0"
*,2a9481a84954a43e,27,1,1b3b,PEP SPI,Enabled,"Disabled,Enabled","Add SPI in PEP mitigation list","gif d97=0 d98=0 and d99=0 and"
,2a9481a84954a43e,28,1,1b5e,PEP XHCI,Enabled,"Disabled,Enabled","Add XHCI in PEP mitigation list",""
*,2a9481a84954a43e,29,1,1b87,PEP Audio,D0/F1,"No Constraint,D0/F1,D3","Add Audio in PEP mitigation list","gif d34=0"
,2a9481a84954a43e,2c,1,1bb1,PEP CSME,Enabled,"Disabled,Enabled","Add CSME in PEP mitigation list",""
,2a9481a84954a43e,9ce,1,1bd2,PEP HECI3,Enabled,"Disabled,Enabled","Add HECI3 in PEP mitigation list",""
,2a9481a84954a43e,2d,1,1bf3,PEP LAN(GBE),Enabled,"Disabled,Enabled","Add LAN(GBE) in PEP mitigation list",""
,2a9481a84954a43e,2e,1,1c14,PEP THC0,Enabled,"Disabled,Enabled","Add THC in PEP mitigation list. Applies only if THCx has assigned port",""
,2a9481a84954a43e,2f,1,1c35,PEP THC1,Enabled,"Disabled,Enabled","Add THC in PEP mitigation list. Applies only if THCx has assigned port",""
,2a9481a84954a43e,ad1,1,1c56,PEP UFS0,Enabled,"Disabled,Enabled","Add UFS0 IPs in PEP mitigation list",""
,2a9481a84954a43e,ad2,1,1c77,PEP UFS1,Enabled,"Disabled,Enabled","Add UFS1 IPs in PEP mitigation list",""
,2a9481a84954a43e,30,1,1c98,PEP TCSS,Enabled,"Disabled,Enabled","Add TCSS IPs in PEP mitigation list",""
*,2a9481a84954a43e,98f,1,1cc1,PEP VMD,Enabled,"Disabled,Enabled","Add VMD in PEP mitigation list","gif 7d6=0"
*,2a9481a84954a43e,b40,1,1cec,PEP EMMC,Enabled,"Disabled,Enabled","Add EMMC in PEP mitigation list","sif 10e3=0"
Form 4109 (CPU Configuration),,,,,,,,,
CPU Configuration,,,,,,,,,
>Efficient-core Information,,,,,,,,,
>Performance-core Information,,,,,,,,,
*,14c8006250a6403a,114,1,1dd1,C6DRAM,Enabled,"Disabled,Enabled","Enable/Disable moving of DRAM contents to PRM memory when CPU is in C6 state","sif 10e2=0"
,14c8006250a6403a,3,1,1dfa,CPU Flex Ratio Override,Disabled,"Disabled,Enabled","Enable/Disable CPU Flex Ratio Programming",""
*,14c8006250a6403a,1,1,1e38,CPU Flex Ratio Settings,20,"Step=0,Min=0,Max=63","This value must be between Max Efficiency Ratio (LFM) and Maximum non-turbo ratio set by Hardware (HFM).","gif 89=0"
,14c8006250a6403a,bf,1,1e53,Hardware Prefetcher,Enabled,"Disabled,Enabled","To turn on/off the MLC streamer prefetcher.",""
,14c8006250a6403a,c0,1,1e74,Adjacent Cache Line Prefetch,Enabled,"Disabled,Enabled","To turn on/off prefetching of adjacent cache lines.",""
*,14c8006250a6403a,b9,1,1e9d,Intel (VMX) Virtualization Technology,Enabled,"Disabled,Enabled","When enabled, a VMM can utilize the additional hardware capabilities provided by Vanderpool Technology.","sif 10e0=0"
,14c8006250a6403a,4,1,1ec0,PECI,Enabled,"Disabled,Enabled","Enable/Disable PECI",""
,14c8006250a6403a,2dc,1,1ee1,AVX,Enabled,"Enabled,Disabled","Enable/Disable the Avx 2 Instructions. This is applicable for Performance-core only",""
*,14c8006250a6403a,6,1,1f1a,Active Performance-cores,All,"All,7,6,5,4,3,2,1","Number of P-cores to enable in each processor package. Note: Number of Cores and E-cores are looked at together. When both are {0,0}, Pcode will enable all cores.","gif 1549=1;sif 10cb=0;gif 1575=1"
*,14c8006250a6403a,22f,1,1fe2,Active Efficient-cores,All,"All,15,14,13,12,11,10,9,8,7,6,5,4,3,2,1,0","Number of E-cores to enable in each processor package. Note: Number of Cores and E-cores are looked at together. When both are {0,0}, Pcode will enable all cores.","gif 1549=1;sif 108f=0;gif 1575=1"
*,14c8006250a6403a,5,1,2163,Hyper-Threading,Enabled,"Disabled,Enabled","Enable or Disable Hyper-Threading Technology.","sif 10db=0;gif 1549=1"
,14c8006250a6403a,7,1,2188,BIST,Disabled,"Disabled,Enabled","Enable/Disable BIST (Built-In Self Test) on reset",""
,14c8006250a6403a,120,1,21a9,AP threads Idle Manner,MWAIT Loop,"HALT Loop,MWAIT Loop,RUN Loop","AP threads Idle Manner for waiting signal to run",""
,14c8006250a6403a,ba,1,21d1,AES,Enabled,"Disabled,Enabled","Enable/Disable AES (Advanced Encryption Standard)",""
,14c8006250a6403a,bb,1,21f2,MachineCheck,Enabled,"Disabled,Enabled","Enable/Disable Machine Check",""
,14c8006250a6403a,bc,1,2213,MonitorMWait,Enabled,"Disabled,Enabled","Enable/Disable MonitorMWait, if Disable MonitorMwait, the AP threads Idle Manner should not set in MWAIT Loop",""
*,14c8006250a6403a,c1,1,2256,Intel Trusted Execution Technology,Disabled,"Disabled,Enabled","Enables utilization of additional hardware capabilities provided by Intel (R) Trusted Execution Technology.

Changes require a full power cycle to take effect.","sif 10df=0;gif 1419=0 1412=0 | 1010=1 |"
*,14c8006250a6403a,c4,1,228b,Alias Check Request,Disabled,"Disabled,Enabled","Enables Txt Alias Checking capability

Changes require full Txt capability before it will take effect.

 It is a one time only change, next reboot will be reset.","sif 10df=0;gif 1549=0"
*,14c8006250a6403a,bd,2,22fc,DPR Memory Size (MB),4,"Step=1,Min=0,Max=255","Reserve DPR memory size (0-255) MB","sif 10df=0;gif 10de=1 10dd=0 10dc=0 and | 1419=0 | 1412=0 | 1549=0 | 8e=255 8f=255 and ! |"
*,14c8006250a6403a,c3,1,2371,Reset AUX Content,no,"yes,no","Reset TPM Aux content. Txt may not functional after AUX content gets reset.","sif 10df=0;gif 10de=1 10dd=0 10dc=0 and | 1419=0 | 1412=0 | 1549=1 | 8e=0 ! | 1417=0 10db=1 and |"
>CPU SMM Enhancement,,,,,,,,,
*,14c8006250a6403a,126,1,23b7,FCLK Frequency for Early Power On,Auto,"Normal (800Mhz),1GHz,400MHz,Auto","FCLK frequency can take values of 400MHz, 800MHz  and 1GHz (1GHz not supported for ULT/ULX SKUs)","sif 10da=0"
*,14c8006250a6403a,229,1,23f0,Total Memory Encryption,Disabled,"Disabled,Enabled","Configure Total Memory Encryption (TME) to protect DRAM data from physical attacks.","sif 10d9=0"
Form 5460 (Efficient-core Information),,,,,,,,,
Efficient-core Information,,,,,,,,,
Form 5461 (Performance-core Information),,,,,,,,,
Performance-core Information,,,,,,,,,
Form 5124 (BIOS Guard),,,,,,,,,
BIOS Guard,,,,,,,,,
,14c8006250a6403a,110,1,24a1,Enable Tools Interface,Enabled,"Disabled,Enabled","Configure Tools Interface. Options are: DISABLE - Disable Tools Interface; ENABLE - Enable Tools Interface.",""
Form 4368 (CPU SMM Enhancement),,,,,,,,,
CPU SMM Enhancement,,,,,,,,,
*,14c8006250a6403a,22a,1,24ec,SMM MSR Save State Enable,Disabled,"Disabled,Enabled","Enable/Disable support for MSR Save State","sif 10d8=0;sif 10d7=0"
*,14c8006250a6403a,22b,1,2517,SMM Use Delay Indication,Enabled,"Disabled,Enabled","Enable/Disable usage of SMM_DELAYED MSR for MP sync in SMI","sif 10d8=0;sif 10d6=0"
*,14c8006250a6403a,22c,1,253a,SMM Use Block Indication,Enabled,"Disabled,Enabled","Enable/Disable usage of SMM_BLOCKED MSR for MP sync in SMI","sif 10d8=0"
*,14c8006250a6403a,22d,1,2563,SMM Use SMM en-US Indication,Enabled,"Disabled,Enabled","Enable/Disable usage of SMM_ENABLE MSR for MP sync in SMI","sif 10d8=0;sif 10d5=0"
Form 4110 (Power & Performance),,,,,,,,,
Power & Performance,,,,,,,,,
>CPU - Power Management Control,,,,,,,,,
>GT - Power Management Control,,,,,,,,,
,14c8006250a6403a,20c,1,25c0,Intel(R) Speed Shift Technology Interrupt Control,Enabled,"Disabled,Enabled","Enable/Disable Intel(R) Speed Shift Technology Interrupts",""
Form 4111 (CPU - Power Management Control),,,,,,,,,
CPU - Power Management Control,,,,,,,,,
,14c8006250a6403a,13,1,26b8,Boot performance mode,Turbo Performance,"Max Battery,Max Non-Turbo Performance,Turbo Performance","Select the performance state that the BIOS will set starting from reset vector.",""
*,14c8006250a6403a,9,1,26f8,Intel(R) SpeedStep(tm),Enabled,"Disabled,Enabled","Allows more than two frequency ranges to be supported.","sif 10d4=0"
,14c8006250a6403a,a,1,271b,Race To Halt (RTH),Enabled,"Disabled,Enabled","Enable/Disable Race To Halt feature. RTH will dynamically increase CPU frequency in order to enter pkg C-State faster to reduce overall power. (RTH is controlled through MSR 1FC bit 20)",""
,14c8006250a6403a,b,1,273c,Intel(R) Speed Shift Technology,Enabled,"Disabled,Enabled","Enable/Disable Intel(R) Speed Shift Technology support. Enabling will expose the CPPC v2 interface to allow for hardware controlled P-states.",""
*,14c8006250a6403a,c,1,276f,Intel(R) Turbo Boost Max Technology 3.0,Enabled,"Disabled,Enabled","Enable/Disable Intel(R) Turbo Boost Max Technology 3.0 support. Disabling will report the maximum ratio of the slowest core in _CPC object.","sif 10d2=0 10d3=0 |"
,14c8006250a6403a,e,1,2792,Per Core P State OS control mode,Enabled,"Disabled,Enabled","Enable/Disable Per Core P state OS control mode. Disabling will set Bit 31 = 1 command 0x06. When set, the highest core request is used for all other core requests.",""
*,14c8006250a6403a,f,1,27bb,HwP Autonomous Per Core P State,Enabled,"Disabled,Enabled","Disable Autonomous PCPS (Bit 30 = 1, command 0x11) Autonomous will request the same value for all cores all the time. Enable PCPS (default Bit 30 = 0, command 0x11)","sif 10d2=0"
*,14c8006250a6403a,10,1,27dc,HwP Autonomous EPP Grouping,Enabled,"Disabled,Enabled","Enable EPP grouping (default Bit 29 =0, command 0x11) Autonomous will request the same values for all cores with same EPP. Disable EPP grouping (Bit 29 =1 , command 0x11) autonomous will not necessarily request same values for all cores with same EPP.","sif 10d2=0"
*,14c8006250a6403a,11,1,27fd,EPB override over PECI,Disabled,"Disabled,Enabled","Enable/Disable EPB override over PECI. Enable by sending pcode command 0x2b , subcommand 0x3 to 1. This will allow OOB EPB PECI override control","sif 10d2=0"
*,14c8006250a6403a,12,1,2826,HwP Fast MSR Support,Disabled,"Disabled,Enabled","Enable/Disable HwP Fast MSR Support for IA32_HWP_REQUEST MSR.","sif 10d2=0;sif 10d1=0"
*,14c8006250a6403a,228,1,2849,HwP Lock,Enabled,"Disabled,Enabled","Enable/Disable HWP Lock support in Misc Power Management MSR.","sif 10d2=0"
,14c8006250a6403a,4a,1,286c,HDC Control,Enabled,"Disabled,Enabled","This option allows HDC configuration.
 Disabled: Disable HDC
 Enabled:  Can be enabled by OS if OS native support is available.",""
*,14c8006250a6403a,16,1,28a7,Turbo Mode,Enabled,"Disabled,Enabled","Enable/Disable processor Turbo Mode (requires EMTTM enabled too). AUTO means enabled.","sif 140a=0 1408=0 and 10d0=0 |"
>  View/Configure Turbo Options,,,,,,,,,
>  Config TDP Configurations,,,,,,,,,
>CPU VR Settings,,,,,,,,,
,14c8006250a6403a,31,1,2901,Platform PL1 Enable,Disabled,"Disabled,Enabled","Enable/Disable Platform Power Limit 1 programming. If this option is enabled, it activates the PL1 value to be used by the processor to limit the average power of given time window.",""
*,14c8006250a6403a,32,4,292a,Platform PL1 Power,0,"Step=125,Min=0,Max=4095875","Platform Power Limit 1 Power in Milli Watts/Percent. BIOS will round to the nearest 1/8W when programming. Any value can be programmed between Max and Min Power Limits (specified by PACKAGE_POWER_SKU_MSR). For example, if 12.50W, enter 12500, if 12%, enter 12000, if 50%, enter 50000. This setting will act as the new PL1 value for the Package RAPL algorithm.","sif ad=0"
*,14c8006250a6403a,36,1,294f,Platform PL1 Time Window,0,"0,1,2,3,4,5,6,7,8,10,12,14,16,20,24,28,32,40,48,56,64,80,96,112,128","Platform Power Limit 1 Time Window value in seconds. The value may vary from 0 to 128. 0 = default values. Indicates the time window over which Platform Processor Base Power (TDP) value should be maintained.","sif ad=0"
,14c8006250a6403a,37,1,2a13,Platform PL2 Enable,Disabled,"Disabled,Enabled","Enable/Disable Platform Power Limit 2 programming. If this option is disabled, BIOS will program the default values for Platform Power Limit 2.",""
*,14c8006250a6403a,38,4,2a3c,Platform PL2 Power,0,"Step=125,Min=0,Max=4095875","Platform Power Limit 2 Power in Milli Watts / Milli Percent. BIOS will round to the nearest 1/8W or 1/8% when programming. Any value can be programmed between Max and Min Power Limits (specified by PACKAGE_POWER_SKU_MSR) or PMAX value in %. For example if 12%, enter 12000, if 50%, enter 50000. If the value is '0', will default to PACKAGE_POWER_SKU_MSR if Psys is in Watts. Recommended value is 97000 if Psys is in %. This setting will act as the new PL2 value for the Package RAPL algorithm.","sif b0=0"
,14c8006250a6403a,2a,1,2a63,Power Limit 4 Override,Enabled,"Disabled,Enabled","Enable/Disable Power Limit 4 override. If this option is disabled, BIOS will leave the default values for Power Limit 4.",""
*,14c8006250a6403a,2b,4,2a92,Power Limit 4,0,"Step=125,Min=0,Max=4095875","Power Limit 4 in Milli Watts. BIOS will round to the nearest 1/8W when programming. For 12.50W, enter 12500. If the value is 0, BIOS leaves default value","sif b2=0"
*,14c8006250a6403a,2f,1,2ac1,Power Limit 4 Lock,Disabled,"Disabled,Enabled","Power Limit 4 MSR 601h Lock. When enabled PL4 configurations are locked during OS. When disabled PL4 configuration can be changed during OS.","sif b2=0"
*,14c8006250a6403a,14,1,2aec,C states,Enabled,"Disabled,Enabled","Enable/Disable CPU Power Management. Allows CPU to go to C states when it's not 100% utilized.","sif 10ce=0"
*,14c8006250a6403a,15,1,2b2f,Enhanced C-states,Enabled,"Disabled,Enabled","Enable/Disable C1E. When enabled, CPU will switch to minimum speed when all cores enter C-State.","sif 10ce=0 1406=0 | 10cf=0 |"
*,14c8006250a6403a,3e,1,2b64,C-State Auto Demotion,C1,"Disabled,C1","Configure C-State Auto Demotion","sif 10ce=0 1406=0 |"
*,14c8006250a6403a,3f,1,2b85,C-State Un-demotion,C1,"Disabled,C1","Configure C-State Un-demotion","sif 10ce=0 1406=0 |"
*,14c8006250a6403a,40,1,2ba6,Package C-State Demotion,Enabled,"Disabled,Enabled","  Package C-State Demotion","sif 10ce=0 1406=0 |"
*,14c8006250a6403a,41,1,2bc7,Package C-State Un-demotion,Enabled,"Disabled,Enabled","  Package C-State Un-demotion","sif 10ce=0 1406=0 |"
*,14c8006250a6403a,3d,1,2be8,CState Pre-Wake,Enabled,"Disabled,Enabled","Disable - Sets bit 30 of POWER_CTL MSR(0x1FC) to 1 to disable the Cstate Pre-Wake","sif 10ce=0 1406=0 |"
*,14c8006250a6403a,48,1,2c09,IO MWAIT Redirection,Disabled,"Disabled,Enabled","When set, will map IO_read instructions sent to IO registers PMG_IO_BASE_ADDRBASE+offset to MWAIT(offset)","sif 10ce=0 1406=0 |"
*,14c8006250a6403a,4b,1,2c30,Package C State Limit,Auto,"C0/C1,C2,C3,C6,C7,C7S,C8,C9,C10,Cpu Default,Auto","Maximum Package C State Limit Setting. Cpu Default: Leaves to Factory default value.Auto: Initializes to deepest available Package C State Limit.","sif 10ce=0 1406=0 |"
C6/C7 Short Latency Control(MSR 0x60B),,,,,,,,,
*,14c8006250a6403a,4c,1,2c9f,Time Unit,1024 ns,"1 ns,32 ns,1024 ns,32768 ns,1048576 ns,33554432 ns","Unit of measurement for IRTL value - bits [12:10]","sif 10ce=0 1406=0 |"
*,14c8006250a6403a,51,2,2cdc,Latency,0,"Step=1,Min=0,Max=1023","Interrupt Response Time Limit value- bits [9:0], Enter 0-1023","sif 10ce=0 1406=0 |"
C6/C7 Long Latency Control(MSR 0x60C),,,,,,,,,
*,14c8006250a6403a,4d,1,2d02,Time Unit,1024 ns,"1 ns,32 ns,1024 ns,32768 ns,1048576 ns,33554432 ns","Unit of measurement for IRTL value - bits [12:10]","sif 10ce=0 1406=0 |"
*,14c8006250a6403a,53,2,2d3f,Latency,0,"Step=1,Min=0,Max=1023","Interrupt Response Time Limit value- bits [9:0], Enter 0-1023","sif 10ce=0 1406=0 |"
C8 Latency Control(MSR 0x633),,,,,,,,,
*,14c8006250a6403a,4e,1,2d71,Time Unit,1024 ns,"1 ns,32 ns,1024 ns,32768 ns,1048576 ns,33554432 ns","Unit of measurement for IRTL value - bits [12:10]","sif 10ce=0 1406=0 |;sif 1017=2 !"
*,14c8006250a6403a,55,2,2dae,Latency,0,"Step=1,Min=0,Max=1023","Interrupt Response Time Limit value- bits [9:0], Enter 0-1023","sif 10ce=0 1406=0 |;sif 1017=2 !"
C9 Latency Control(MSR 0x634),,,,,,,,,
*,14c8006250a6403a,4f,1,2dd4,Time Unit,1024 ns,"1 ns,32 ns,1024 ns,32768 ns,1048576 ns,33554432 ns","Unit of measurement for IRTL value - bits [12:10]","sif 10ce=0 1406=0 |;sif 1017=2 !"
*,14c8006250a6403a,57,2,2e11,Latency,0,"Step=1,Min=0,Max=1023","Interrupt Response Time Limit value- bits [9:0], Enter 0-1023","sif 10ce=0 1406=0 |;sif 1017=2 !"
C10 Latency Control(MSR 0x635),,,,,,,,,
*,14c8006250a6403a,50,1,2e37,Time Unit,1024 ns,"1 ns,32 ns,1024 ns,32768 ns,1048576 ns,33554432 ns","Unit of measurement for IRTL value - bits [12:10]","sif 10ce=0 1406=0 |;sif 1017=2 !"
*,14c8006250a6403a,59,2,2e74,Latency,0,"Step=1,Min=0,Max=1023","Interrupt Response Time Limit value- bits [9:0], Enter 0-1023","sif 10ce=0 1406=0 |;sif 1017=2 !"
,14c8006250a6403a,42,1,2e95,Thermal Monitor,Enabled,"Disabled,Enabled","Enable/Disable Thermal Monitor",""
,14c8006250a6403a,49,1,2eb6,Interrupt Redirection Mode Selection,Fixed Priority,"Fixed Priority,Round robin,Hash Vector,No Change","Interrupt Redirection Mode Select for Logical Interrupts ",""
*,14c8006250a6403a,47,1,2eed,Timed MWAIT,Disabled,"Disabled,Enabled","Enable/Disable Timed MWAIT Support","sif 10cd=0"
>Custom P-state Table,,,,,,,,,
*,14c8006250a6403a,c7,1,2f47,EC Turbo Control Mode,Disabled,"Disabled,Enabled","Enable/Disable EC Turbo Control mode","sif ff3=1 ! ff3=6 ! and ff3=5 ! and 1579=0 |"
*,14c8006250a6403a,c8,1,2f72,AC Brick Capacity,90W AC Brick,"90W AC Brick,65W AC Brick,75W AC Brick","Specify the AC Brick capacity","sif cb=0"
*,14c8006250a6403a,c9,1,2f9a,EC Polling Period,1,"Step=1,Min=1,Max=255","Count 1 to 255 for a range of 10ms to 2.55 seconds (1 count = 10ms)","sif cb=0"
*,14c8006250a6403a,ca,1,2fb3,EC Guard Band Value,0,"Step=1,Min=0,Max=20","Count 1 to 20 for a range of 1 watt to 20 watts","sif cb=0"
*,14c8006250a6403a,cb,1,2fcc,EC Algorithm Selection,1,"Step=1,Min=1,Max=10","Count 1 to 10 for Algorithm Selection","sif cb=0"
,8493fc30bc249fd7,75,1,2fe7,Energy Performance Gain,Disabled,"Disabled,Enabled","Enable/disable Energy Performance Gain.",""
*,8493fc30bc249fd7,76,2,3010,EPG DIMM Idd3N,26,"Step=1,Min=0,Max=2000","Active standby current (Idd3N) in milliamps from datasheet. Must be calculated on a per DIMM basis.","gif d0=0"
*,8493fc30bc249fd7,78,2,302d,EPG DIMM Idd3P,11,"Step=1,Min=0,Max=2000","Active power-down current (Idd3P) in milliamps from datasheet. Must be calculated on a per DIMM basis.","gif d0=0"
>Power Limit 3 Settings,,,,,,,,,
>CPU Lock Configuration,,,,,,,,,
*,14c8006250a6403a,2ad,1,307e,Dual Tau Boost,Disabled,"Disabled,Enabled","Enable Dual Tau Boost feature. This is only applicable for Desktop 35W/65W/125W sku. When DPTF is enabled this feature is ignored.","sif ff3=2 !;gif ef0=1"
Form 4112 (Custom P-state Table),,,,,,,,,
Custom P-state Table,,,,,,,,,
,14c8006250a6403a,80,1,30bd,Number of P states,0,"Step=0,Min=0,Max=40","Sets the number of custom P-states. At least 2 states must be present.",""
*,14c8006250a6403a,81,1,30e3,Max P-State Ratio,0,"Step=0,Min=0,Max=127","Maximum P-state ratio to use in the custom P-state table.","sif d6 2 <"
*,14c8006250a6403a,82,1,30fc,P-State Ratio,0,"Step=0,Min=0,Max=127","P-state ratio for the given state in the custom P-state table.","sif d6 2 <"
*,14c8006250a6403a,83,1,3124,P-State Ratio,0,"Step=0,Min=0,Max=127","P-state ratio for the given state in the custom P-state table.","sif d6 3 <"
*,14c8006250a6403a,84,1,314c,P-State Ratio,0,"Step=0,Min=0,Max=127","P-state ratio for the given state in the custom P-state table.","sif d6 4 <"
*,14c8006250a6403a,85,1,3174,P-State Ratio,0,"Step=0,Min=0,Max=127","P-state ratio for the given state in the custom P-state table.","sif d6 5 <"
*,14c8006250a6403a,86,1,319c,P-State Ratio,0,"Step=0,Min=0,Max=127","P-state ratio for the given state in the custom P-state table.","sif d6 6 <"
*,14c8006250a6403a,87,1,31c4,P-State Ratio,0,"Step=0,Min=0,Max=127","P-state ratio for the given state in the custom P-state table.","sif d6 7 <"
*,14c8006250a6403a,88,1,31ec,P-State Ratio,0,"Step=0,Min=0,Max=127","P-state ratio for the given state in the custom P-state table.","sif d6 8 <"
*,14c8006250a6403a,89,1,3214,P-State Ratio,0,"Step=0,Min=0,Max=127","P-state ratio for the given state in the custom P-state table.","sif d6 9 <"
*,14c8006250a6403a,8a,1,323c,P-State Ratio,0,"Step=0,Min=0,Max=127","P-state ratio for the given state in the custom P-state table.","sif d6 10 <"
*,14c8006250a6403a,8b,1,3264,P-State Ratio,0,"Step=0,Min=0,Max=127","P-state ratio for the given state in the custom P-state table.","sif d6 11 <"
*,14c8006250a6403a,8c,1,328c,P-State Ratio,0,"Step=0,Min=0,Max=127","P-state ratio for the given state in the custom P-state table.","sif d6 12 <"
*,14c8006250a6403a,8d,1,32b4,P-State Ratio,0,"Step=0,Min=0,Max=127","P-state ratio for the given state in the custom P-state table.","sif d6 13 <"
*,14c8006250a6403a,8e,1,32dc,P-State Ratio,0,"Step=0,Min=0,Max=127","P-state ratio for the given state in the custom P-state table.","sif d6 14 <"
*,14c8006250a6403a,8f,1,3304,P-State Ratio,0,"Step=0,Min=0,Max=127","P-state ratio for the given state in the custom P-state table.","sif d6 15 <"
*,14c8006250a6403a,90,1,332c,P-State Ratio,0,"Step=0,Min=0,Max=127","P-state ratio for the given state in the custom P-state table.","sif d6 16 <"
*,14c8006250a6403a,91,1,3354,P-State Ratio,0,"Step=0,Min=0,Max=127","P-state ratio for the given state in the custom P-state table.","sif d6 17 <"
*,14c8006250a6403a,92,1,337c,P-State Ratio,0,"Step=0,Min=0,Max=127","P-state ratio for the given state in the custom P-state table.","sif d6 18 <"
*,14c8006250a6403a,93,1,33a4,P-State Ratio,0,"Step=0,Min=0,Max=127","P-state ratio for the given state in the custom P-state table.","sif d6 19 <"
*,14c8006250a6403a,94,1,33cc,P-State Ratio,0,"Step=0,Min=0,Max=127","P-state ratio for the given state in the custom P-state table.","sif d6 20 <"
*,14c8006250a6403a,95,1,33f4,P-State Ratio,0,"Step=0,Min=0,Max=127","P-state ratio for the given state in the custom P-state table.","sif d6 21 <"
*,14c8006250a6403a,96,1,341c,P-State Ratio,0,"Step=0,Min=0,Max=127","P-state ratio for the given state in the custom P-state table.","sif d6 22 <"
*,14c8006250a6403a,97,1,3444,P-State Ratio,0,"Step=0,Min=0,Max=127","P-state ratio for the given state in the custom P-state table.","sif d6 23 <"
*,14c8006250a6403a,98,1,346c,P-State Ratio,0,"Step=0,Min=0,Max=127","P-state ratio for the given state in the custom P-state table.","sif d6 24 <"
*,14c8006250a6403a,99,1,3494,P-State Ratio,0,"Step=0,Min=0,Max=127","P-state ratio for the given state in the custom P-state table.","sif d6 25 <"
*,14c8006250a6403a,9a,1,34bc,P-State Ratio,0,"Step=0,Min=0,Max=127","P-state ratio for the given state in the custom P-state table.","sif d6 26 <"
*,14c8006250a6403a,9b,1,34e4,P-State Ratio,0,"Step=0,Min=0,Max=127","P-state ratio for the given state in the custom P-state table.","sif d6 27 <"
*,14c8006250a6403a,9c,1,350c,P-State Ratio,0,"Step=0,Min=0,Max=127","P-state ratio for the given state in the custom P-state table.","sif d6 28 <"
*,14c8006250a6403a,9d,1,3534,P-State Ratio,0,"Step=0,Min=0,Max=127","P-state ratio for the given state in the custom P-state table.","sif d6 29 <"
*,14c8006250a6403a,9e,1,355c,P-State Ratio,0,"Step=0,Min=0,Max=127","P-state ratio for the given state in the custom P-state table.","sif d6 30 <"
*,14c8006250a6403a,9f,1,3584,P-State Ratio,0,"Step=0,Min=0,Max=127","P-state ratio for the given state in the custom P-state table.","sif d6 31 <"
*,14c8006250a6403a,a0,1,35ac,P-State Ratio,0,"Step=0,Min=0,Max=127","P-state ratio for the given state in the custom P-state table.","sif d6 32 <"
*,14c8006250a6403a,a1,1,35d4,P-State Ratio,0,"Step=0,Min=0,Max=127","P-state ratio for the given state in the custom P-state table.","sif d6 33 <"
*,14c8006250a6403a,a2,1,35fc,P-State Ratio,0,"Step=0,Min=0,Max=127","P-state ratio for the given state in the custom P-state table.","sif d6 34 <"
*,14c8006250a6403a,a3,1,3624,P-State Ratio,0,"Step=0,Min=0,Max=127","P-state ratio for the given state in the custom P-state table.","sif d6 35 <"
*,14c8006250a6403a,a4,1,364c,P-State Ratio,0,"Step=0,Min=0,Max=127","P-state ratio for the given state in the custom P-state table.","sif d6 36 <"
*,14c8006250a6403a,a5,1,3674,P-State Ratio,0,"Step=0,Min=0,Max=127","P-state ratio for the given state in the custom P-state table.","sif d6 37 <"
*,14c8006250a6403a,a6,1,369c,P-State Ratio,0,"Step=0,Min=0,Max=127","P-state ratio for the given state in the custom P-state table.","sif d6 38 <"
*,14c8006250a6403a,a7,1,36c4,P-State Ratio,0,"Step=0,Min=0,Max=127","P-state ratio for the given state in the custom P-state table.","sif d6 39 <"
*,14c8006250a6403a,a8,1,36ec,P-State Ratio,0,"Step=0,Min=0,Max=127","P-state ratio for the given state in the custom P-state table.","sif d6 40 <"
Max 16 custom P-state Table,,,,,,,,,
*,14c8006250a6403a,a9,1,372f,Max P-State Ratio (Max 16 table),0,"Step=0,Min=0,Max=127","P-state ratio for the given state in the Max 16 P-state table. Used if OS only supports 16 P-states","sif d6 17 <"
*,14c8006250a6403a,aa,1,3748,P-State Ratio (Max 16 table),0,"Step=0,Min=0,Max=127","P-state ratio for the given state in the Max 16 P-state table. Used if OS only supports 16 P-states","sif d6 17 <"
*,14c8006250a6403a,ab,1,3761,P-State Ratio (Max 16 table),0,"Step=0,Min=0,Max=127","P-state ratio for the given state in the Max 16 P-state table. Used if OS only supports 16 P-states","sif d6 17 <"
*,14c8006250a6403a,ac,1,377a,P-State Ratio (Max 16 table),0,"Step=0,Min=0,Max=127","P-state ratio for the given state in the Max 16 P-state table. Used if OS only supports 16 P-states","sif d6 17 <"
*,14c8006250a6403a,ad,1,3793,P-State Ratio (Max 16 table),0,"Step=0,Min=0,Max=127","P-state ratio for the given state in the Max 16 P-state table. Used if OS only supports 16 P-states","sif d6 17 <"
*,14c8006250a6403a,ae,1,37ac,P-State Ratio (Max 16 table),0,"Step=0,Min=0,Max=127","P-state ratio for the given state in the Max 16 P-state table. Used if OS only supports 16 P-states","sif d6 17 <"
*,14c8006250a6403a,af,1,37c5,P-State Ratio (Max 16 table),0,"Step=0,Min=0,Max=127","P-state ratio for the given state in the Max 16 P-state table. Used if OS only supports 16 P-states","sif d6 17 <"
*,14c8006250a6403a,b0,1,37de,P-State Ratio (Max 16 table),0,"Step=0,Min=0,Max=127","P-state ratio for the given state in the Max 16 P-state table. Used if OS only supports 16 P-states","sif d6 17 <"
*,14c8006250a6403a,b1,1,37f7,P-State Ratio (Max 16 table),0,"Step=0,Min=0,Max=127","P-state ratio for the given state in the Max 16 P-state table. Used if OS only supports 16 P-states","sif d6 17 <"
*,14c8006250a6403a,b2,1,3810,P-State Ratio (Max 16 table),0,"Step=0,Min=0,Max=127","P-state ratio for the given state in the Max 16 P-state table. Used if OS only supports 16 P-states","sif d6 17 <"
*,14c8006250a6403a,b3,1,3829,P-State Ratio (Max 16 table),0,"Step=0,Min=0,Max=127","P-state ratio for the given state in the Max 16 P-state table. Used if OS only supports 16 P-states","sif d6 17 <"
*,14c8006250a6403a,b4,1,3842,P-State Ratio (Max 16 table),0,"Step=0,Min=0,Max=127","P-state ratio for the given state in the Max 16 P-state table. Used if OS only supports 16 P-states","sif d6 17 <"
*,14c8006250a6403a,b5,1,385b,P-State Ratio (Max 16 table),0,"Step=0,Min=0,Max=127","P-state ratio for the given state in the Max 16 P-state table. Used if OS only supports 16 P-states","sif d6 17 <"
*,14c8006250a6403a,b6,1,3874,P-State Ratio (Max 16 table),0,"Step=0,Min=0,Max=127","P-state ratio for the given state in the Max 16 P-state table. Used if OS only supports 16 P-states","sif d6 17 <"
*,14c8006250a6403a,b7,1,388d,P-State Ratio (Max 16 table),0,"Step=0,Min=0,Max=127","P-state ratio for the given state in the Max 16 P-state table. Used if OS only supports 16 P-states","sif d6 17 <"
*,14c8006250a6403a,b8,1,38a6,Min P-State Ratio (Max 16 table),0,"Step=0,Min=0,Max=127","P-state ratio for the given state in the Max 16 P-state table. Used if OS only supports 16 P-states","sif d6 17 <"
Form 4117 (Turbo Ratio Limit Options),,,,,,,,,
Current Turbo Ratio Limit Settings,,,,,,,,,
*,14c8006250a6403a,e6,1,3a56,P-core Turbo Ratio Limit Numcore0,0,"Step=1,Min=0,Max=255","Performance-core Turbo Ratio Limit Numcore0 defines the core range, the turbo ratio is defined in Turbo Ratio Limit Ratio0. If value is zero, this entry is ignored.","sif 10cc=0 140a=0 | 1579=0 |;sif 8e=0 8f=0 ! and 10cb=0 |"
*,14c8006250a6403a,e7,1,3a6f,P-core Turbo Ratio Limit Numcore1,0,"Step=1,Min=0,Max=255","Performance-core Turbo Ratio Limit Numcore1 defines the core range, the turbo ratio is defined in Turbo Ratio Limit Ratio1. If value is zero, this entry is ignored.","sif 10cc=0 140a=0 | 1579=0 |;sif 8e=0 8f=0 ! and 10cb=0 |"
*,14c8006250a6403a,e8,1,3a88,P-core Turbo Ratio Limit Numcore2,0,"Step=1,Min=0,Max=255","Performance-core Turbo Ratio Limit Numcore2 defines the core range, the turbo ratio is defined in Turbo Ratio Limit Ratio2. If value is zero, this entry is ignored.","sif 10cc=0 140a=0 | 1579=0 |;sif 8e=0 8f=0 ! and 10cb=0 |"
*,14c8006250a6403a,e9,1,3aa1,P-core Turbo Ratio Limit Numcore3,0,"Step=1,Min=0,Max=255","Performance-core Turbo Ratio Limit Numcore3 defines the core range, the turbo ratio is defined in Turbo Ratio Limit Ratio3. If value is zero, this entry is ignored.","sif 10cc=0 140a=0 | 1579=0 |;sif 8e=0 8f=0 ! and 10cb=0 |"
*,14c8006250a6403a,ea,1,3aba,P-core Turbo Ratio Limit Numcore4,0,"Step=1,Min=0,Max=255","Performance-core Turbo Ratio Limit Numcore4 defines the core range, the turbo ratio is defined in Turbo Ratio Limit Ratio4. If value is zero, this entry is ignored.","sif 10cc=0 140a=0 | 1579=0 |;sif 8e=0 8f=0 ! and 10cb=0 |"
*,14c8006250a6403a,eb,1,3ad3,P-core Turbo Ratio Limit Numcore5,0,"Step=1,Min=0,Max=255","Performance-core Turbo Ratio Limit Numcore5 defines the core range, the turbo ratio is defined in Turbo Ratio Limit Ratio5. If value is zero, this entry is ignored.","sif 10cc=0 140a=0 | 1579=0 |;sif 8e=0 8f=0 ! and 10cb=0 |"
*,14c8006250a6403a,ec,1,3aec,P-core Turbo Ratio Limit Numcore6,0,"Step=1,Min=0,Max=255","Performance-core Turbo Ratio Limit Numcore6 defines the core range, the turbo ratio is defined in Turbo Ratio Limit Ratio6. If value is zero, this entry is ignored.","sif 10cc=0 140a=0 | 1579=0 |;sif 8e=0 8f=0 ! and 10cb=0 |"
*,14c8006250a6403a,ed,1,3b05,P-core Turbo Ratio Limit Numcore7,0,"Step=1,Min=0,Max=255","Performance-core Turbo Ratio Limit Numcore7 defines the core range, the turbo ratio is defined in Turbo Ratio Limit Ratio7. If value is zero, this entry is ignored.","sif 10cc=0 140a=0 | 1579=0 |;sif 8e=0 8f=0 ! and 10cb=0 |"
*,14c8006250a6403a,d6,1,3b1e,P-core Turbo Ratio Limit Ratio0,0,"Step=1,Min=0,Max=120","Performance-core Turbo Ratio Limit Ratio0 defines the turbo ratio (max is 85 in normal mode and 120 in core extension mode), the core range is defined in Turbo Ratio Limit Numcore0.","sif 10cc=0 140a=0 | 1579=0 |;sif 8e=0 8f=0 ! and 10cb=0 |"
*,14c8006250a6403a,d7,1,3b37,P-core Turbo Ratio Limit Ratio1,0,"Step=1,Min=0,Max=120","Performance-core Turbo Ratio Limit Ratio1 defines the turbo ratio (max is 85 in normal mode and 120 in core extension mode), the core range is defined in Turbo Ratio Limit Numcore1.","sif 10cc=0 140a=0 | 1579=0 |;sif 8e=0 8f=0 ! and 10cb=0 |"
*,14c8006250a6403a,d8,1,3b50,P-core Turbo Ratio Limit Ratio2,0,"Step=1,Min=0,Max=120","Performance-core Turbo Ratio Limit Ratio2 defines the turbo ratio (max is 85 in normal mode and 120 in core extension mode), the core range is defined in Turbo Ratio Limit Numcore2.","sif 10cc=0 140a=0 | 1579=0 |;sif 8e=0 8f=0 ! and 10cb=0 |"
*,14c8006250a6403a,d9,1,3b69,P-core Turbo Ratio Limit Ratio3,0,"Step=1,Min=0,Max=120","Performance-core Turbo Ratio Limit Ratio3 defines the turbo ratio (max is 85 in normal mode and 120 in core extension mode), the core range is defined in Turbo Ratio Limit Numcore3.","sif 10cc=0 140a=0 | 1579=0 |;sif 8e=0 8f=0 ! and 10cb=0 |"
*,14c8006250a6403a,da,1,3b82,P-core Turbo Ratio Limit Ratio4,0,"Step=1,Min=0,Max=120","Performance-core Turbo Ratio Limit Ratio4 defines the turbo ratio (max is 85 in normal mode and 120 in core extension mode), the core range is defined in Turbo Ratio Limit Numcore4.","sif 10cc=0 140a=0 | 1579=0 |;sif 8e=0 8f=0 ! and 10cb=0 |"
*,14c8006250a6403a,db,1,3b9b,P-core Turbo Ratio Limit Ratio5,0,"Step=1,Min=0,Max=120","Performance-core Turbo Ratio Limit Ratio5 defines the turbo ratio (max is 85 in normal mode and 120 in core extension mode), the core range is defined in Turbo Ratio Limit Numcore5.","sif 10cc=0 140a=0 | 1579=0 |;sif 8e=0 8f=0 ! and 10cb=0 |"
*,14c8006250a6403a,dc,1,3bb4,P-core Turbo Ratio Limit Ratio6,0,"Step=1,Min=0,Max=120","Performance-core Turbo Ratio Limit Ratio6 defines the turbo ratio (max is 85 in normal mode and 120 in core extension mode), the core range is defined in Turbo Ratio Limit Numcore6.","sif 10cc=0 140a=0 | 1579=0 |;sif 8e=0 8f=0 ! and 10cb=0 |"
*,14c8006250a6403a,dd,1,3bcd,P-core Turbo Ratio Limit Ratio7,0,"Step=1,Min=0,Max=120","Performance-core Turbo Ratio Limit Ratio7 defines the turbo ratio (max is 85 in normal mode and 120 in core extension mode), the core range is defined in Turbo Ratio Limit Numcore7.","sif 10cc=0 140a=0 | 1579=0 |;sif 8e=0 8f=0 ! and 10cb=0 |"
*,14c8006250a6403a,106,1,3c04,E-core Turbo Ratio Limit Numcore0,0,"Step=1,Min=0,Max=255","Efficient-core Turbo Ratio Limit Numcore0 defines the core range, the turbo ratio is defined in E-core Turbo Ratio Limit Ratio0. If value is zero, this entry is ignored.","sif 10cc=0 140a=0 | 1579=0 |;sif 8f=0 8e=0 ! and 108f=0 |"
*,14c8006250a6403a,107,1,3c1d,E-core Turbo Ratio Limit Numcore1,0,"Step=1,Min=0,Max=255","Efficient-core Turbo Ratio Limit Numcore1 defines the core range, the turbo ratio is defined in E-core Turbo Ratio Limit Ratio1. If value is zero, this entry is ignored.","sif 10cc=0 140a=0 | 1579=0 |;sif 8f=0 8e=0 ! and 108f=0 |"
*,14c8006250a6403a,108,1,3c36,E-core Turbo Ratio Limit Numcore2,0,"Step=1,Min=0,Max=255","Efficient-core Turbo Ratio Limit Numcore2 defines the core range, the turbo ratio is defined in E-core Turbo Ratio Limit Ratio2. If value is zero, this entry is ignored.","sif 10cc=0 140a=0 | 1579=0 |;sif 8f=0 8e=0 ! and 108f=0 |"
*,14c8006250a6403a,109,1,3c4f,E-core Turbo Ratio Limit Numcore3,0,"Step=1,Min=0,Max=255","Efficient-core Turbo Ratio Limit Numcore3 defines the core range, the turbo ratio is defined in E-core Turbo Ratio Limit Ratio3. If value is zero, this entry is ignored.","sif 10cc=0 140a=0 | 1579=0 |;sif 8f=0 8e=0 ! and 108f=0 |"
*,14c8006250a6403a,10a,1,3c68,E-core Turbo Ratio Limit Numcore4,0,"Step=1,Min=0,Max=255","Efficient-core Turbo Ratio Limit Numcore4 defines the core range, the turbo ratio is defined in E-core Turbo Ratio Limit Ratio4. If value is zero, this entry is ignored.","sif 10cc=0 140a=0 | 1579=0 |;sif 8f=0 8e=0 ! and 108f=0 |"
*,14c8006250a6403a,10b,1,3c81,E-core Turbo Ratio Limit Numcore5,0,"Step=1,Min=0,Max=255","Efficient-core Turbo Ratio Limit Numcore5 defines the core range, the turbo ratio is defined in E-core Turbo Ratio Limit Ratio5. If value is zero, this entry is ignored.","sif 10cc=0 140a=0 | 1579=0 |;sif 8f=0 8e=0 ! and 108f=0 |"
*,14c8006250a6403a,10c,1,3c9a,E-core Turbo Ratio Limit Numcore6,0,"Step=1,Min=0,Max=255","Efficient-core Turbo Ratio Limit Numcore6 defines the core range, the turbo ratio is defined in E-core Turbo Ratio Limit Ratio6. If value is zero, this entry is ignored.","sif 10cc=0 140a=0 | 1579=0 |;sif 8f=0 8e=0 ! and 108f=0 |"
*,14c8006250a6403a,10d,1,3cb3,E-core Turbo Ratio Limit Numcore7,0,"Step=1,Min=0,Max=255","Efficient-core Turbo Ratio Limit Numcore7 defines the core range, the turbo ratio is defined in E-core Turbo Ratio Limit Ratio7. If value is zero, this entry is ignored.","sif 10cc=0 140a=0 | 1579=0 |;sif 8f=0 8e=0 ! and 108f=0 |"
*,14c8006250a6403a,f6,1,3ccc,E-core Turbo Ratio Limit Ratio0,0,"Step=1,Min=0,Max=85","Efficient-core Turbo Ratio Limit Ratio0 defines the turbo ratio (max is 85 irrespective of the core extension mode), the core range is defined in E-core Turbo Ratio Limit Numcore0.","sif 10cc=0 140a=0 | 1579=0 |;sif 8f=0 8e=0 ! and 108f=0 |"
*,14c8006250a6403a,f7,1,3ce5,E-core Turbo Ratio Limit Ratio1,0,"Step=1,Min=0,Max=85","Efficient-core Turbo Ratio Limit Ratio1 defines the turbo ratio (max is 85 irrespective of the core extension mode), the core range is defined in E-core Turbo Ratio Limit Numcore1.","sif 10cc=0 140a=0 | 1579=0 |;sif 8f=0 8e=0 ! and 108f=0 |"
*,14c8006250a6403a,f8,1,3cfe,E-core Turbo Ratio Limit Ratio2,0,"Step=1,Min=0,Max=85","Efficient-core Turbo Ratio Limit Ratio2 defines the turbo ratio (max is 85 irrespective of the core extension mode), the core range is defined in E-core Turbo Ratio Limit Numcore2.","sif 10cc=0 140a=0 | 1579=0 |;sif 8f=0 8e=0 ! and 108f=0 |"
*,14c8006250a6403a,f9,1,3d17,E-core Turbo Ratio Limit Ratio3,0,"Step=1,Min=0,Max=85","Efficient-core Turbo Ratio Limit Ratio3 defines the turbo ratio (max is 85 irrespective of the core extension mode), the core range is defined in E-core Turbo Ratio Limit Numcore3.","sif 10cc=0 140a=0 | 1579=0 |;sif 8f=0 8e=0 ! and 108f=0 |"
*,14c8006250a6403a,fa,1,3d30,E-core Turbo Ratio Limit Ratio4,0,"Step=1,Min=0,Max=85","Efficient-core Turbo Ratio Limit Ratio4 defines the turbo ratio (max is 85 irrespective of the core extension mode), the core range is defined in E-core Turbo Ratio Limit Numcore4.","sif 10cc=0 140a=0 | 1579=0 |;sif 8f=0 8e=0 ! and 108f=0 |"
*,14c8006250a6403a,fb,1,3d49,E-core Turbo Ratio Limit Ratio5,0,"Step=1,Min=0,Max=85","Efficient-core Turbo Ratio Limit Ratio5 defines the turbo ratio (max is 85 irrespective of the core extension mode), the core range is defined in E-core Turbo Ratio Limit Numcore5.","sif 10cc=0 140a=0 | 1579=0 |;sif 8f=0 8e=0 ! and 108f=0 |"
*,14c8006250a6403a,fc,1,3d62,E-core Turbo Ratio Limit Ratio6,0,"Step=1,Min=0,Max=85","Efficient-core Turbo Ratio Limit Ratio6 defines the turbo ratio (max is 85 irrespective of the core extension mode), the core range is defined in E-core Turbo Ratio Limit Numcore6.","sif 10cc=0 140a=0 | 1579=0 |;sif 8f=0 8e=0 ! and 108f=0 |"
*,14c8006250a6403a,fd,1,3d7b,E-core Turbo Ratio Limit Ratio7,0,"Step=1,Min=0,Max=85","Efficient-core Turbo Ratio Limit Ratio7 defines the turbo ratio (max is 85 irrespective of the core extension mode), the core range is defined in E-core Turbo Ratio Limit Numcore7.","sif 10cc=0 140a=0 | 1579=0 |;sif 8f=0 8e=0 ! and 108f=0 |"
Form 4113 (  View/Configure Turbo Options),,,,,,,,,
Current Turbo Settings,,,,,,,,,
>Turbo Ratio Limit Options,,,,,,,,,
*,14c8006250a6403a,3c,1,3e04,Energy Efficient P-state,Enabled,"Disabled,Enabled","Enable/Disable Energy Efficient P-state feature. When set to 0, will disable access to ENERGY_PERFORMANCE_BIAS MSR and CPUID Function 6 ECX[3] will read 0 indicating no support for Energy Efficient policy setting. When set to 1 will enable access to ENERGY_PERFORMANCE_BIAS MSR 1B0h and CPUID Function 6 ECX[3] will read 1 indicating Energy Efficient policy setting is supported.","sif 140a=0 ff3=4 |"
*,14c8006250a6403a,30,1,3e2f,Package Power Limit MSR Lock,Disabled,"Disabled,Enabled","Enable/Disable locking of Package Power Limit settings. When enabled, PACKAGE_POWER_LIMIT MSR will be locked and a reset will be required to unlock the register.","sif 140a=0"
*,14c8006250a6403a,1b,1,3e5a,Power Limit 1 Override,Disabled,"Disabled,Enabled","Enable/Disable Power Limit 1 override. If this option is disabled, BIOS will program the default values for Power Limit 1 and Power Limit 1 Time Window.","sif 10ca=1"
*,14c8006250a6403a,17,4,3e95,Power Limit 1,0,"Step=125,Min=0,Max=4095875","Power Limit 1 in Milli Watts. BIOS will round to the nearest 1/8W when programming. 0 = no custom override. For 12.50W, enter 12500. Overclocking SKU: Value must be between Max and Min Power Limits (specified by PACKAGE_POWER_SKU_MSR). Other SKUs: This value must be between Min Power Limit and Processor Base Power (TDP) Limit. If value is 0, BIOS will program Processor Base Power (TDP) value.","sif 10ca=1 112=0 |"
*,14c8006250a6403a,1c,1,3ece,Power Limit 1 Time Window,0,"0,1,2,3,4,5,6,7,8,10,12,14,16,20,24,28,32,40,48,56,64,80,96,112,128","Power Limit 1 Time Window value in seconds. The value may vary from 0 to 128. 0 = default value (28 sec for Mobile and 8 sec for Desktop). Defines time window which Processor Base Power (TDP) value should be maintained.","sif 10ca=1 112=0 |"
*,14c8006250a6403a,1d,1,3fa0,Power Limit 2 Override,Enabled,"Disabled,Enabled","Enable/Disable Power Limit 2 override. If this option is disabled, BIOS will program the default values for Power Limit 2.","sif 10ca=1"
*,14c8006250a6403a,1e,4,3fd5,Power Limit 2,0,"Step=125,Min=0,Max=4095875","Power Limit 2 value in Milli Watts. BIOS will round to the nearest 1/8W when programming. If the value is 0, BIOS will program this value as 1.25*Processor Base Power (TDP). For 12.50W, enter 12500. Processor applies control policies such that the package power does not exceed this limit.","sif 10ca=1 115=0 |"
,14c8006250a6403a,1d5,1,3ffc,Energy Efficient Turbo,Enabled,"Disabled,Enabled","Enable/Disable Energy Efficient Turbo Feature. This feature will opportunistically lower the turbo frequency to increase efficiency. Recommended only to disable in overclocking situations where turbo frequency must remain constant. Otherwise, leave enabled.",""
Form 5047 (CPU VR Settings),,,,,,,,,
CPU VR Settings,,,,,,,,,
,14c8006250a6403a,127,1,403f,PSYS Slope,0,"Step=1,Min=0,Max=200","PSYS Slope defined in 1/100 increments. Range is 0-200. For a 1.25 slope, enter 125. 0 = AUTO. Uses BIOS VR mailbox command 0x9.",""
,14c8006250a6403a,128,2,4058,PSYS Offset,0,"Step=1,Min=0,Max=63999","PSYS Offset defined in 1/1000 increments. Range is 0-63999. For an offset of 25.348, enter 25348. PSYS Uses BIOS VR mailbox command 0x4.",""
,14c8006250a6403a,12a,1,4075,PSYS Prefix,+,"+,-","Sets the offset value as positive or negative.",""
,14c8006250a6403a,12b,2,4096,PSYS PMax Power,0,"Step=1,Min=0,Max=8191","Psys Pmax power, defined in 1/8 Watt or 1/8 Percent increments. For Watts, range is 0-8191 (ex. For 125W, enter 1000). For ATX12VO Percent, Range is 0-1600 (ex. For recommended value of 200%, enter 1600). Uses BIOS VR mailbox command 0xB.",""
,14c8006250a6403a,207,1,40b3,Min Voltage Override,Disabled,"Disabled,Enabled","Min Voltage Override. Enable to override minimum voltage for runtime and for C8.",""
*,14c8006250a6403a,208,2,40dc,Min Voltage Runtime,0,"Step=1,Min=0,Max=1999","Min Voltage for Runtime. Range is 0 - 1999mV in 1/128 volt increments. Input is in mVolts.","sif 11c=0"
*,14c8006250a6403a,20a,2,40f9,Min Voltage C8,0,"Step=1,Min=0,Max=1999","Min Voltage for Package C8. Range is 0 - 1999mV in 1/128 volt increments. Input is in mVolts.","sif 11c=0"
,14c8006250a6403a,2e8,2,4118,VccIn Aux Icc Max,0,"Step=1,Min=0,Max=512","Sets the Max Icc VccIn Aux value defined in 1/4A increments. Range is 0-512. For an IccMax 32A, enter 128(32*4).",""
,14c8006250a6403a,2ea,2,4135,VccIn Aux IMON Slope,100,"Step=1,Min=0,Max=200","VccIN Aux IMON Slope defined in 1/100 increments. Range is 0-200. For a 1.25 slope, enter 125. 0 = AUTO. Uses BIOS VR mailbox command 0x18.",""
,14c8006250a6403a,2ec,2,4152,VccIN Aux IMON Offset,0,"Step=1,Min=0,Max=63999","VccIN Aux IMON Offset defined in 1/1000 increments. Range is 0-63999. For an offset of 25.348, enter 25348. IMON Uses BIOS VR mailbox command 0x18.",""
,14c8006250a6403a,2ee,1,416f,VccIN Aux IMON Prefix,+,"+,-","Sets the offset value as positive or negative.",""
,14c8006250a6403a,2ef,1,4190,Vsys/Psys Critical,Disabled,"Disabled,Psys Critical,Vsys Critical","Vsys/Psys Critical Enable or disable",""
*,14c8006250a6403a,38d,4,41ca,Vsys/Psys Full Scale,200000,"Step=1,Min=0,Max=255000","Input Vsys or Psys Full-Scale and Critical Threshold to program Vsys/Psys Critical (0x4A) register. Critical Limit Trigger = (Critical Threshold/Full-Scale) * 0xFF. Input for Vsys is in Milli-Volts. For Psys either in Milli-Watts or Milli-Percent. For ATX12VO systems, recommended value is 200000. ","sif 123=0 123=2 |"
*,14c8006250a6403a,391,4,41ef,Vsys/Psys Critical Threshold,130000,"Step=1,Min=0,Max=255000","Input Vsys or Psys Full-Scale and Critical Threshold to program Vsys/Psys Critical (0x4A) register. Critical Limit Trigger = (Critical Threshold/Full-Scale) * 0xFF. Input for Vsys is in Milli-Volts. For Psys either in Milli-Watts or Milli-Percent. For ATX12VO systems, recommended value is 120000. ","sif 123=0 123=2 |"
*,14c8006250a6403a,385,4,4228,Vsys/Psys Full Scale,24000,"Step=1,Min=0,Max=255000","Input Vsys or Psys Full-Scale and Critical Threshold to program Vsys/Psys Critical (0x4A) register. Critical Limit Trigger = (Critical Threshold/Full-Scale) * 0xFF. Input for Vsys is in Milli-Volts. For Psys either in Milli-Watts or Milli-Percent. For ATX12VO systems, recommended value is 200000. ","sif 123=0 123=1 |"
*,14c8006250a6403a,389,4,424d,Vsys/Psys Critical Threshold,6000,"Step=1,Min=0,Max=255000","Input Vsys or Psys Full-Scale and Critical Threshold to program Vsys/Psys Critical (0x4A) register. Critical Limit Trigger = (Critical Threshold/Full-Scale) * 0xFF. Input for Vsys is in Milli-Volts. For Psys either in Milli-Watts or Milli-Percent. For ATX12VO systems, recommended value is 120000. ","sif 123=0 123=1 |"
,14c8006250a6403a,2f2,1,4274,Assertion Deglitch Mantissa,1,"Step=1,Min=0,Max=255","Assertion Deglitch Mantissa 0x4F[7-3]. Assertion Deglitch = 2µs * Mantissa * 2^(Exponent) ",""
,14c8006250a6403a,2f3,1,428d,Assertion Deglitch Exponent,0,"Step=1,Min=0,Max=255","Assertion Deglitch Exponent 0x4F[3-0]. Assertion Deglitch = 2µs * Mantissa * 2^(Exponent)",""
,14c8006250a6403a,2f4,1,42a6,De assertion Deglitch Mantissa,13,"Step=1,Min=0,Max=255","De Assertion Deglitch Mantissa 0x49[7-3]. Assertion Deglitch = 2µs * Mantissa * 2^(Exponent) ",""
,14c8006250a6403a,2f5,1,42bf,De assertion Deglitch Exponent,2,"Step=1,Min=0,Max=255","De Assertion Deglitch Exponent 0x49[3-0]. Assertion Deglitch = 2µs * Mantissa * 2^(Exponent) ",""
,14c8006250a6403a,313,1,42d8,VR Power Delivery Design,AUTO,"AUTO,ADL S 881 35W,ADL S 881 65W,ADL S 881 125W,ADL S 841 35W,ADL S 841 65W,ADL S 841 125W,ADL S 641 35W,ADL S 641 65W,ADL S 641 125W,ADL S 681 35W,ADL S 801 35W,ADL S 801 65W,ADL S 401 35W,ADL S 401 65W,ADL S 601 35W,ADL S 601 65W,ADL S 201 35W,ADL S 201 46W,ADL S 201 65W,ADL S 401 58W,ADL S 401 60W,ADL S 401 63W,ADL S BGA 881 65W,ADL S BGA 841 65W,ADL S BGA 441 65W,ADL S BGA 601 65W,ADL S BGA 681 65W,ADL S BGA 401 65W,ADL S Mobile BGA 881 55W,ADL S Mobile BGA 681 55W,ADL S Mobile BGA 481 55W,ADL S Mobile BGA 441 55W,ADL P 282 15W,ADL P 482 28W,ADL P 682 28W,ADL P 682 45W,ADL P 142 15W,ADL P 242 15W,ADL P 482 45W,ADL P 442 45W,ADL P 442 28W,ADL P 282 28W,ADL P 242 28W,ADL P 142 28W,ADL P 242 45W,ADL P 182 28W,ADL P 662 28W,ADL P 642 28W,ADL P 642 45W,RPL P 282 15W,RPL P 482 28W,RPL H 482 45W,RPL P 682 28W,RPL H 682 45W,RPL H 442 45W,RPL P 142 15W,RPL P 242 15W,RPL P 442 28W,RPL P 282 28W,RPL P 642 28W,RPL H 642 45W,RPL PX 282 15W,RPL PX 482 28W,RPL PX 482 45W,RPL PX 682 28W,","Specifies the ADL Desktop board design used for the VR settings override values. By default, BIOS will override the default Desktop VR settings based on the board design. A value of AUTO(0) will use the board ID to determine the board design. Any other value will override the board id logic to provide a custom VR Power Delivery Design value. This is intended primarily for validation.",""
>Acoustic Noise Settings,,,,,,,,,
>Core/IA VR Settings,,,,,,,,,
>GT VR Settings,,,,,,,,,
>SA VR Settings,,,,,,,,,
>RFI Settings,,,,,,,,,
Form 5050 (Acoustic Noise Settings),,,,,,,,,
Acoustic Noise Settings,,,,,,,,,
,14c8006250a6403a,1fc,1,460c,Acoustic Noise Mitigation,Enabled,"Disabled,Enabled","Enabling this option will help mitigate acoustic noise on certain SKUs when the CPU is in deeper C state",""
*,14c8006250a6403a,2d9,1,4635,Pre Wake Time,0,"Step=1,Min=0,Max=255","Set the maximum Pre Wake randomization time in micro ticks. Range is 0-255. This is for acoustic noise mitigation Dynamic Perodicity Alteration (DPA) tuning.","gif 131=0"
*,14c8006250a6403a,2da,1,464e,Ramp Up Time,0,"Step=1,Min=0,Max=255","Set the maximum Ramp Up randomization time in micro ticks. Range is 0-255. This is for acoustic noise mitigation Dynamic Perodicity Alteration (DPA) tuning.","gif 131=0"
*,14c8006250a6403a,2db,1,4667,Ramp Down Time,0,"Step=1,Min=0,Max=255","Set the maximum Ramp Down randomization time in micro ticks. Range is 0-255. This is for acoustic noise mitigation Dynamic Perodicity Alteration (DPA) tuning.","gif 131=0"
IA VR Domain,,,,,,,,,
*,14c8006250a6403a,1fd,1,4692,Disable Fast PKG C State Ramp for IA Domain,TRUE,"FALSE,TRUE","This option needs to be configured to reduce acoustic noise during deeper C states. False: Don't disable Fast ramp during deeper C states; True: Disable Fast ramp during deeper C state","gif 131=0"
*,14c8006250a6403a,202,1,46b3,Slow Slew Rate for IA Domain,Fast/8,"Fast/2,Fast/4,Fast/8,Fast/16","Set VR IA Slow Slew Rate for Deep Package C State ramp time; Slow slew rate equals to Fast divided by number, the number is 2, 4, 8, 16 to slow down the slew rate to help minimize acoustic noise","gif 131=0"
GT VR Domain,,,,,,,,,
*,14c8006250a6403a,1fe,1,46f4,Disable Fast PKG C State Ramp for GT Domain,TRUE,"FALSE,TRUE","This option needs to be configured to reduce acoustic noise during deeper C states. False: Don't disable Fast ramp during deeper C states; True: Disable Fast ramp during deeper C state","gif 131=0"
*,14c8006250a6403a,203,1,4715,Slow Slew Rate for GT Domain,Fast/8,"Fast/2,Fast/4,Fast/8","Set VR GT Slow Slew Rate for Deep Package C State ramp time; Slow slew rate equals to Fast divided by number, the number is 2, 4, 8 to slow down the slew rate to help minimize acoustic noise; divide by 16 is disabled","gif 131=0"
SA VR Domain,,,,,,,,,
*,14c8006250a6403a,1ff,1,4757,Disable Fast PKG C State Ramp for SA Domain,FALSE,"FALSE,TRUE","This option needs to be configured to reduce acoustic noise during deeper C states. False: Don't disable Fast ramp during deeper C states; True: Disable Fast ramp during deeper C state","gif 131=0;sif 10c1=0"
Form 5049 (Core/IA VR Settings),,,,,,,,,
Core/IA VR Domain,,,,,,,,,
,14c8006250a6403a,12d,1,4796,VR Config Enable,Enabled,"Disabled,Enabled","VR Config Enable",""
*,14c8006250a6403a,132,2,480f,AC Loadline,0,"Step=0,Min=0,Max=62500","AC Loadline defined in 1/100 mOhms. A value of 100 = 1.00 mOhm, and 1255 = 12.55 mOhm. Range is 0-6249 (0-62.49 mOhms). 0 = AUTO/HW default. Uses BIOS mailbox command 0x2.","sif 13a=0"
*,14c8006250a6403a,13c,2,482c,DC Loadline,0,"Step=0,Min=0,Max=62500","DC Loadline defined in 1/100 mOhms. A value of 100 = 1.00 mOhm, and 1255 = 12.55 mOhm. Range is 0-6249 (0-62.49 mOhms). 0 = AUTO/HW default. Uses BIOS mailbox command 0x2.","sif 13a=0"
*,14c8006250a6403a,146,2,4849,PS Current Threshold1,80,"Step=1,Min=0,Max=512","PS Current Threshold1, defined in 1/4 A increments. A value of 400 = 100A. Range 0-512, which translates to 0-128A. 0 = AUTO. Uses BIOS VR mailbox command 0x3.","sif 13a=0"
*,14c8006250a6403a,150,2,4866,PS Current Threshold2,20,"Step=1,Min=0,Max=512","PS Current Threshold2, defined in 1/4 A increments. A value of 400 = 100A. Range 0-512, which translates to 0-128A. 0 = AUTO. Uses BIOS VR mailbox command 0x3.","sif 13a=0"
*,14c8006250a6403a,15a,2,4883,PS Current Threshold3,4,"Step=1,Min=0,Max=512","PS Current Threshold3, defined in 1/4 A increments. A value of 400 = 100A. Range 0-512, which translates to 0-128A. 0 = AUTO. Uses BIOS VR mailbox command 0x3.","sif 13a=0"
*,14c8006250a6403a,164,1,48a0,PS3 Enable,Enabled,"Disabled,Enabled","PS3 Enable/Disable. 0 - Disabled, 1 - Enabled.Uses BIOS VR mailbox command 0x3.","sif 13a=0"
*,14c8006250a6403a,169,1,48c1,PS4 Enable,Enabled,"Disabled,Enabled","PS4 Enable/Disable. 0 - Disabled, 1 - Enabled. Uses BIOS VR mailbox command 0x3","sif 13a=0"
*,14c8006250a6403a,16e,2,48e2,IMON Slope,0,"Step=1,Min=0,Max=200","IMON Slope defined in 1/100 increments. Range is 0-200. For a 1.25 slope, enter 125. 0 = AUTO. Uses BIOS VR mailbox command 0x4.","sif 13a=0"
*,14c8006250a6403a,178,2,48ff,IMON Offset,0,"Step=1,Min=0,Max=63999","IMON Offset defined in 1/1000 increments. Range is 0-63999. For an offset of 25.348, enter 25348. IMON Uses BIOS VR mailbox command 0x4.","sif 13a=0"
*,14c8006250a6403a,182,1,491c,IMON Prefix,+,"+,-","Sets the offset value as positive or negative.","sif 13a=0"
*,14c8006250a6403a,187,2,4945,VR Current Limit,0,"Step=1,Min=0,Max=2048","Voltage Regulator Current Limit (IccMax). This value represents the Maximum instantaneous current allowed at any given time. The value is represented in 1/4 A increments. A value of 400 = 100A. 0 means AUTO. Uses BIOS VR mailbox command 0x6.","sif 13a=0;gif 1574=1"
*,14c8006250a6403a,379,1,496c,Core VR Fast Vmode,Disabled,"Disabled,Enabled","Core VR Fast Vmode. Use to control Core Fast Vmode Enable/Disable. The value will only be effective by enabling the corresponding CEP..","sif 13a=0;sif 10a0=0"
*,14c8006250a6403a,32a,2,4995,Fast Vmode Itrip ICC Limit,0,"Step=1,Min=0,Max=2040","Voltage Regulator Fast Vmode Itrip ICC Limit. A value of 400 = 100A. A value of 0 corresponds to feature disabled (no reactive protection). This value represents the current threshold where the VR would initiate reactive protection if Fast Vmode is enabled. The value is represented in 1/4 A increments. Uses BIOS VR mailbox command 0x25.","sif 13a=0;sif 10a0=0;sif 10c3=0"
*,14c8006250a6403a,1be,2,49b6,VR Voltage Limit,0,"Step=1,Min=0,Max=7999","Voltage Limit (VMAX). This value represents the Maximum instantaneous voltage allowed at any given time. Range is 0 - 7999mV. Uses BIOS VR mailbox command 0x8.","sif 13a=0"
*,14c8006250a6403a,19b,1,49d3,TDC Enable,Enabled,"Disabled,Enabled","TDC Enable. 0- Disable, 1 - Enable","sif 13a=0"
*,14c8006250a6403a,191,2,49fc,TDC Current Limit,512,"Step=125,Min=0,Max=32767","TDC Current Limit, defined in 1/8A increments. Range 0-32767. For a TDC Current Limit of 125A, enter 1000. 0 = 0 Amps. Uses BIOS VR mailbox command 0x1A.","sif 13a=0;sif 147=0"
*,14c8006250a6403a,1a0,4,4a19,TDC Time Window,1 sec,"1 sec,2 sec,3 sec,4 sec,5 sec,6 sec,7 sec,8 sec,10 sec,12 sec,14 sec,16 sec,20 sec,24 sec,28 sec,32 sec,40 sec,48 sec,56 sec,64 sec,80 sec,96 sec,112 sec,128 sec,160 sec,192 sec,224 sec,256 sec,320 sec,384 sec,448 sec","VR TDC Time Window, value in seconds. 1s is default. Range from 1s to 448s.","sif 13a=0;sif 147=0"
*,14c8006250a6403a,1b4,1,4b6b,TDC Lock,Disabled,"Disabled,Enabled","TDC Lock","sif 13a=0;sif 147=0"
*,14c8006250a6403a,1b9,1,4b8e,IRMS,Disabled,"Disabled,Enabled","Enable/Disable IRMS - Current root mean square","sif 13a=0"
Form 5052 (GT VR Settings),,,,,,,,,
GT Domain,,,,,,,,,
,14c8006250a6403a,12e,1,4bcb,VR Config Enable,Enabled,"Disabled,Enabled","VR Config Enable",""
*,14c8006250a6403a,134,2,4c44,AC Loadline,0,"Step=0,Min=0,Max=62500","AC Loadline defined in 1/100 mOhms. A value of 100 = 1.00 mOhm, and 1255 = 12.55 mOhm. Range is 0-6249 (0-62.49 mOhms). 0 = AUTO/HW default. Uses BIOS mailbox command 0x2.","sif 14c=0"
*,14c8006250a6403a,13e,2,4c61,DC Loadline,0,"Step=0,Min=0,Max=62500","DC Loadline defined in 1/100 mOhms. A value of 100 = 1.00 mOhm, and 1255 = 12.55 mOhm. Range is 0-6249 (0-62.49 mOhms). 0 = AUTO/HW default. Uses BIOS mailbox command 0x2.","sif 14c=0"
*,14c8006250a6403a,148,2,4c7e,PS Current Threshold1,80,"Step=1,Min=0,Max=512","PS Current Threshold1, defined in 1/4 A increments. A value of 400 = 100A. Range 0-512, which translates to 0-128A. 0 = AUTO. Uses BIOS VR mailbox command 0x3.","sif 14c=0"
*,14c8006250a6403a,152,2,4c9b,PS Current Threshold2,20,"Step=1,Min=0,Max=512","PS Current Threshold2, defined in 1/4 A increments. A value of 400 = 100A. Range 0-512, which translates to 0-128A. 0 = AUTO. Uses BIOS VR mailbox command 0x3.","sif 14c=0"
*,14c8006250a6403a,15c,2,4cb8,PS Current Threshold3,4,"Step=1,Min=0,Max=512","PS Current Threshold3, defined in 1/4 A increments. A value of 400 = 100A. Range 0-512, which translates to 0-128A. 0 = AUTO. Uses BIOS VR mailbox command 0x3.","sif 14c=0"
*,14c8006250a6403a,165,1,4cd5,PS3 Enable,Enabled,"Disabled,Enabled","PS3 Enable/Disable. 0 - Disabled, 1 - Enabled.Uses BIOS VR mailbox command 0x3.","sif 14c=0"
*,14c8006250a6403a,16a,1,4cf6,PS4 Enable,Enabled,"Disabled,Enabled","PS4 Enable/Disable. 0 - Disabled, 1 - Enabled. Uses BIOS VR mailbox command 0x3","sif 14c=0"
*,14c8006250a6403a,170,2,4d17,IMON Slope,0,"Step=1,Min=0,Max=200","IMON Slope defined in 1/100 increments. Range is 0-200. For a 1.25 slope, enter 125. 0 = AUTO. Uses BIOS VR mailbox command 0x4.","sif 14c=0"
*,14c8006250a6403a,17a,2,4d34,IMON Offset,0,"Step=1,Min=0,Max=63999","IMON Offset defined in 1/1000 increments. Range is 0-63999. For an offset of 25.348, enter 25348. IMON Uses BIOS VR mailbox command 0x4.","sif 14c=0"
*,14c8006250a6403a,183,1,4d51,IMON Prefix,+,"+,-","Sets the offset value as positive or negative.","sif 14c=0"
*,14c8006250a6403a,189,2,4d7a,VR Current Limit,0,"Step=1,Min=0,Max=2048","Voltage Regulator Current Limit (IccMax). This value represents the Maximum instantaneous current allowed at any given time. The value is represented in 1/4 A increments. A value of 400 = 100A. 0 means AUTO. Uses BIOS VR mailbox command 0x6.","sif 14c=0;gif 1574=1"
*,14c8006250a6403a,37a,1,4da1,GT VR Fast Vmode,Disabled,"Disabled,Enabled","GT VR Fast Vmode. Use to control GT Fast Vmode Enable/Disable.","sif 14c=0;sif 10a0=0"
*,14c8006250a6403a,32c,2,4dca,Fast Vmode Itrip ICC Limit,0,"Step=1,Min=0,Max=2040","Voltage Regulator Fast Vmode Itrip ICC Limit. A value of 400 = 100A. A value of 0 corresponds to feature disabled (no reactive protection). This value represents the current threshold where the VR would initiate reactive protection if Fast Vmode is enabled. The value is represented in 1/4 A increments. Uses BIOS VR mailbox command 0x25.","sif 14c=0;sif 10a0=0;sif 10c4=0"
*,14c8006250a6403a,1c0,2,4deb,VR Voltage Limit,0,"Step=1,Min=0,Max=7999","Voltage Limit (VMAX). This value represents the Maximum instantaneous voltage allowed at any given time. Range is 0 - 7999mV. Uses BIOS VR mailbox command 0x8.","sif 14c=0"
*,14c8006250a6403a,19c,1,4e08,TDC Enable,Enabled,"Disabled,Enabled","TDC Enable. 0- Disable, 1 - Enable","sif 14c=0"
*,14c8006250a6403a,193,2,4e31,TDC Current Limit,256,"Step=125,Min=0,Max=32767","TDC Current Limit, defined in 1/8A increments. Range 0-32767. For a TDC Current Limit of 125A, enter 1000. 0 = 0 Amps. Uses BIOS VR mailbox command 0x1A.","sif 14c=0;sif 159=0"
*,14c8006250a6403a,1a4,4,4e4e,TDC Time Window,1 sec,"1 sec,2 sec,3 sec,4 sec,5 sec,6 sec,7 sec,8 sec,10 sec,12 sec,14 sec,16 sec,20 sec,24 sec,28 sec,32 sec,40 sec,48 sec,56 sec,64 sec,80 sec,96 sec,112 sec,128 sec,160 sec,192 sec,224 sec,256 sec,320 sec,384 sec,448 sec","VR TDC Time Window, value in seconds. 1s is default. Range from 1s to 448s.","sif 14c=0;sif 159=0"
*,14c8006250a6403a,1b5,1,4fa0,TDC Lock,Disabled,"Disabled,Enabled","TDC Lock","sif 14c=0;sif 159=0"
Form 5048 (SA VR Settings),,,,,,,,,
SA Domain,,,,,,,,,
,14c8006250a6403a,12f,1,4fdf,VR Config Enable,Enabled,"Disabled,Enabled","VR Config Enable",""
*,14c8006250a6403a,136,2,5050,AC Loadline,0,"Step=0,Min=0,Max=62500","AC Loadline defined in 1/100 mOhms. A value of 100 = 1.00 mOhm, and 1255 = 12.55 mOhm. Range is 0-6249 (0-62.49 mOhms). 0 = AUTO/HW default. Uses BIOS mailbox command 0x2.","sif 15d=0"
*,14c8006250a6403a,140,2,506d,DC Loadline,0,"Step=0,Min=0,Max=62500","DC Loadline defined in 1/100 mOhms. A value of 100 = 1.00 mOhm, and 1255 = 12.55 mOhm. Range is 0-6249 (0-62.49 mOhms). 0 = AUTO/HW default. Uses BIOS mailbox command 0x2.","sif 15d=0"
*,14c8006250a6403a,14a,2,508a,PS Current Threshold1,80,"Step=1,Min=0,Max=512","PS Current Threshold1, defined in 1/4 A increments. A value of 400 = 100A. Range 0-512, which translates to 0-128A. 0 = AUTO. Uses BIOS VR mailbox command 0x3.","sif 15d=0"
*,14c8006250a6403a,154,2,50a7,PS Current Threshold2,20,"Step=1,Min=0,Max=512","PS Current Threshold2, defined in 1/4 A increments. A value of 400 = 100A. Range 0-512, which translates to 0-128A. 0 = AUTO. Uses BIOS VR mailbox command 0x3.","sif 15d=0"
*,14c8006250a6403a,15e,2,50c4,PS Current Threshold3,4,"Step=1,Min=0,Max=512","PS Current Threshold3, defined in 1/4 A increments. A value of 400 = 100A. Range 0-512, which translates to 0-128A. 0 = AUTO. Uses BIOS VR mailbox command 0x3.","sif 15d=0"
*,14c8006250a6403a,166,1,50e1,PS3 Enable,Enabled,"Disabled,Enabled","PS3 Enable/Disable. 0 - Disabled, 1 - Enabled.Uses BIOS VR mailbox command 0x3.","sif 15d=0"
*,14c8006250a6403a,16b,1,5102,PS4 Enable,Enabled,"Disabled,Enabled","PS4 Enable/Disable. 0 - Disabled, 1 - Enabled. Uses BIOS VR mailbox command 0x3","sif 15d=0"
*,14c8006250a6403a,172,2,5123,IMON Slope,0,"Step=1,Min=0,Max=200","IMON Slope defined in 1/100 increments. Range is 0-200. For a 1.25 slope, enter 125. 0 = AUTO. Uses BIOS VR mailbox command 0x4.","sif 15d=0"
*,14c8006250a6403a,17c,2,5140,IMON Offset,0,"Step=1,Min=0,Max=63999","IMON Offset defined in 1/1000 increments. Range is 0-63999. For an offset of 25.348, enter 25348. IMON Uses BIOS VR mailbox command 0x4.","sif 15d=0"
*,14c8006250a6403a,184,1,515d,IMON Prefix,+,"+,-","Sets the offset value as positive or negative.","sif 15d=0"
*,14c8006250a6403a,18b,2,517e,VR Current Limit,0,"Step=1,Min=0,Max=2048","Voltage Regulator Current Limit (IccMax). This value represents the Maximum instantaneous current allowed at any given time. The value is represented in 1/4 A increments. A value of 400 = 100A. 0 means AUTO. Uses BIOS VR mailbox command 0x6.","sif 15d=0"
*,14c8006250a6403a,37b,1,51a3,SA VR Fast Vmode,Disabled,"Disabled,Enabled","SA VR Fast Vmode. Use to control SA Fast Vmode Enable/Disable.","sif 15d=0;sif 10a0=0"
*,14c8006250a6403a,32e,2,51cc,Fast Vmode Itrip ICC Limit,0,"Step=1,Min=0,Max=2040","Voltage Regulator Fast Vmode Itrip ICC Limit. A value of 400 = 100A. A value of 0 corresponds to feature disabled (no reactive protection). This value represents the current threshold where the VR would initiate reactive protection if Fast Vmode is enabled. The value is represented in 1/4 A increments. Uses BIOS VR mailbox command 0x25.","sif 15d=0;sif 10a0=0;sif 10c5=0"
*,14c8006250a6403a,1c2,2,51ed,VR Voltage Limit,0,"Step=1,Min=0,Max=7999","Voltage Limit (VMAX). This value represents the Maximum instantaneous voltage allowed at any given time. Range is 0 - 7999mV. Uses BIOS VR mailbox command 0x8.","sif 15d=0"
*,14c8006250a6403a,19d,1,520a,TDC Enable,Enabled,"Disabled,Enabled","TDC Enable. 0- Disable, 1 - Enable","sif 15d=0"
*,14c8006250a6403a,1a8,4,5233,TDC Time Window,1 ms,"1 ms,2 ms,3 ms,4 ms,5 ms,6 ms,7 ms,8 ms,10 ms","TDC Time Window 1, value in milliseconds. 1ms is default. Range from 1ms to 10ms, except for 9ms. 9ms has no valid encoding in the MSR definition.","sif 15d=0;sif 16a=0"
*,14c8006250a6403a,1b6,1,52a9,TDC Lock,Disabled,"Disabled,Enabled","TDC Lock","sif 15d=0;sif 16a=0"
Form 5251 (RFI Settings),,,,,,,,,
RFI Domain,,,,,,,,,
*,14c8006250a6403a,1f9,2,52f8,RFI Frequency,0,"Step=0,Min=0,Max=1918","Set desired RFI frequency, in increments of 100KHz. (For a frequency of 100.6MHz, enter 1006.)","sif 109f=0"
*,14c8006250a6403a,2f6,1,5315,FIVR Spread Spectrum,Enabled,"Disabled,Enabled","Enable or Disable the FIVR Spread Spectrum","sif 109f=0"
*,14c8006250a6403a,1fb,1,533e,RFI Spread Spectrum,1.5%,"0.5%,1%,1.5%,2%,3%,4%,5%,6%","Set the Spread Spectrum","sif 109f=0;sif 16e=0"
Form 4369 (Power Limit 3 Settings),,,,,,,,,
,14c8006250a6403a,22,1,5395,Power Limit 3 Override,Disabled,"Disabled,Enabled","Enable/DisablePower Limit 3 override. If this option is disabled, BIOS will leave the hardware default values for Power Limit 3 and Power Limit 3 Time Window.",""
*,14c8006250a6403a,23,4,53c4,Power Limit 3,0,"Step=125,Min=0,Max=4095875","Platform Power Limit 3 Power in Milli Watts / Milli Percent. BIOS will round to the nearest 1/8W or 1/8% when programming. For example if 12%, enter 12000, if 50%, enter 50000.  For all SKUs, limit must be less than Psys Pmax value (either in Watts or %). XE SKU: Any value up through Psys Pmax can be programmed. Overclocking SKU: value must be between Max and Min Power Limits (specified by PACKAGE_POWER_SKU_MSR). Other SKUs: This value must be between Min Power Limit and Processor Base Power (TDP). If the value is '0', will default to hardware default value. Recommended value is 100000 if Psys is in %.","sif 170=0"
*,14c8006250a6403a,27,1,53f3,Power Limit 3 Time Window,0,"0,3,4,5,6,7,8,10,12,14,16,20,24,28,32,40,48,56,64","Power Limit 3 Time Window value in Milli seconds. The value may vary from 3 to 64(max). Indicates the time window over which Power Limit 3 value should be maintained. If the value is 0, BIOS leaves the hardware default value. For ATX12VO PSU systems, recommended value is 40.","sif 170=0"
*,14c8006250a6403a,28,1,549b,Power Limit 3 Duty Cycle,0,"Step=0,Min=0,Max=100","Specify the duty cycle in percentage that the CPU is required to maintain over the configured time window. Range is 0-100. For ATX12VO PSU systems, recommended value is 25.","sif 170=0"
*,14c8006250a6403a,29,1,54be,Power Limit 3 Lock,Disabled,"Disabled,Enabled","Power Limit 3 MSR 615h Lock. When enabled PL3 configurations are locked during OS. When disabled PL3 configuration can be changed during OS.","sif 170=0"
Form 4329 (  Config TDP Configurations),,,,,,,,,
Config TDP Configurations,,,,,,,,,
,14c8006250a6403a,227,1,5501,Enable Configurable TDP,Applies to cTDP,"Applies to non-cTDP,Applies to cTDP","Applies Configurable Processor Base Power (cTDP) initialization settings based on non-cTDP or cTDP. Default is 1: Applies to cTDP; if 0 then applies non-cTDP and BIOS will bypass cTDP initialzation flow",""
,14c8006250a6403a,44,1,5522,Configurable TDP Boot Mode,Nominal,"Nominal,Level1,Level2,Deactivate","Configurable Processor Base Power (cTDP) Mode as Nominal/Level/Leve2/Deactivate TDP selection. Deactivate option will set MSR to Nominal and MMIO to Zero.",""
,14c8006250a6403a,45,1,5565,Configurable TDP Lock,Disabled,"Enabled,Disabled","Configurable Processor Base Power (cTDP) Mode Lock sets the Lock bits on TURBO_ACTIVATION_RATIO and CONFIG_TDP_CONTROL.                 Note: When CTDP Lock is enabled Custom ConfigTDP Count will be forced to 1 and Custom ConfigTDP Boot Index will be forced to 0.",""
*,14c8006250a6403a,46,1,5598,CTDP BIOS control,Disabled,"Enabled,Disabled","Enables Configurable Processor Base Power (cTDP) control via runtime ACPI BIOS methods. This "BIOS only" feature does not require EC or driver support.","sif 177=1 ef0=1 |"
Custom Settings Nominal,,,,,,,,,
*,14c8006250a6403a,5b,4,55fd,Power Limit 1,27000,"Step=125,Min=0,Max=4095875","Power Limit 1 in Milli Watts. BIOS will round to the nearest 1/8W when programming. 0 = no custom override. For 12.50W, enter 12500. Overclocking SKU: Value must be between Max and Min Power Limits (specified by PACKAGE_POWER_SKU_MSR). Other SKUs: This value must be between Min Power Limit and Processor Base Power (TDP) Limit.","gif 177=1"
*,14c8006250a6403a,5f,4,5622,Power Limit 2,0,"Step=125,Min=0,Max=4095875","Power Limit 2 value in Milli Watts. BIOS will round to the nearest 1/8W when programming. 0 = no custom override. For 12.50W, enter 12500. Processor applies control policies such that the package power does not exceed this limit.","gif 177=1"
*,14c8006250a6403a,63,1,5647,Power Limit 1 Time Window,0,"0,1,2,3,4,5,6,7,8,10,12,14,16,20,24,28,32,40,48,56,64,80,96,112,128","Power Limit 1 Time Window value in seconds. The value may vary from 0 to 128. 0 = default value (28 sec for Mobile and 8 sec for Desktop). Defines time window which Processor Base Power (TDP) value should be maintained.","gif 177=1"
*,14c8006250a6403a,64,1,570f,ConfigTDP Turbo Activation Ratio,0,"Step=1,Min=0,Max=255","Custom value for Turbo Activation Ratio. Needs to be configured with valid values from LFM to Max Turbo. 0 means don't use custom value.","gif 177=1"
Custom Settings Level1,,,,,,,,,
*,14c8006250a6403a,65,4,5754,Power Limit 1,0,"Step=125,Min=0,Max=4095875","Power Limit 1 in Milli Watts. BIOS will round to the nearest 1/8W when programming. 0 = no custom override. For 12.50W, enter 12500. Overclocking SKU: Value must be between Max and Min Power Limits (specified by PACKAGE_POWER_SKU_MSR). Other SKUs: This value must be between Min Power Limit and Processor Base Power (TDP) Limit.","sif 109e=0;gif 177=1"
*,14c8006250a6403a,69,4,5779,Power Limit 2,0,"Step=125,Min=0,Max=4095875","Power Limit 2 value in Milli Watts. BIOS will round to the nearest 1/8W when programming. 0 = no custom override. For 12.50W, enter 12500. Processor applies control policies such that the package power does not exceed this limit.","sif 109e=0;gif 177=1"
*,14c8006250a6403a,6d,1,579e,Power Limit 1 Time Window,0,"0,1,2,3,4,5,6,7,8,10,12,14,16,20,24,28,32,40,48,56,64,80,96,112,128","Power Limit 1 Time Window value in seconds. The value may vary from 0 to 128. 0 = default value (28 sec for Mobile and 8 sec for Desktop). Defines time window which Processor Base Power (TDP) value should be maintained.","sif 109e=0;gif 177=1"
*,14c8006250a6403a,6e,1,5866,ConfigTDP Turbo Activation Ratio,0,"Step=1,Min=0,Max=255","Custom value for Turbo Activation Ratio. Needs to be configured with valid values from LFM to Max Turbo. 0 means don't use custom value.","sif 109e=0;gif 177=1"
Custom Settings Level2,,,,,,,,,
*,14c8006250a6403a,6f,4,58ad,Power Limit 1,0,"Step=125,Min=0,Max=4095875","Power Limit 1 in Milli Watts. BIOS will round to the nearest 1/8W when programming. 0 = no custom override. For 12.50W, enter 12500. Overclocking SKU: Value must be between Max and Min Power Limits (specified by PACKAGE_POWER_SKU_MSR). Other SKUs: This value must be between Min Power Limit and Processor Base Power (TDP) Limit.","sif 109d=0;gif 177=1"
*,14c8006250a6403a,73,4,58d2,Power Limit 2,0,"Step=125,Min=0,Max=4095875","Power Limit 2 value in Milli Watts. BIOS will round to the nearest 1/8W when programming. 0 = no custom override. For 12.50W, enter 12500. Processor applies control policies such that the package power does not exceed this limit.","sif 109d=0;gif 177=1"
*,14c8006250a6403a,77,1,58f7,Power Limit 1 Time Window,0,"0,1,2,3,4,5,6,7,8,10,12,14,16,20,24,28,32,40,48,56,64,80,96,112,128","Power Limit 1 Time Window value in seconds. The value may vary from 0 to 128. 0 = default value (28 sec for Mobile and 8 sec for Desktop). Defines time window which Processor Base Power (TDP) value should be maintained.","sif 109d=0;gif 177=1"
*,14c8006250a6403a,78,1,59bf,ConfigTDP Turbo Activation Ratio,0,"Step=1,Min=0,Max=255","Custom value for Turbo Activation Ratio. Needs to be configured with valid values from LFM to Max Turbo. 0 means don't use custom value.","sif 109d=0;gif 177=1"
Form 4114 (  View/Configure CPU Lock Options),,,,,,,,,
,14c8006250a6403a,43,1,59e4,CFG Lock,Enabled,"Disabled,Enabled","Configure MSR 0xE2[15], CFG Lock bit",""
,14c8006250a6403a,10e,1,5a05,Overclocking Lock,Enabled,"Disabled,Enabled","Enable/Disable Overclocking Lock (BIT 20) in FLEX_RATIO(194) MSR ",""
Form 5074 (Connectivity Configuration),,,,,,,,,
,670eeb73d338776d,734,1,5a3e,CNVi Mode,Auto Detection,"Disable Integrated,Auto Detection","This option configures Connectivity. 
[Auto Detection] means that if Discrete solution is discovered it will be enabled by default. Otherwise Integrated solution (CNVi) will be enabled; 
[Disable Integrated] disables Integrated Solution. 
NOTE: When CNVi is present, the GPIO pins that are used for radio interface cannot be assigned to the other native function.",""
*,670eeb73d338776d,735,1,5a75,Wi-Fi Core,Enabled,"Enabled,Disabled","This is an option intended to Enable/Disable Wi-Fi Core in CNVi","sif 187=0"
*,670eeb73d338776d,736,1,5a96,BT Core,Enabled,"Enabled,Disabled","This is an option intended to Enable/Disable BT Core in CNVi","sif 187=0"
*,2a9481a84954a43e,ba5,2,5abf,BT RF-Kill Delay Time,0,"Step=1,Min=0,Max=1024","This is the delay Time to switch on/off BT RF-KILL signal during S3/S4 resume. Unit is ms","sif 187=0;gif 189=0"
,670eeb73d338776d,737,1,5ae2,BT Audio Offload,Disabled,"Disabled,Enabled","This is an option to Enable/Disable BT Audio Offload which enables audio input from BT device to the audio DSP and enables power efficient audio output to BT device.",""
,670eeb73d338776d,738,1,5b03,RFI Mitigation,Enabled,"Enabled,Disabled","This is an option intended to Enable/Disable DDR-RFIM feature for Connectivity
This RFI mitigation feature may result in temporary slowdown of the DDR speed.",""
*,2a9481a84954a43e,bb9,1,5b2c,DLVR RFI Mitigation,Enabled,"Enabled,Disabled","This is an option intended to Enable/Disable DLVR RFIM feature for Connectivity
This option is only valid when global DLVR is enabled.","sif 1018=0"
*,2a9481a84954a43e,783,1,5b60,CoExistence Manager,Disabled,"Disabled,Enabled","CoEx Manager mitigates radio coexistence issues between Intel WWAN (modem) and Intel WLAN (WiFi/BT).
This should be enabled only if both WWAN and WLAN solutions are based on Intel components","gif 2e7=0"
,2a9481a84954a43e,784,1,5b8c,Preboot BLE,Disabled,"Disabled,Enabled","This will be used to enable Preboot Bluetooth function",""
,2a9481a84954a43e,5d2,1,5bb6,Discrete Bluetooth Interface,USB,"Disabled,USB,UART","SerialIo UART0 needs to be enabled to select BT interface",""
*,2a9481a84954a43e,5d3,1,5bf4,BT Interrupt Mode,GPIO Interrupt,"GPIO Interrupt,APIC Interrupt","Selects routing of interrupt from BT Module","sif 18f=2 !"
,2a9481a84954a43e,abb,1,5c17,BT Tile Mode,Disabled,"Disabled,Enabled","Enable/Disable Tile",""
*,2a9481a84954a43e,abc,1,5c40,Tile S0,0,"Step=1,Min=0,Max=7","The activity of Tile in S0.
Bit0:Find My PC
Bit1:Ring Notification
Bit2:BT_LED# Signal","sif 191=0"
*,2a9481a84954a43e,abd,1,5c59,Tile S0ix,0,"Step=1,Min=0,Max=7","The activity of Tile in S0ix.
Bit0:Find My PC
Bit1:Ring Notification
Bit2:BT_LED# Signal","sif 191=0"
*,2a9481a84954a43e,abe,1,5c72,Tile S4,0,"Step=1,Min=0,Max=7","The activity of Tile in S4.
Bit0:Find My PC
Bit1:Ring Notification
Bit2:BT_LED# Signal","sif 191=0"
*,2a9481a84954a43e,abf,1,5c8b,Tile S5,0,"Step=1,Min=0,Max=7","The activity of Tile in S5.
Bit0:Find My PC
Bit1:Ring Notification
Bit2:BT_LED# Signal","sif 191=0"
*,2a9481a84954a43e,b2d,1,5ca4,BT LED Config,0,"Step=1,Min=0,Max=3","BT LED Config
Bit0:Define LED to Tile Ring Notification
Bit1:Active High Polarity","sif 191=0"
*,2a9481a84954a43e,b2e,1,5cbd,BT LED Pulse Duration,0,"Step=1,Min=0,Max=255","LED Duration in milliseconds.
Min:1ms
Max:1000ms","sif 191=0"
*,2a9481a84954a43e,b2f,1,5cd6,BT LED Pulse Interval,0,"Step=10,Min=0,Max=255","LED Pulse interval  in tens of milliseconds.
Min:10ms
Max:255ms","sif 191=0"
,2a9481a84954a43e,72a,1,5cfa,Advanced settings,Disabled,"Disabled,Enabled","Configure ACPI objects for wireless devices",""
*,2a9481a84954a43e,782,1,5d23,Switched Antenna Diversity Selection,Diversity,"Antenna1,Antenna2,Diversity,Diversity Antenna1,Diversity Antenna2","This allows WiFi modules which have only one antenna to use one of the 2 possible antennas with the options:
 0 - Antenna1
 1 - Antenna2
 2 - Diversity
 3 - Diversity Antenna1
 4 - Diversity Antenna2","sif 199=0"
*,2a9481a84954a43e,72b,1,5d61,Domain Type SPLC 1,7,"Step=1,Min=0,Max=20","09h: Module(M.2); 07h: WiFi/WLAN; 0Fh: WWAN; 10h WiGig; 14h: RFEM","sif 199=0"
*,2a9481a84954a43e,72c,2,5d7a,Default Power Limit,65535,"Step=1,Min=1,Max=65535","Power Limit in milli watts","sif 199=0"
*,2a9481a84954a43e,72e,4,5d97,Default Time Window,30000,"Step=1,Min=1,Max=100000","Time Window in milli seconds","sif 199=0"
*,2a9481a84954a43e,732,1,5dc4,TRxDelay_A,50,"Step=1,Min=1,Max=100","Antenna A delay possible values: 1-100 in 10ths of nano seconds resolution","sif 199=0"
*,2a9481a84954a43e,733,1,5ddd,TRxCableLength_A,50,"Step=1,Min=1,Max=100","Antenna A cable length possible values: 1-100cm in 1cm resolution","sif 199=0"
*,2a9481a84954a43e,734,1,5df6,TRxDelay_B,50,"Step=1,Min=1,Max=100","Antenna B delay possible values: 1-100 in 10ths of nano seconds resolution","sif 199=0"
*,2a9481a84954a43e,735,1,5e0f,TRxCableLength_B,50,"Step=1,Min=1,Max=100","Antenna B cable length possible values: 1-100cm in 1cm resolution","sif 199=0"
*,2a9481a84954a43e,736,1,5e30,Domain Type,7,"Step=1,Min=0,Max=100","09h: Module; 07h: WiFi/WLAN; 0Fh: WWAN; 10h WiGig; 14h: RFEM","sif 199=0"
*,2a9481a84954a43e,737,2,5e49,Country Identifier,16720,"Step=1,Min=1,Max=65535","Country identifier as defined in ISO/IEC 3166-1 Alpha 2 code","sif 199=0"
*,2a9481a84954a43e,a0f,1,5e6e,11Ax Setting for Ukraine,Disabled,"Disabled,Enabled","11Ax Setting for Ukraine
Bit 0 - Apply changes to country Ukraine. 11Ax Setting within module certification
00 - None. Work with Wi-Fi FW/OTP definitions [Default]
01 - Apply changes","sif 199=0"
*,2a9481a84954a43e,a10,1,5e97,11Ax Mode for Ukraine,Disabled,"Disabled,Enabled","11Ax Mode for Ukraine
Bit 1 - 11Ax Mode. Effective only if Bit 0 set to 1
00 – Disable 11Ax on country Ukraine [Default]
01 – Enable 11Ax on country Ukraine","sif 199=0;gif 1a3=0"
*,2a9481a84954a43e,a11,1,5eba,11Ax Setting for Russia,Disabled,"Disabled,Enabled","11Ax Setting for Russia
Bit 2 - Apply changes to country Russia. 11Ax Setting within module certification
00 - None. Work with Wi-Fi FW/OTP definitions [Default]
01 - Apply changes","sif 199=0"
*,2a9481a84954a43e,a12,1,5ee3,11Ax Mode for Russia,Disabled,"Disabled,Enabled","11Ax Mode for Russia
Bit 3 - 11Ax Mode. Effective only if Bit 2 set to 1
00 – Disable 11Ax on country Russia [Default]
01 – Enable 11Ax on country Russia","sif 199=0;gif 1a5=0"
*,2a9481a84954a43e,73c,1,5f0e,WiFi SAR,Disabled,"Disabled,Enabled","Enable/Disable WiFi SAR Tx Power Limit; DISABLE - Device ignores WiFi SAR Configuration Table; ENABLE - Device uses WiFi SAR Configuration Table","sif 199=0"
*,2a9481a84954a43e,73d,1,5f3d,SAR 2400 MHz Set1 Chain A,0,"Step=1,Min=0,Max=255","Defines the WiFi SAR Tx Power Limit - 8bit unsigned with 5bit integer and 3bit fractional. 0x00 = 0b00000000 = 0.125dB; 0xFF = 0b11111111 = 31.875dB. Each step is equivalent to 0.125dB","sif 199=0;sif 1a7=0"
*,2a9481a84954a43e,73e,1,5f56,SAR 5180-5320 MHz Set1 Chain A,0,"Step=1,Min=0,Max=255","Defines the WiFi SAR Tx Power Limit - 8bit unsigned with 5bit integer and 3bit fractional. 0x00 = 0b00000000 = 0.125dB; 0xFF = 0b11111111 = 31.875dB. Each step is equivalent to 0.125dB","sif 199=0;sif 1a7=0"
*,2a9481a84954a43e,73f,1,5f6f,SAR 5340-5440 MHz Set1 Chain A,0,"Step=1,Min=0,Max=255","Defines the WiFi SAR Tx Power Limit - 8bit unsigned with 5bit integer and 3bit fractional. 0x00 = 0b00000000 = 0.125dB; 0xFF = 0b11111111 = 31.875dB. Each step is equivalent to 0.125dB","sif 199=0;sif 1a7=0"
*,2a9481a84954a43e,740,1,5f88,SAR 5460-5700 MHz Set1 Chain A,0,"Step=1,Min=0,Max=255","Defines the WiFi SAR Tx Power Limit - 8bit unsigned with 5bit integer and 3bit fractional. 0x00 = 0b00000000 = 0.125dB; 0xFF = 0b11111111 = 31.875dB. Each step is equivalent to 0.125dB","sif 199=0;sif 1a7=0"
*,2a9481a84954a43e,741,1,5fa1,SAR 5720-5825 MHz Set1 Chain A,0,"Step=1,Min=0,Max=255","Defines the WiFi SAR Tx Power Limit - 8bit unsigned with 5bit integer and 3bit fractional. 0x00 = 0b00000000 = 0.125dB; 0xFF = 0b11111111 = 31.875dB. Each step is equivalent to 0.125dB","sif 199=0;sif 1a7=0"
*,2a9481a84954a43e,742,1,5fba,SAR 5845-6135 MHz Set1 Chain A,0,"Step=1,Min=0,Max=255","Defines the WiFi SAR Tx Power Limit - 8bit unsigned with 5bit integer and 3bit fractional. 0x00 = 0b00000000 = 0.125dB; 0xFF = 0b11111111 = 31.875dB. Each step is equivalent to 0.125dB","sif 199=0;sif 1a7=0"
*,2a9481a84954a43e,743,1,5fd3,SAR 6155-6375 MHz Set1 Chain A,0,"Step=1,Min=0,Max=255","Defines the WiFi SAR Tx Power Limit - 8bit unsigned with 5bit integer and 3bit fractional. 0x00 = 0b00000000 = 0.125dB; 0xFF = 0b11111111 = 31.875dB. Each step is equivalent to 0.125dB","sif 199=0;sif 1a7=0"
*,2a9481a84954a43e,744,1,5fec,SAR 6395-6495 MHz Set1 Chain A,0,"Step=1,Min=0,Max=255","Defines the WiFi SAR Tx Power Limit - 8bit unsigned with 5bit integer and 3bit fractional. 0x00 = 0b00000000 = 0.125dB; 0xFF = 0b11111111 = 31.875dB. Each step is equivalent to 0.125dB","sif 199=0;sif 1a7=0"
*,2a9481a84954a43e,745,1,6005,SAR 6515-6675 MHz Set1 Chain A,0,"Step=1,Min=0,Max=255","Defines the WiFi SAR Tx Power Limit - 8bit unsigned with 5bit integer and 3bit fractional. 0x00 = 0b00000000 = 0.125dB; 0xFF = 0b11111111 = 31.875dB. Each step is equivalent to 0.125dB","sif 199=0;sif 1a7=0"
*,2a9481a84954a43e,746,1,601e,SAR 6695-6835 MHz Set1 Chain A,0,"Step=1,Min=0,Max=255","Defines the WiFi SAR Tx Power Limit - 8bit unsigned with 5bit integer and 3bit fractional. 0x00 = 0b00000000 = 0.125dB; 0xFF = 0b11111111 = 31.875dB. Each step is equivalent to 0.125dB","sif 199=0;sif 1a7=0"
*,2a9481a84954a43e,9d3,1,6037,SAR 6855-7095 MHz Set1 Chain A,0,"Step=1,Min=0,Max=255","Defines the WiFi SAR Tx Power Limit - 8bit unsigned with 5bit integer and 3bit fractional. 0x00 = 0b00000000 = 0.125dB; 0xFF = 0b11111111 = 31.875dB. Each step is equivalent to 0.125dB","sif 199=0;sif 1a7=0"
*,2a9481a84954a43e,9d4,1,6050,SAR 2400 MHz Set1 Chain B,0,"Step=1,Min=0,Max=255","Defines the WiFi SAR Tx Power Limit - 8bit unsigned with 5bit integer and 3bit fractional. 0x00 = 0b00000000 = 0.125dB; 0xFF = 0b11111111 = 31.875dB. Each step is equivalent to 0.125dB","sif 199=0;sif 1a7=0"
*,2a9481a84954a43e,9d5,1,6069,SAR 5180-5320 MHz Set1 Chain B,0,"Step=1,Min=0,Max=255","Defines the WiFi SAR Tx Power Limit - 8bit unsigned with 5bit integer and 3bit fractional. 0x00 = 0b00000000 = 0.125dB; 0xFF = 0b11111111 = 31.875dB. Each step is equivalent to 0.125dB","sif 199=0;sif 1a7=0"
*,2a9481a84954a43e,9d6,1,6082,SAR 5340-5440 MHz Set1 Chain B,0,"Step=1,Min=0,Max=255","Defines the WiFi SAR Tx Power Limit - 8bit unsigned with 5bit integer and 3bit fractional. 0x00 = 0b00000000 = 0.125dB; 0xFF = 0b11111111 = 31.875dB. Each step is equivalent to 0.125dB","sif 199=0;sif 1a7=0"
*,2a9481a84954a43e,9d7,1,609b,SAR 5460-5700 MHz Set1 Chain B,0,"Step=1,Min=0,Max=255","Defines the WiFi SAR Tx Power Limit - 8bit unsigned with 5bit integer and 3bit fractional. 0x00 = 0b00000000 = 0.125dB; 0xFF = 0b11111111 = 31.875dB. Each step is equivalent to 0.125dB","sif 199=0;sif 1a7=0"
*,2a9481a84954a43e,9d8,1,60b4,SAR 5720-5825 MHz Set1 Chain B,0,"Step=1,Min=0,Max=255","Defines the WiFi SAR Tx Power Limit - 8bit unsigned with 5bit integer and 3bit fractional. 0x00 = 0b00000000 = 0.125dB; 0xFF = 0b11111111 = 31.875dB. Each step is equivalent to 0.125dB","sif 199=0;sif 1a7=0"
*,2a9481a84954a43e,9d9,1,60cd,SAR 5845-6135 MHz Set1 Chain B,0,"Step=1,Min=0,Max=255","Defines the WiFi SAR Tx Power Limit - 8bit unsigned with 5bit integer and 3bit fractional. 0x00 = 0b00000000 = 0.125dB; 0xFF = 0b11111111 = 31.875dB. Each step is equivalent to 0.125dB","sif 199=0;sif 1a7=0"
*,2a9481a84954a43e,9da,1,60e6,SAR 6155-6375 MHz Set1 Chain B,0,"Step=1,Min=0,Max=255","Defines the WiFi SAR Tx Power Limit - 8bit unsigned with 5bit integer and 3bit fractional. 0x00 = 0b00000000 = 0.125dB; 0xFF = 0b11111111 = 31.875dB. Each step is equivalent to 0.125dB","sif 199=0;sif 1a7=0"
*,2a9481a84954a43e,9db,1,60ff,SAR 6395-6495 MHz Set1 Chain B,0,"Step=1,Min=0,Max=255","Defines the WiFi SAR Tx Power Limit - 8bit unsigned with 5bit integer and 3bit fractional. 0x00 = 0b00000000 = 0.125dB; 0xFF = 0b11111111 = 31.875dB. Each step is equivalent to 0.125dB","sif 199=0;sif 1a7=0"
*,2a9481a84954a43e,9dc,1,6118,SAR 6515-6675 MHz Set1 Chain B,0,"Step=1,Min=0,Max=255","Defines the WiFi SAR Tx Power Limit - 8bit unsigned with 5bit integer and 3bit fractional. 0x00 = 0b00000000 = 0.125dB; 0xFF = 0b11111111 = 31.875dB. Each step is equivalent to 0.125dB","sif 199=0;sif 1a7=0"
*,2a9481a84954a43e,9dd,1,6131,SAR 6695-6835 MHz Set1 Chain B,0,"Step=1,Min=0,Max=255","Defines the WiFi SAR Tx Power Limit - 8bit unsigned with 5bit integer and 3bit fractional. 0x00 = 0b00000000 = 0.125dB; 0xFF = 0b11111111 = 31.875dB. Each step is equivalent to 0.125dB","sif 199=0;sif 1a7=0"
*,2a9481a84954a43e,9de,1,614a,SAR 6855-7095 MHz Set1 Chain B,0,"Step=1,Min=0,Max=255","Defines the WiFi SAR Tx Power Limit - 8bit unsigned with 5bit integer and 3bit fractional. 0x00 = 0b00000000 = 0.125dB; 0xFF = 0b11111111 = 31.875dB. Each step is equivalent to 0.125dB","sif 199=0;sif 1a7=0"
*,2a9481a84954a43e,a1c,1,6163,SAR CDB 2400 MHz Set1 Chain A,0,"Step=1,Min=0,Max=255","Defines the WiFi CDB SAR Tx Power Limit - 8bit unsigned with 5bit integer and 3bit fractional. 0x00 = 0b00000000 = 0.125dB; 0xFF = 0b11111111 = 31.875dB. Each step is equivalent to 0.125dB","sif 199=0;sif 1a7=0"
*,2a9481a84954a43e,a1d,1,617c,SAR CDB 5180-5320 MHz Set1 Chain A,0,"Step=1,Min=0,Max=255","Defines the WiFi CDB SAR Tx Power Limit - 8bit unsigned with 5bit integer and 3bit fractional. 0x00 = 0b00000000 = 0.125dB; 0xFF = 0b11111111 = 31.875dB. Each step is equivalent to 0.125dB","sif 199=0;sif 1a7=0"
*,2a9481a84954a43e,a1e,1,6195,SAR CDB 5340-5440 MHz Set1 Chain A,0,"Step=1,Min=0,Max=255","Defines the WiFi CDB SAR Tx Power Limit - 8bit unsigned with 5bit integer and 3bit fractional. 0x00 = 0b00000000 = 0.125dB; 0xFF = 0b11111111 = 31.875dB. Each step is equivalent to 0.125dB","sif 199=0;sif 1a7=0"
*,2a9481a84954a43e,a1f,1,61ae,SAR CDB 5460-5700 MHz Set1 Chain A,0,"Step=1,Min=0,Max=255","Defines the WiFi CDB SAR Tx Power Limit - 8bit unsigned with 5bit integer and 3bit fractional. 0x00 = 0b00000000 = 0.125dB; 0xFF = 0b11111111 = 31.875dB. Each step is equivalent to 0.125dB","sif 199=0;sif 1a7=0"
*,2a9481a84954a43e,a20,1,61c7,SAR CDB 5720-5825 MHz Set1 Chain A,0,"Step=1,Min=0,Max=255","Defines the WiFi CDB SAR Tx Power Limit - 8bit unsigned with 5bit integer and 3bit fractional. 0x00 = 0b00000000 = 0.125dB; 0xFF = 0b11111111 = 31.875dB. Each step is equivalent to 0.125dB","sif 199=0;sif 1a7=0"
*,2a9481a84954a43e,a21,1,61e0,SAR CDB 5845-6135 MHz Set1 Chain A,0,"Step=1,Min=0,Max=255","Defines the WiFi CDB SAR Tx Power Limit - 8bit unsigned with 5bit integer and 3bit fractional. 0x00 = 0b00000000 = 0.125dB; 0xFF = 0b11111111 = 31.875dB. Each step is equivalent to 0.125dB","sif 199=0;sif 1a7=0"
*,2a9481a84954a43e,a22,1,61f9,SAR CDB 6155-6375 MHz Set1 Chain A,0,"Step=1,Min=0,Max=255","Defines the WiFi CDB SAR Tx Power Limit - 8bit unsigned with 5bit integer and 3bit fractional. 0x00 = 0b00000000 = 0.125dB; 0xFF = 0b11111111 = 31.875dB. Each step is equivalent to 0.125dB","sif 199=0;sif 1a7=0"
*,2a9481a84954a43e,a23,1,6212,SAR CDB 6395-6495 MHz Set1 Chain A,0,"Step=1,Min=0,Max=255","Defines the WiFi CDB SAR Tx Power Limit - 8bit unsigned with 5bit integer and 3bit fractional. 0x00 = 0b00000000 = 0.125dB; 0xFF = 0b11111111 = 31.875dB. Each step is equivalent to 0.125dB","sif 199=0;sif 1a7=0"
*,2a9481a84954a43e,a24,1,622b,SAR CDB 6515-6675 MHz Set1 Chain A,0,"Step=1,Min=0,Max=255","Defines the WiFi CDB SAR Tx Power Limit - 8bit unsigned with 5bit integer and 3bit fractional. 0x00 = 0b00000000 = 0.125dB; 0xFF = 0b11111111 = 31.875dB. Each step is equivalent to 0.125dB","sif 199=0;sif 1a7=0"
*,2a9481a84954a43e,a25,1,6244,SAR CDB 6695-6835 MHz Set1 Chain A,0,"Step=1,Min=0,Max=255","Defines the WiFi CDB SAR Tx Power Limit - 8bit unsigned with 5bit integer and 3bit fractional. 0x00 = 0b00000000 = 0.125dB; 0xFF = 0b11111111 = 31.875dB. Each step is equivalent to 0.125dB","sif 199=0;sif 1a7=0"
*,2a9481a84954a43e,a26,1,625d,SAR CDB 6855-7095 MHz Set1 Chain A,0,"Step=1,Min=0,Max=255","Defines the WiFi CDB SAR Tx Power Limit - 8bit unsigned with 5bit integer and 3bit fractional. 0x00 = 0b00000000 = 0.125dB; 0xFF = 0b11111111 = 31.875dB. Each step is equivalent to 0.125dB","sif 199=0;sif 1a7=0"
*,2a9481a84954a43e,a27,1,6276,SAR CDB 2400 MHz Set1 Chain B,0,"Step=1,Min=0,Max=255","Defines the WiFi CDB SAR Tx Power Limit - 8bit unsigned with 5bit integer and 3bit fractional. 0x00 = 0b00000000 = 0.125dB; 0xFF = 0b11111111 = 31.875dB. Each step is equivalent to 0.125dB","sif 199=0;sif 1a7=0"
*,2a9481a84954a43e,a28,1,628f,SAR CDB 5180-5320 MHz Set1 Chain B,0,"Step=1,Min=0,Max=255","Defines the WiFi CDB SAR Tx Power Limit - 8bit unsigned with 5bit integer and 3bit fractional. 0x00 = 0b00000000 = 0.125dB; 0xFF = 0b11111111 = 31.875dB. Each step is equivalent to 0.125dB","sif 199=0;sif 1a7=0"
*,2a9481a84954a43e,a29,1,62a8,SAR CDB 5340-5440 MHz Set1 Chain B,0,"Step=1,Min=0,Max=255","Defines the WiFi CDB SAR Tx Power Limit - 8bit unsigned with 5bit integer and 3bit fractional. 0x00 = 0b00000000 = 0.125dB; 0xFF = 0b11111111 = 31.875dB. Each step is equivalent to 0.125dB","sif 199=0;sif 1a7=0"
*,2a9481a84954a43e,a2a,1,62c1,SAR CDB 5460-5700 MHz Set1 Chain B,0,"Step=1,Min=0,Max=255","Defines the WiFi CDB SAR Tx Power Limit - 8bit unsigned with 5bit integer and 3bit fractional. 0x00 = 0b00000000 = 0.125dB; 0xFF = 0b11111111 = 31.875dB. Each step is equivalent to 0.125dB","sif 199=0;sif 1a7=0"
*,2a9481a84954a43e,a2b,1,62da,SAR CDB 5720-5825 MHz Set1 Chain B,0,"Step=1,Min=0,Max=255","Defines the WiFi CDB SAR Tx Power Limit - 8bit unsigned with 5bit integer and 3bit fractional. 0x00 = 0b00000000 = 0.125dB; 0xFF = 0b11111111 = 31.875dB. Each step is equivalent to 0.125dB","sif 199=0;sif 1a7=0"
*,2a9481a84954a43e,a2c,1,62f3,SAR CDB 5845-6135 MHz Set1 Chain B,0,"Step=1,Min=0,Max=255","Defines the WiFi CDB SAR Tx Power Limit - 8bit unsigned with 5bit integer and 3bit fractional. 0x00 = 0b00000000 = 0.125dB; 0xFF = 0b11111111 = 31.875dB. Each step is equivalent to 0.125dB","sif 199=0;sif 1a7=0"
*,2a9481a84954a43e,a2d,1,630c,SAR CDB 6155-6375 MHz Set1 Chain B,0,"Step=1,Min=0,Max=255","Defines the WiFi CDB SAR Tx Power Limit - 8bit unsigned with 5bit integer and 3bit fractional. 0x00 = 0b00000000 = 0.125dB; 0xFF = 0b11111111 = 31.875dB. Each step is equivalent to 0.125dB","sif 199=0;sif 1a7=0"
*,2a9481a84954a43e,a2e,1,6325,SAR CDB 6395-6495 MHz Set1 Chain B,0,"Step=1,Min=0,Max=255","Defines the WiFi CDB SAR Tx Power Limit - 8bit unsigned with 5bit integer and 3bit fractional. 0x00 = 0b00000000 = 0.125dB; 0xFF = 0b11111111 = 31.875dB. Each step is equivalent to 0.125dB","sif 199=0;sif 1a7=0"
*,2a9481a84954a43e,a2f,1,633e,SAR CDB 6515-6675 MHz Set1 Chain B,0,"Step=1,Min=0,Max=255","Defines the WiFi CDB SAR Tx Power Limit - 8bit unsigned with 5bit integer and 3bit fractional. 0x00 = 0b00000000 = 0.125dB; 0xFF = 0b11111111 = 31.875dB. Each step is equivalent to 0.125dB","sif 199=0;sif 1a7=0"
*,2a9481a84954a43e,a30,1,6357,SAR CDB 6695-6835 MHz Set1 Chain B,0,"Step=1,Min=0,Max=255","Defines the WiFi CDB SAR Tx Power Limit - 8bit unsigned with 5bit integer and 3bit fractional. 0x00 = 0b00000000 = 0.125dB; 0xFF = 0b11111111 = 31.875dB. Each step is equivalent to 0.125dB","sif 199=0;sif 1a7=0"
*,2a9481a84954a43e,a31,1,6370,SAR CDB 6855-7095 MHz Set1 Chain B,0,"Step=1,Min=0,Max=255","Defines the WiFi CDB SAR Tx Power Limit - 8bit unsigned with 5bit integer and 3bit fractional. 0x00 = 0b00000000 = 0.125dB; 0xFF = 0b11111111 = 31.875dB. Each step is equivalent to 0.125dB","sif 199=0;sif 1a7=0"
*,2a9481a84954a43e,747,1,6393,WiFi Dynamic SAR,Disabled,"Disabled,Enabled","Enable/Disable WiFi Dynamic SAR Tx Power Limit which shell be set dynamically accorting to the Proximity Sensor","sif 199=0"
*,2a9481a84954a43e,748,1,63bc,Extended SAR Range Sets,No Additional sets,"No Additional sets,Set 2,Set 3,Set 4","Defines the WiFi SAR Sets that can be used to set the power limts dynamically based on the Proximity Sensor,Set 1 is always present if WiFi SAR enabled and Set 2-3 are additinoal sets","sif 199=0;sif 1d4=0"
*,2a9481a84954a43e,749,1,63eb,SAR 2400 MHz Set2 Chain A,0,"Step=1,Min=0,Max=255","Defines the WiFi SAR Tx Power Limit - 8bit unsigned with 5bit integer and 3bit fractional. 0x00 = 0b00000000 = 0.125dB; 0xFF = 0b11111111 = 31.875dB. Each step is equivalent to 0.125dB","sif 199=0;sif 1d4=0"
*,2a9481a84954a43e,74a,1,6404,SAR 5180-5320 MHz Set2 Chain A,0,"Step=1,Min=0,Max=255","Defines the WiFi SAR Tx Power Limit - 8bit unsigned with 5bit integer and 3bit fractional. 0x00 = 0b00000000 = 0.125dB; 0xFF = 0b11111111 = 31.875dB. Each step is equivalent to 0.125dB","sif 199=0;sif 1d4=0"
*,2a9481a84954a43e,74b,1,641d,SAR 5340-5440 MHz Set2 Chain A,0,"Step=1,Min=0,Max=255","Defines the WiFi SAR Tx Power Limit - 8bit unsigned with 5bit integer and 3bit fractional. 0x00 = 0b00000000 = 0.125dB; 0xFF = 0b11111111 = 31.875dB. Each step is equivalent to 0.125dB","sif 199=0;sif 1d4=0"
*,2a9481a84954a43e,74c,1,6436,SAR 5460-5700 MHz Set2 Chain A,0,"Step=1,Min=0,Max=255","Defines the WiFi SAR Tx Power Limit - 8bit unsigned with 5bit integer and 3bit fractional. 0x00 = 0b00000000 = 0.125dB; 0xFF = 0b11111111 = 31.875dB. Each step is equivalent to 0.125dB","sif 199=0;sif 1d4=0"
*,2a9481a84954a43e,74d,1,644f,SAR 5720-5825 MHz Set2 Chain A,0,"Step=1,Min=0,Max=255","Defines the WiFi SAR Tx Power Limit - 8bit unsigned with 5bit integer and 3bit fractional. 0x00 = 0b00000000 = 0.125dB; 0xFF = 0b11111111 = 31.875dB. Each step is equivalent to 0.125dB","sif 199=0;sif 1d4=0"
*,2a9481a84954a43e,74e,1,6468,SAR 5845-6135 MHz Set2 Chain A,0,"Step=1,Min=0,Max=255","Defines the WiFi SAR Tx Power Limit - 8bit unsigned with 5bit integer and 3bit fractional. 0x00 = 0b00000000 = 0.125dB; 0xFF = 0b11111111 = 31.875dB. Each step is equivalent to 0.125dB","sif 199=0;sif 1d4=0"
*,2a9481a84954a43e,74f,1,6481,SAR 6155-6375 MHz Set2 Chain A,0,"Step=1,Min=0,Max=255","Defines the WiFi SAR Tx Power Limit - 8bit unsigned with 5bit integer and 3bit fractional. 0x00 = 0b00000000 = 0.125dB; 0xFF = 0b11111111 = 31.875dB. Each step is equivalent to 0.125dB","sif 199=0;sif 1d4=0"
*,2a9481a84954a43e,750,1,649a,SAR 6395-6495 MHz Set2 Chain A,0,"Step=1,Min=0,Max=255","Defines the WiFi SAR Tx Power Limit - 8bit unsigned with 5bit integer and 3bit fractional. 0x00 = 0b00000000 = 0.125dB; 0xFF = 0b11111111 = 31.875dB. Each step is equivalent to 0.125dB","sif 199=0;sif 1d4=0"
*,2a9481a84954a43e,751,1,64b3,SAR 6515-6675 MHz Set2 Chain A,0,"Step=1,Min=0,Max=255","Defines the WiFi SAR Tx Power Limit - 8bit unsigned with 5bit integer and 3bit fractional. 0x00 = 0b00000000 = 0.125dB; 0xFF = 0b11111111 = 31.875dB. Each step is equivalent to 0.125dB","sif 199=0;sif 1d4=0"
*,2a9481a84954a43e,752,1,64cc,SAR 6695-6835 MHz Set2 Chain A,0,"Step=1,Min=0,Max=255","Defines the WiFi SAR Tx Power Limit - 8bit unsigned with 5bit integer and 3bit fractional. 0x00 = 0b00000000 = 0.125dB; 0xFF = 0b11111111 = 31.875dB. Each step is equivalent to 0.125dB","sif 199=0;sif 1d4=0"
*,2a9481a84954a43e,9df,1,64e5,SAR 6855-7095 MHz Set2 Chain A,0,"Step=1,Min=0,Max=255","Defines the WiFi SAR Tx Power Limit - 8bit unsigned with 5bit integer and 3bit fractional. 0x00 = 0b00000000 = 0.125dB; 0xFF = 0b11111111 = 31.875dB. Each step is equivalent to 0.125dB","sif 199=0;sif 1d4=0"
*,2a9481a84954a43e,9e0,1,64fe,SAR 2400 MHz Set2 Chain B,0,"Step=1,Min=0,Max=255","Defines the WiFi SAR Tx Power Limit - 8bit unsigned with 5bit integer and 3bit fractional. 0x00 = 0b00000000 = 0.125dB; 0xFF = 0b11111111 = 31.875dB. Each step is equivalent to 0.125dB","sif 199=0;sif 1d4=0"
*,2a9481a84954a43e,9e1,1,6517,SAR 5180-5320 MHz Set2 Chain B,0,"Step=1,Min=0,Max=255","Defines the WiFi SAR Tx Power Limit - 8bit unsigned with 5bit integer and 3bit fractional. 0x00 = 0b00000000 = 0.125dB; 0xFF = 0b11111111 = 31.875dB. Each step is equivalent to 0.125dB","sif 199=0;sif 1d4=0"
*,2a9481a84954a43e,9e2,1,6530,SAR 5340-5440 MHz Set2 Chain B,0,"Step=1,Min=0,Max=255","Defines the WiFi SAR Tx Power Limit - 8bit unsigned with 5bit integer and 3bit fractional. 0x00 = 0b00000000 = 0.125dB; 0xFF = 0b11111111 = 31.875dB. Each step is equivalent to 0.125dB","sif 199=0;sif 1d4=0"
*,2a9481a84954a43e,9e3,1,6549,SAR 5460-5700 MHz Set2 Chain B,0,"Step=1,Min=0,Max=255","Defines the WiFi SAR Tx Power Limit - 8bit unsigned with 5bit integer and 3bit fractional. 0x00 = 0b00000000 = 0.125dB; 0xFF = 0b11111111 = 31.875dB. Each step is equivalent to 0.125dB","sif 199=0;sif 1d4=0"
*,2a9481a84954a43e,9e4,1,6562,SAR 5720-5825 MHz Set2 Chain B,0,"Step=1,Min=0,Max=255","Defines the WiFi SAR Tx Power Limit - 8bit unsigned with 5bit integer and 3bit fractional. 0x00 = 0b00000000 = 0.125dB; 0xFF = 0b11111111 = 31.875dB. Each step is equivalent to 0.125dB","sif 199=0;sif 1d4=0"
*,2a9481a84954a43e,9e5,1,657b,SAR 5845-6135 MHz Set2 Chain B,0,"Step=1,Min=0,Max=255","Defines the WiFi SAR Tx Power Limit - 8bit unsigned with 5bit integer and 3bit fractional. 0x00 = 0b00000000 = 0.125dB; 0xFF = 0b11111111 = 31.875dB. Each step is equivalent to 0.125dB","sif 199=0;sif 1d4=0"
*,2a9481a84954a43e,9e6,1,6594,SAR 6155-6375 MHz Set2 Chain B,0,"Step=1,Min=0,Max=255","Defines the WiFi SAR Tx Power Limit - 8bit unsigned with 5bit integer and 3bit fractional. 0x00 = 0b00000000 = 0.125dB; 0xFF = 0b11111111 = 31.875dB. Each step is equivalent to 0.125dB","sif 199=0;sif 1d4=0"
*,2a9481a84954a43e,9e7,1,65ad,SAR 6395-6495 MHz Set2 Chain B,0,"Step=1,Min=0,Max=255","Defines the WiFi SAR Tx Power Limit - 8bit unsigned with 5bit integer and 3bit fractional. 0x00 = 0b00000000 = 0.125dB; 0xFF = 0b11111111 = 31.875dB. Each step is equivalent to 0.125dB","sif 199=0;sif 1d4=0"
*,2a9481a84954a43e,9e8,1,65c6,SAR 6515-6675 MHz Set2 Chain B,0,"Step=1,Min=0,Max=255","Defines the WiFi SAR Tx Power Limit - 8bit unsigned with 5bit integer and 3bit fractional. 0x00 = 0b00000000 = 0.125dB; 0xFF = 0b11111111 = 31.875dB. Each step is equivalent to 0.125dB","sif 199=0;sif 1d4=0"
*,2a9481a84954a43e,9e9,1,65df,SAR 6695-6835 MHz Set2 Chain B,0,"Step=1,Min=0,Max=255","Defines the WiFi SAR Tx Power Limit - 8bit unsigned with 5bit integer and 3bit fractional. 0x00 = 0b00000000 = 0.125dB; 0xFF = 0b11111111 = 31.875dB. Each step is equivalent to 0.125dB","sif 199=0;sif 1d4=0"
*,2a9481a84954a43e,9ea,1,65f8,SAR 6855-7095 MHz Set2 Chain B,0,"Step=1,Min=0,Max=255","Defines the WiFi SAR Tx Power Limit - 8bit unsigned with 5bit integer and 3bit fractional. 0x00 = 0b00000000 = 0.125dB; 0xFF = 0b11111111 = 31.875dB. Each step is equivalent to 0.125dB","sif 199=0;sif 1d4=0"
*,2a9481a84954a43e,753,1,6611,SAR 2400 MHz Set3 Chain A,0,"Step=1,Min=0,Max=255","Defines the WiFi SAR Tx Power Limit - 8bit unsigned with 5bit integer and 3bit fractional. 0x00 = 0b00000000 = 0.125dB; 0xFF = 0b11111111 = 31.875dB. Each step is equivalent to 0.125dB","sif 199=0;sif 1d4=0"
*,2a9481a84954a43e,754,1,662a,SAR 5180-5320 MHz Set3 Chain A,0,"Step=1,Min=0,Max=255","Defines the WiFi SAR Tx Power Limit - 8bit unsigned with 5bit integer and 3bit fractional. 0x00 = 0b00000000 = 0.125dB; 0xFF = 0b11111111 = 31.875dB. Each step is equivalent to 0.125dB","sif 199=0;sif 1d4=0"
*,2a9481a84954a43e,755,1,6643,SAR 5340-5440 MHz Set3 Chain A,0,"Step=1,Min=0,Max=255","Defines the WiFi SAR Tx Power Limit - 8bit unsigned with 5bit integer and 3bit fractional. 0x00 = 0b00000000 = 0.125dB; 0xFF = 0b11111111 = 31.875dB. Each step is equivalent to 0.125dB","sif 199=0;sif 1d4=0"
*,2a9481a84954a43e,756,1,665c,SAR 5460-5700 MHz Set3 Chain A,0,"Step=1,Min=0,Max=255","Defines the WiFi SAR Tx Power Limit - 8bit unsigned with 5bit integer and 3bit fractional. 0x00 = 0b00000000 = 0.125dB; 0xFF = 0b11111111 = 31.875dB. Each step is equivalent to 0.125dB","sif 199=0;sif 1d4=0"
*,2a9481a84954a43e,757,1,6675,SAR 5720-5825 MHz Set3 Chain A,0,"Step=1,Min=0,Max=255","Defines the WiFi SAR Tx Power Limit - 8bit unsigned with 5bit integer and 3bit fractional. 0x00 = 0b00000000 = 0.125dB; 0xFF = 0b11111111 = 31.875dB. Each step is equivalent to 0.125dB","sif 199=0;sif 1d4=0"
*,2a9481a84954a43e,758,1,668e,SAR 5845-6135 MHz Set3 Chain A,0,"Step=1,Min=0,Max=255","Defines the WiFi SAR Tx Power Limit - 8bit unsigned with 5bit integer and 3bit fractional. 0x00 = 0b00000000 = 0.125dB; 0xFF = 0b11111111 = 31.875dB. Each step is equivalent to 0.125dB","sif 199=0;sif 1d4=0"
*,2a9481a84954a43e,759,1,66a7,SAR 6155-6375 MHz Set3 Chain A,0,"Step=1,Min=0,Max=255","Defines the WiFi SAR Tx Power Limit - 8bit unsigned with 5bit integer and 3bit fractional. 0x00 = 0b00000000 = 0.125dB; 0xFF = 0b11111111 = 31.875dB. Each step is equivalent to 0.125dB","sif 199=0;sif 1d4=0"
*,2a9481a84954a43e,75a,1,66c0,SAR 6395-6495 MHz Set3 Chain A,0,"Step=1,Min=0,Max=255","Defines the WiFi SAR Tx Power Limit - 8bit unsigned with 5bit integer and 3bit fractional. 0x00 = 0b00000000 = 0.125dB; 0xFF = 0b11111111 = 31.875dB. Each step is equivalent to 0.125dB","sif 199=0;sif 1d4=0"
*,2a9481a84954a43e,75b,1,66d9,SAR 6515-6675 MHz Set3 Chain A,0,"Step=1,Min=0,Max=255","Defines the WiFi SAR Tx Power Limit - 8bit unsigned with 5bit integer and 3bit fractional. 0x00 = 0b00000000 = 0.125dB; 0xFF = 0b11111111 = 31.875dB. Each step is equivalent to 0.125dB","sif 199=0;sif 1d4=0"
*,2a9481a84954a43e,75c,1,66f2,SAR 6695-6835 MHz Set3 Chain A,0,"Step=1,Min=0,Max=255","Defines the WiFi SAR Tx Power Limit - 8bit unsigned with 5bit integer and 3bit fractional. 0x00 = 0b00000000 = 0.125dB; 0xFF = 0b11111111 = 31.875dB. Each step is equivalent to 0.125dB","sif 199=0;sif 1d4=0"
*,2a9481a84954a43e,9eb,1,670b,SAR 6855-7095 MHz Set3 Chain A,0,"Step=1,Min=0,Max=255","Defines the WiFi SAR Tx Power Limit - 8bit unsigned with 5bit integer and 3bit fractional. 0x00 = 0b00000000 = 0.125dB; 0xFF = 0b11111111 = 31.875dB. Each step is equivalent to 0.125dB","sif 199=0;sif 1d4=0"
*,2a9481a84954a43e,9ec,1,6724,SAR 2400 MHz Set3 Chain B,0,"Step=1,Min=0,Max=255","Defines the WiFi SAR Tx Power Limit - 8bit unsigned with 5bit integer and 3bit fractional. 0x00 = 0b00000000 = 0.125dB; 0xFF = 0b11111111 = 31.875dB. Each step is equivalent to 0.125dB","sif 199=0;sif 1d4=0"
*,2a9481a84954a43e,9ed,1,673d,SAR 5180-5320 MHz Set3 Chain B,0,"Step=1,Min=0,Max=255","Defines the WiFi SAR Tx Power Limit - 8bit unsigned with 5bit integer and 3bit fractional. 0x00 = 0b00000000 = 0.125dB; 0xFF = 0b11111111 = 31.875dB. Each step is equivalent to 0.125dB","sif 199=0;sif 1d4=0"
*,2a9481a84954a43e,9ee,1,6756,SAR 5340-5440 MHz Set3 Chain B,0,"Step=1,Min=0,Max=255","Defines the WiFi SAR Tx Power Limit - 8bit unsigned with 5bit integer and 3bit fractional. 0x00 = 0b00000000 = 0.125dB; 0xFF = 0b11111111 = 31.875dB. Each step is equivalent to 0.125dB","sif 199=0;sif 1d4=0"
*,2a9481a84954a43e,9ef,1,676f,SAR 5460-5700 MHz Set3 Chain B,0,"Step=1,Min=0,Max=255","Defines the WiFi SAR Tx Power Limit - 8bit unsigned with 5bit integer and 3bit fractional. 0x00 = 0b00000000 = 0.125dB; 0xFF = 0b11111111 = 31.875dB. Each step is equivalent to 0.125dB","sif 199=0;sif 1d4=0"
*,2a9481a84954a43e,9f0,1,6788,SAR 5720-5825 MHz Set3 Chain B,0,"Step=1,Min=0,Max=255","Defines the WiFi SAR Tx Power Limit - 8bit unsigned with 5bit integer and 3bit fractional. 0x00 = 0b00000000 = 0.125dB; 0xFF = 0b11111111 = 31.875dB. Each step is equivalent to 0.125dB","sif 199=0;sif 1d4=0"
*,2a9481a84954a43e,9f1,1,67a1,SAR 5845-6135 MHz Set3 Chain B,0,"Step=1,Min=0,Max=255","Defines the WiFi SAR Tx Power Limit - 8bit unsigned with 5bit integer and 3bit fractional. 0x00 = 0b00000000 = 0.125dB; 0xFF = 0b11111111 = 31.875dB. Each step is equivalent to 0.125dB","sif 199=0;sif 1d4=0"
*,2a9481a84954a43e,9f2,1,67ba,SAR 6155-6375 MHz Set3 Chain B,0,"Step=1,Min=0,Max=255","Defines the WiFi SAR Tx Power Limit - 8bit unsigned with 5bit integer and 3bit fractional. 0x00 = 0b00000000 = 0.125dB; 0xFF = 0b11111111 = 31.875dB. Each step is equivalent to 0.125dB","sif 199=0;sif 1d4=0"
*,2a9481a84954a43e,9f3,1,67d3,SAR 6395-6495 MHz Set3 Chain B,0,"Step=1,Min=0,Max=255","Defines the WiFi SAR Tx Power Limit - 8bit unsigned with 5bit integer and 3bit fractional. 0x00 = 0b00000000 = 0.125dB; 0xFF = 0b11111111 = 31.875dB. Each step is equivalent to 0.125dB","sif 199=0;sif 1d4=0"
*,2a9481a84954a43e,9f4,1,67ec,SAR 6515-6675 MHz Set3 Chain B,0,"Step=1,Min=0,Max=255","Defines the WiFi SAR Tx Power Limit - 8bit unsigned with 5bit integer and 3bit fractional. 0x00 = 0b00000000 = 0.125dB; 0xFF = 0b11111111 = 31.875dB. Each step is equivalent to 0.125dB","sif 199=0;sif 1d4=0"
*,2a9481a84954a43e,9f5,1,6805,SAR 6695-6835 MHz Set3 Chain B,0,"Step=1,Min=0,Max=255","Defines the WiFi SAR Tx Power Limit - 8bit unsigned with 5bit integer and 3bit fractional. 0x00 = 0b00000000 = 0.125dB; 0xFF = 0b11111111 = 31.875dB. Each step is equivalent to 0.125dB","sif 199=0;sif 1d4=0"
*,2a9481a84954a43e,9f6,1,681e,SAR 6855-7095 MHz Set3 Chain B,0,"Step=1,Min=0,Max=255","Defines the WiFi SAR Tx Power Limit - 8bit unsigned with 5bit integer and 3bit fractional. 0x00 = 0b00000000 = 0.125dB; 0xFF = 0b11111111 = 31.875dB. Each step is equivalent to 0.125dB","sif 199=0;sif 1d4=0"
*,2a9481a84954a43e,75d,1,6837,SAR 2400 MHz Set4 Chain A,0,"Step=1,Min=0,Max=255","Defines the WiFi SAR Tx Power Limit - 8bit unsigned with 5bit integer and 3bit fractional. 0x00 = 0b00000000 = 0.125dB; 0xFF = 0b11111111 = 31.875dB. Each step is equivalent to 0.125dB","sif 199=0;sif 1d4=0"
*,2a9481a84954a43e,75e,1,6850,SAR 5180-5320 MHz Set4 Chain A,0,"Step=1,Min=0,Max=255","Defines the WiFi SAR Tx Power Limit - 8bit unsigned with 5bit integer and 3bit fractional. 0x00 = 0b00000000 = 0.125dB; 0xFF = 0b11111111 = 31.875dB. Each step is equivalent to 0.125dB","sif 199=0;sif 1d4=0"
*,2a9481a84954a43e,75f,1,6869,SAR 5340-5440 MHz Set4 Chain A,0,"Step=1,Min=0,Max=255","Defines the WiFi SAR Tx Power Limit - 8bit unsigned with 5bit integer and 3bit fractional. 0x00 = 0b00000000 = 0.125dB; 0xFF = 0b11111111 = 31.875dB. Each step is equivalent to 0.125dB","sif 199=0;sif 1d4=0"
*,2a9481a84954a43e,760,1,6882,SAR 5460-5700 MHz Set4 Chain A,0,"Step=1,Min=0,Max=255","Defines the WiFi SAR Tx Power Limit - 8bit unsigned with 5bit integer and 3bit fractional. 0x00 = 0b00000000 = 0.125dB; 0xFF = 0b11111111 = 31.875dB. Each step is equivalent to 0.125dB","sif 199=0;sif 1d4=0"
*,2a9481a84954a43e,761,1,689b,SAR 5720-5825 MHz Set4 Chain A,0,"Step=1,Min=0,Max=255","Defines the WiFi SAR Tx Power Limit - 8bit unsigned with 5bit integer and 3bit fractional. 0x00 = 0b00000000 = 0.125dB; 0xFF = 0b11111111 = 31.875dB. Each step is equivalent to 0.125dB","sif 199=0;sif 1d4=0"
*,2a9481a84954a43e,762,1,68b4,SAR 5845-6135 MHz Set4 Chain A,0,"Step=1,Min=0,Max=255","Defines the WiFi SAR Tx Power Limit - 8bit unsigned with 5bit integer and 3bit fractional. 0x00 = 0b00000000 = 0.125dB; 0xFF = 0b11111111 = 31.875dB. Each step is equivalent to 0.125dB","sif 199=0;sif 1d4=0"
*,2a9481a84954a43e,763,1,68cd,SAR 6155-6375 MHz Set4 Chain A,0,"Step=1,Min=0,Max=255","Defines the WiFi SAR Tx Power Limit - 8bit unsigned with 5bit integer and 3bit fractional. 0x00 = 0b00000000 = 0.125dB; 0xFF = 0b11111111 = 31.875dB. Each step is equivalent to 0.125dB","sif 199=0;sif 1d4=0"
*,2a9481a84954a43e,764,1,68e6,SAR 6395-6495 MHz Set4 Chain A,0,"Step=1,Min=0,Max=255","Defines the WiFi SAR Tx Power Limit - 8bit unsigned with 5bit integer and 3bit fractional. 0x00 = 0b00000000 = 0.125dB; 0xFF = 0b11111111 = 31.875dB. Each step is equivalent to 0.125dB","sif 199=0;sif 1d4=0"
*,2a9481a84954a43e,765,1,68ff,SAR 6515-6675 MHz Set4 Chain A,0,"Step=1,Min=0,Max=255","Defines the WiFi SAR Tx Power Limit - 8bit unsigned with 5bit integer and 3bit fractional. 0x00 = 0b00000000 = 0.125dB; 0xFF = 0b11111111 = 31.875dB. Each step is equivalent to 0.125dB","sif 199=0;sif 1d4=0"
*,2a9481a84954a43e,766,1,6918,SAR 6695-6835 MHz Set4 Chain A,0,"Step=1,Min=0,Max=255","Defines the WiFi SAR Tx Power Limit - 8bit unsigned with 5bit integer and 3bit fractional. 0x00 = 0b00000000 = 0.125dB; 0xFF = 0b11111111 = 31.875dB. Each step is equivalent to 0.125dB","sif 199=0;sif 1d4=0"
*,2a9481a84954a43e,9f7,1,6931,SAR 6855-7095 MHz Set4 Chain A,0,"Step=1,Min=0,Max=255","Defines the WiFi SAR Tx Power Limit - 8bit unsigned with 5bit integer and 3bit fractional. 0x00 = 0b00000000 = 0.125dB; 0xFF = 0b11111111 = 31.875dB. Each step is equivalent to 0.125dB","sif 199=0;sif 1d4=0"
*,2a9481a84954a43e,9f8,1,694a,SAR 2400 MHz Set4 Chain B,0,"Step=1,Min=0,Max=255","Defines the WiFi SAR Tx Power Limit - 8bit unsigned with 5bit integer and 3bit fractional. 0x00 = 0b00000000 = 0.125dB; 0xFF = 0b11111111 = 31.875dB. Each step is equivalent to 0.125dB","sif 199=0;sif 1d4=0"
*,2a9481a84954a43e,9f9,1,6963,SAR 5180-5320 MHz Set4 Chain B,0,"Step=1,Min=0,Max=255","Defines the WiFi SAR Tx Power Limit - 8bit unsigned with 5bit integer and 3bit fractional. 0x00 = 0b00000000 = 0.125dB; 0xFF = 0b11111111 = 31.875dB. Each step is equivalent to 0.125dB","sif 199=0;sif 1d4=0"
*,2a9481a84954a43e,9fa,1,697c,SAR 5340-5440 MHz Set4 Chain B,0,"Step=1,Min=0,Max=255","Defines the WiFi SAR Tx Power Limit - 8bit unsigned with 5bit integer and 3bit fractional. 0x00 = 0b00000000 = 0.125dB; 0xFF = 0b11111111 = 31.875dB. Each step is equivalent to 0.125dB","sif 199=0;sif 1d4=0"
*,2a9481a84954a43e,9fb,1,6995,SAR 5460-5700 MHz Set4 Chain B,0,"Step=1,Min=0,Max=255","Defines the WiFi SAR Tx Power Limit - 8bit unsigned with 5bit integer and 3bit fractional. 0x00 = 0b00000000 = 0.125dB; 0xFF = 0b11111111 = 31.875dB. Each step is equivalent to 0.125dB","sif 199=0;sif 1d4=0"
*,2a9481a84954a43e,9fc,1,69ae,SAR 5720-5825 MHz Set4 Chain B,0,"Step=1,Min=0,Max=255","Defines the WiFi SAR Tx Power Limit - 8bit unsigned with 5bit integer and 3bit fractional. 0x00 = 0b00000000 = 0.125dB; 0xFF = 0b11111111 = 31.875dB. Each step is equivalent to 0.125dB","sif 199=0;sif 1d4=0"
*,2a9481a84954a43e,9fd,1,69c7,SAR 5845-6135 MHz Set4 Chain B,0,"Step=1,Min=0,Max=255","Defines the WiFi SAR Tx Power Limit - 8bit unsigned with 5bit integer and 3bit fractional. 0x00 = 0b00000000 = 0.125dB; 0xFF = 0b11111111 = 31.875dB. Each step is equivalent to 0.125dB","sif 199=0;sif 1d4=0"
*,2a9481a84954a43e,9fe,1,69e0,SAR 6155-6375 MHz Set4 Chain B,0,"Step=1,Min=0,Max=255","Defines the WiFi SAR Tx Power Limit - 8bit unsigned with 5bit integer and 3bit fractional. 0x00 = 0b00000000 = 0.125dB; 0xFF = 0b11111111 = 31.875dB. Each step is equivalent to 0.125dB","sif 199=0;sif 1d4=0"
*,2a9481a84954a43e,9ff,1,69f9,SAR 6395-6495 MHz Set4 Chain B,0,"Step=1,Min=0,Max=255","Defines the WiFi SAR Tx Power Limit - 8bit unsigned with 5bit integer and 3bit fractional. 0x00 = 0b00000000 = 0.125dB; 0xFF = 0b11111111 = 31.875dB. Each step is equivalent to 0.125dB","sif 199=0;sif 1d4=0"
*,2a9481a84954a43e,a00,1,6a12,SAR 6515-6675 MHz Set4 Chain B,0,"Step=1,Min=0,Max=255","Defines the WiFi SAR Tx Power Limit - 8bit unsigned with 5bit integer and 3bit fractional. 0x00 = 0b00000000 = 0.125dB; 0xFF = 0b11111111 = 31.875dB. Each step is equivalent to 0.125dB","sif 199=0;sif 1d4=0"
*,2a9481a84954a43e,a01,1,6a2b,SAR 6695-6835 MHz Set4 Chain B,0,"Step=1,Min=0,Max=255","Defines the WiFi SAR Tx Power Limit - 8bit unsigned with 5bit integer and 3bit fractional. 0x00 = 0b00000000 = 0.125dB; 0xFF = 0b11111111 = 31.875dB. Each step is equivalent to 0.125dB","sif 199=0;sif 1d4=0"
*,2a9481a84954a43e,a02,1,6a44,SAR 6855-7095 MHz Set4 Chain B,0,"Step=1,Min=0,Max=255","Defines the WiFi SAR Tx Power Limit - 8bit unsigned with 5bit integer and 3bit fractional. 0x00 = 0b00000000 = 0.125dB; 0xFF = 0b11111111 = 31.875dB. Each step is equivalent to 0.125dB","sif 199=0;sif 1d4=0"
*,2a9481a84954a43e,a32,1,6a5d,SAR CDB 2400 MHz Set2 Chain A,0,"Step=1,Min=0,Max=255","Defines the WiFi SAR Tx Power Limit - 8bit unsigned with 5bit integer and 3bit fractional. 0x00 = 0b00000000 = 0.125dB; 0xFF = 0b11111111 = 31.875dB. Each step is equivalent to 0.125dB","sif 199=0;sif 1d4=0"
*,2a9481a84954a43e,a33,1,6a76,SAR CDB 5180-5320 MHz Set2 Chain A,0,"Step=1,Min=0,Max=255","Defines the WiFi SAR Tx Power Limit - 8bit unsigned with 5bit integer and 3bit fractional. 0x00 = 0b00000000 = 0.125dB; 0xFF = 0b11111111 = 31.875dB. Each step is equivalent to 0.125dB","sif 199=0;sif 1d4=0"
*,2a9481a84954a43e,a34,1,6a8f,SAR CDB 5340-5440 MHz Set2 Chain A,0,"Step=1,Min=0,Max=255","Defines the WiFi SAR Tx Power Limit - 8bit unsigned with 5bit integer and 3bit fractional. 0x00 = 0b00000000 = 0.125dB; 0xFF = 0b11111111 = 31.875dB. Each step is equivalent to 0.125dB","sif 199=0;sif 1d4=0"
*,2a9481a84954a43e,a35,1,6aa8,SAR CDB 5460-5700 MHz Set2 Chain A,0,"Step=1,Min=0,Max=255","Defines the WiFi SAR Tx Power Limit - 8bit unsigned with 5bit integer and 3bit fractional. 0x00 = 0b00000000 = 0.125dB; 0xFF = 0b11111111 = 31.875dB. Each step is equivalent to 0.125dB","sif 199=0;sif 1d4=0"
*,2a9481a84954a43e,a36,1,6ac1,SAR CDB 5720-5825 MHz Set2 Chain A,0,"Step=1,Min=0,Max=255","Defines the WiFi SAR Tx Power Limit - 8bit unsigned with 5bit integer and 3bit fractional. 0x00 = 0b00000000 = 0.125dB; 0xFF = 0b11111111 = 31.875dB. Each step is equivalent to 0.125dB","sif 199=0;sif 1d4=0"
*,2a9481a84954a43e,a37,1,6ada,SAR CDB 5845-6135 MHz Set2 Chain A,0,"Step=1,Min=0,Max=255","Defines the WiFi SAR Tx Power Limit - 8bit unsigned with 5bit integer and 3bit fractional. 0x00 = 0b00000000 = 0.125dB; 0xFF = 0b11111111 = 31.875dB. Each step is equivalent to 0.125dB","sif 199=0;sif 1d4=0"
*,2a9481a84954a43e,a38,1,6af3,SAR CDB 6155-6375 MHz Set2 Chain A,0,"Step=1,Min=0,Max=255","Defines the WiFi SAR Tx Power Limit - 8bit unsigned with 5bit integer and 3bit fractional. 0x00 = 0b00000000 = 0.125dB; 0xFF = 0b11111111 = 31.875dB. Each step is equivalent to 0.125dB","sif 199=0;sif 1d4=0"
*,2a9481a84954a43e,a39,1,6b0c,SAR CDB 6395-6495 MHz Set2 Chain A,0,"Step=1,Min=0,Max=255","Defines the WiFi SAR Tx Power Limit - 8bit unsigned with 5bit integer and 3bit fractional. 0x00 = 0b00000000 = 0.125dB; 0xFF = 0b11111111 = 31.875dB. Each step is equivalent to 0.125dB","sif 199=0;sif 1d4=0"
*,2a9481a84954a43e,a3a,1,6b25,SAR CDB 6515-6675 MHz Set2 Chain A,0,"Step=1,Min=0,Max=255","Defines the WiFi SAR Tx Power Limit - 8bit unsigned with 5bit integer and 3bit fractional. 0x00 = 0b00000000 = 0.125dB; 0xFF = 0b11111111 = 31.875dB. Each step is equivalent to 0.125dB","sif 199=0;sif 1d4=0"
*,2a9481a84954a43e,a3b,1,6b3e,SAR CDB 6695-6835 MHz Set2 Chain A,0,"Step=1,Min=0,Max=255","Defines the WiFi SAR Tx Power Limit - 8bit unsigned with 5bit integer and 3bit fractional. 0x00 = 0b00000000 = 0.125dB; 0xFF = 0b11111111 = 31.875dB. Each step is equivalent to 0.125dB","sif 199=0;sif 1d4=0"
*,2a9481a84954a43e,a3c,1,6b57,SAR CDB 6855-7095 MHz Set2 Chain A,0,"Step=1,Min=0,Max=255","Defines the WiFi SAR Tx Power Limit - 8bit unsigned with 5bit integer and 3bit fractional. 0x00 = 0b00000000 = 0.125dB; 0xFF = 0b11111111 = 31.875dB. Each step is equivalent to 0.125dB","sif 199=0;sif 1d4=0"
*,2a9481a84954a43e,a3d,1,6b70,SAR CDB 2400 MHz Set2 Chain B,0,"Step=1,Min=0,Max=255","Defines the WiFi SAR Tx Power Limit - 8bit unsigned with 5bit integer and 3bit fractional. 0x00 = 0b00000000 = 0.125dB; 0xFF = 0b11111111 = 31.875dB. Each step is equivalent to 0.125dB","sif 199=0;sif 1d4=0"
*,2a9481a84954a43e,a3e,1,6b89,SAR CDB 5180-5320 MHz Set2 Chain B,0,"Step=1,Min=0,Max=255","Defines the WiFi SAR Tx Power Limit - 8bit unsigned with 5bit integer and 3bit fractional. 0x00 = 0b00000000 = 0.125dB; 0xFF = 0b11111111 = 31.875dB. Each step is equivalent to 0.125dB","sif 199=0;sif 1d4=0"
*,2a9481a84954a43e,a3f,1,6ba2,SAR CDB 5340-5440 MHz Set2 Chain B,0,"Step=1,Min=0,Max=255","Defines the WiFi SAR Tx Power Limit - 8bit unsigned with 5bit integer and 3bit fractional. 0x00 = 0b00000000 = 0.125dB; 0xFF = 0b11111111 = 31.875dB. Each step is equivalent to 0.125dB","sif 199=0;sif 1d4=0"
*,2a9481a84954a43e,a40,1,6bbb,SAR CDB 5460-5700 MHz Set2 Chain B,0,"Step=1,Min=0,Max=255","Defines the WiFi SAR Tx Power Limit - 8bit unsigned with 5bit integer and 3bit fractional. 0x00 = 0b00000000 = 0.125dB; 0xFF = 0b11111111 = 31.875dB. Each step is equivalent to 0.125dB","sif 199=0;sif 1d4=0"
*,2a9481a84954a43e,a41,1,6bd4,SAR CDB 5720-5825 MHz Set2 Chain B,0,"Step=1,Min=0,Max=255","Defines the WiFi SAR Tx Power Limit - 8bit unsigned with 5bit integer and 3bit fractional. 0x00 = 0b00000000 = 0.125dB; 0xFF = 0b11111111 = 31.875dB. Each step is equivalent to 0.125dB","sif 199=0;sif 1d4=0"
*,2a9481a84954a43e,a42,1,6bed,SAR CDB 5845-6135 MHz Set2 Chain B,0,"Step=1,Min=0,Max=255","Defines the WiFi SAR Tx Power Limit - 8bit unsigned with 5bit integer and 3bit fractional. 0x00 = 0b00000000 = 0.125dB; 0xFF = 0b11111111 = 31.875dB. Each step is equivalent to 0.125dB","sif 199=0;sif 1d4=0"
*,2a9481a84954a43e,a43,1,6c06,SAR CDB 6155-6375 MHz Set2 Chain B,0,"Step=1,Min=0,Max=255","Defines the WiFi SAR Tx Power Limit - 8bit unsigned with 5bit integer and 3bit fractional. 0x00 = 0b00000000 = 0.125dB; 0xFF = 0b11111111 = 31.875dB. Each step is equivalent to 0.125dB","sif 199=0;sif 1d4=0"
*,2a9481a84954a43e,a44,1,6c1f,SAR CDB 6395-6495 MHz Set2 Chain B,0,"Step=1,Min=0,Max=255","Defines the WiFi SAR Tx Power Limit - 8bit unsigned with 5bit integer and 3bit fractional. 0x00 = 0b00000000 = 0.125dB; 0xFF = 0b11111111 = 31.875dB. Each step is equivalent to 0.125dB","sif 199=0;sif 1d4=0"
*,2a9481a84954a43e,a45,1,6c38,SAR CDB 6515-6675 MHz Set2 Chain B,0,"Step=1,Min=0,Max=255","Defines the WiFi SAR Tx Power Limit - 8bit unsigned with 5bit integer and 3bit fractional. 0x00 = 0b00000000 = 0.125dB; 0xFF = 0b11111111 = 31.875dB. Each step is equivalent to 0.125dB","sif 199=0;sif 1d4=0"
*,2a9481a84954a43e,a46,1,6c51,SAR CDB 6695-6835 MHz Set2 Chain B,0,"Step=1,Min=0,Max=255","Defines the WiFi CDB SAR Tx Power Limit - 8bit unsigned with 5bit integer and 3bit fractional. 0x00 = 0b00000000 = 0.125dB; 0xFF = 0b11111111 = 31.875dB. Each step is equivalent to 0.125dB","sif 199=0;sif 1d4=0"
*,2a9481a84954a43e,a47,1,6c6a,SAR CDB 6855-7095 MHz Set2 Chain B,0,"Step=1,Min=0,Max=255","Defines the WiFi CDB SAR Tx Power Limit - 8bit unsigned with 5bit integer and 3bit fractional. 0x00 = 0b00000000 = 0.125dB; 0xFF = 0b11111111 = 31.875dB. Each step is equivalent to 0.125dB","sif 199=0;sif 1d4=0"
*,2a9481a84954a43e,a48,1,6c83,SAR CDB 2400 MHz Set3 Chain A,0,"Step=1,Min=0,Max=255","Defines the WiFi CDB SAR Tx Power Limit - 8bit unsigned with 5bit integer and 3bit fractional. 0x00 = 0b00000000 = 0.125dB; 0xFF = 0b11111111 = 31.875dB. Each step is equivalent to 0.125dB","sif 199=0;sif 1d4=0"
*,2a9481a84954a43e,a49,1,6c9c,SAR CDB 5180-5320 MHz Set3 Chain A,0,"Step=1,Min=0,Max=255","Defines the WiFi CDB SAR Tx Power Limit - 8bit unsigned with 5bit integer and 3bit fractional. 0x00 = 0b00000000 = 0.125dB; 0xFF = 0b11111111 = 31.875dB. Each step is equivalent to 0.125dB","sif 199=0;sif 1d4=0"
*,2a9481a84954a43e,a4a,1,6cb5,SAR CDB 5340-5440 MHz Set3 Chain A,0,"Step=1,Min=0,Max=255","Defines the WiFi CDB SAR Tx Power Limit - 8bit unsigned with 5bit integer and 3bit fractional. 0x00 = 0b00000000 = 0.125dB; 0xFF = 0b11111111 = 31.875dB. Each step is equivalent to 0.125dB","sif 199=0;sif 1d4=0"
*,2a9481a84954a43e,a4b,1,6cce,SAR CDB 5460-5700 MHz Set3 Chain A,0,"Step=1,Min=0,Max=255","Defines the WiFi CDB SAR Tx Power Limit - 8bit unsigned with 5bit integer and 3bit fractional. 0x00 = 0b00000000 = 0.125dB; 0xFF = 0b11111111 = 31.875dB. Each step is equivalent to 0.125dB","sif 199=0;sif 1d4=0"
*,2a9481a84954a43e,a4c,1,6ce7,SAR CDB 5720-5825 MHz Set3 Chain A,0,"Step=1,Min=0,Max=255","Defines the WiFi SAR Tx Power Limit - 8bit unsigned with 5bit integer and 3bit fractional. 0x00 = 0b00000000 = 0.125dB; 0xFF = 0b11111111 = 31.875dB. Each step is equivalent to 0.125dB","sif 199=0;sif 1d4=0"
*,2a9481a84954a43e,a4d,1,6d00,SAR CDB 5845-6135 MHz Set3 Chain A,0,"Step=1,Min=0,Max=255","Defines the WiFi SAR Tx Power Limit - 8bit unsigned with 5bit integer and 3bit fractional. 0x00 = 0b00000000 = 0.125dB; 0xFF = 0b11111111 = 31.875dB. Each step is equivalent to 0.125dB","sif 199=0;sif 1d4=0"
*,2a9481a84954a43e,a4e,1,6d19,SAR CDB 6155-6375 MHz Set3 Chain A,0,"Step=1,Min=0,Max=255","Defines the WiFi SAR Tx Power Limit - 8bit unsigned with 5bit integer and 3bit fractional. 0x00 = 0b00000000 = 0.125dB; 0xFF = 0b11111111 = 31.875dB. Each step is equivalent to 0.125dB","sif 199=0;sif 1d4=0"
*,2a9481a84954a43e,a4f,1,6d32,SAR CDB 6395-6495 MHz Set3 Chain A,0,"Step=1,Min=0,Max=255","Defines the WiFi SAR Tx Power Limit - 8bit unsigned with 5bit integer and 3bit fractional. 0x00 = 0b00000000 = 0.125dB; 0xFF = 0b11111111 = 31.875dB. Each step is equivalent to 0.125dB","sif 199=0;sif 1d4=0"
*,2a9481a84954a43e,a50,1,6d4b,SAR CDB 6515-6675 MHz Set3 Chain A,0,"Step=1,Min=0,Max=255","Defines the WiFi SAR Tx Power Limit - 8bit unsigned with 5bit integer and 3bit fractional. 0x00 = 0b00000000 = 0.125dB; 0xFF = 0b11111111 = 31.875dB. Each step is equivalent to 0.125dB","sif 199=0;sif 1d4=0"
*,2a9481a84954a43e,a51,1,6d64,SAR CDB 6695-6835 MHz Set3 Chain A,0,"Step=1,Min=0,Max=255","Defines the WiFi SAR Tx Power Limit - 8bit unsigned with 5bit integer and 3bit fractional. 0x00 = 0b00000000 = 0.125dB; 0xFF = 0b11111111 = 31.875dB. Each step is equivalent to 0.125dB","sif 199=0;sif 1d4=0"
*,2a9481a84954a43e,a52,1,6d7d,SAR CDB 6855-7095 MHz Set3 Chain A,0,"Step=1,Min=0,Max=255","Defines the WiFi SAR Tx Power Limit - 8bit unsigned with 5bit integer and 3bit fractional. 0x00 = 0b00000000 = 0.125dB; 0xFF = 0b11111111 = 31.875dB. Each step is equivalent to 0.125dB","sif 199=0;sif 1d4=0"
*,2a9481a84954a43e,a53,1,6d96,SAR CDB 2400 MHz Set3 Chain B,0,"Step=1,Min=0,Max=255","Defines the WiFi SAR Tx Power Limit - 8bit unsigned with 5bit integer and 3bit fractional. 0x00 = 0b00000000 = 0.125dB; 0xFF = 0b11111111 = 31.875dB. Each step is equivalent to 0.125dB","sif 199=0;sif 1d4=0"
*,2a9481a84954a43e,a54,1,6daf,SAR CDB 5180-5320 MHz Set3 Chain B,0,"Step=1,Min=0,Max=255","Defines the WiFi SAR Tx Power Limit - 8bit unsigned with 5bit integer and 3bit fractional. 0x00 = 0b00000000 = 0.125dB; 0xFF = 0b11111111 = 31.875dB. Each step is equivalent to 0.125dB","sif 199=0;sif 1d4=0"
*,2a9481a84954a43e,a55,1,6dc8,SAR CDB 5340-5440 MHz Set3 Chain B,0,"Step=1,Min=0,Max=255","Defines the WiFi SAR Tx Power Limit - 8bit unsigned with 5bit integer and 3bit fractional. 0x00 = 0b00000000 = 0.125dB; 0xFF = 0b11111111 = 31.875dB. Each step is equivalent to 0.125dB","sif 199=0;sif 1d4=0"
*,2a9481a84954a43e,a56,1,6de1,SAR CDB 5460-5700 MHz Set3 Chain B,0,"Step=1,Min=0,Max=255","Defines the WiFi SAR Tx Power Limit - 8bit unsigned with 5bit integer and 3bit fractional. 0x00 = 0b00000000 = 0.125dB; 0xFF = 0b11111111 = 31.875dB. Each step is equivalent to 0.125dB","sif 199=0;sif 1d4=0"
*,2a9481a84954a43e,a57,1,6dfa,SAR CDB 5720-5825 MHz Set3 Chain B,0,"Step=1,Min=0,Max=255","Defines the WiFi SAR Tx Power Limit - 8bit unsigned with 5bit integer and 3bit fractional. 0x00 = 0b00000000 = 0.125dB; 0xFF = 0b11111111 = 31.875dB. Each step is equivalent to 0.125dB","sif 199=0;sif 1d4=0"
*,2a9481a84954a43e,a58,1,6e13,SAR CDB 5845-6135 MHz Set3 Chain B,0,"Step=1,Min=0,Max=255","Defines the WiFi SAR Tx Power Limit - 8bit unsigned with 5bit integer and 3bit fractional. 0x00 = 0b00000000 = 0.125dB; 0xFF = 0b11111111 = 31.875dB. Each step is equivalent to 0.125dB","sif 199=0;sif 1d4=0"
*,2a9481a84954a43e,a59,1,6e2c,SAR CDB 6155-6375 MHz Set3 Chain B,0,"Step=1,Min=0,Max=255","Defines the WiFi SAR Tx Power Limit - 8bit unsigned with 5bit integer and 3bit fractional. 0x00 = 0b00000000 = 0.125dB; 0xFF = 0b11111111 = 31.875dB. Each step is equivalent to 0.125dB","sif 199=0;sif 1d4=0"
*,2a9481a84954a43e,a5a,1,6e45,SAR CDB 6395-6495 MHz Set3 Chain B,0,"Step=1,Min=0,Max=255","Defines the WiFi SAR Tx Power Limit - 8bit unsigned with 5bit integer and 3bit fractional. 0x00 = 0b00000000 = 0.125dB; 0xFF = 0b11111111 = 31.875dB. Each step is equivalent to 0.125dB","sif 199=0;sif 1d4=0"
*,2a9481a84954a43e,a5b,1,6e5e,SAR CDB 6515-6675 MHz Set3 Chain B,0,"Step=1,Min=0,Max=255","Defines the WiFi SAR Tx Power Limit - 8bit unsigned with 5bit integer and 3bit fractional. 0x00 = 0b00000000 = 0.125dB; 0xFF = 0b11111111 = 31.875dB. Each step is equivalent to 0.125dB","sif 199=0;sif 1d4=0"
*,2a9481a84954a43e,a5c,1,6e77,SAR CDB 6695-6835 MHz Set3 Chain B,0,"Step=1,Min=0,Max=255","Defines the WiFi SAR Tx Power Limit - 8bit unsigned with 5bit integer and 3bit fractional. 0x00 = 0b00000000 = 0.125dB; 0xFF = 0b11111111 = 31.875dB. Each step is equivalent to 0.125dB","sif 199=0;sif 1d4=0"
*,2a9481a84954a43e,a5d,1,6e90,SAR CDB 6855-7095 MHz Set3 Chain B,0,"Step=1,Min=0,Max=255","Defines the WiFi SAR Tx Power Limit - 8bit unsigned with 5bit integer and 3bit fractional. 0x00 = 0b00000000 = 0.125dB; 0xFF = 0b11111111 = 31.875dB. Each step is equivalent to 0.125dB","sif 199=0;sif 1d4=0"
*,2a9481a84954a43e,a5e,1,6ea9,SAR CDB 2400 MHz Set4 Chain A,0,"Step=1,Min=0,Max=255","Defines the WiFi SAR Tx Power Limit - 8bit unsigned with 5bit integer and 3bit fractional. 0x00 = 0b00000000 = 0.125dB; 0xFF = 0b11111111 = 31.875dB. Each step is equivalent to 0.125dB","sif 199=0;sif 1d4=0"
*,2a9481a84954a43e,a5f,1,6ec2,SAR CDB 5180-5320 MHz Set4 Chain A,0,"Step=1,Min=0,Max=255","Defines the WiFi SAR Tx Power Limit - 8bit unsigned with 5bit integer and 3bit fractional. 0x00 = 0b00000000 = 0.125dB; 0xFF = 0b11111111 = 31.875dB. Each step is equivalent to 0.125dB","sif 199=0;sif 1d4=0"
*,2a9481a84954a43e,a60,1,6edb,SAR CDB 5340-5440 MHz Set4 Chain A,0,"Step=1,Min=0,Max=255","Defines the WiFi SAR Tx Power Limit - 8bit unsigned with 5bit integer and 3bit fractional. 0x00 = 0b00000000 = 0.125dB; 0xFF = 0b11111111 = 31.875dB. Each step is equivalent to 0.125dB","sif 199=0;sif 1d4=0"
*,2a9481a84954a43e,a61,1,6ef4,SAR CDB 5460-5700 MHz Set4 Chain A,0,"Step=1,Min=0,Max=255","Defines the WiFi SAR Tx Power Limit - 8bit unsigned with 5bit integer and 3bit fractional. 0x00 = 0b00000000 = 0.125dB; 0xFF = 0b11111111 = 31.875dB. Each step is equivalent to 0.125dB","sif 199=0;sif 1d4=0"
*,2a9481a84954a43e,a62,1,6f0d,SAR CDB 5720-5825 MHz Set4 Chain A,0,"Step=1,Min=0,Max=255","Defines the WiFi SAR Tx Power Limit - 8bit unsigned with 5bit integer and 3bit fractional. 0x00 = 0b00000000 = 0.125dB; 0xFF = 0b11111111 = 31.875dB. Each step is equivalent to 0.125dB","sif 199=0;sif 1d4=0"
*,2a9481a84954a43e,a63,1,6f26,SAR CDB 5845-6135 MHz Set4 Chain A,0,"Step=1,Min=0,Max=255","Defines the WiFi SAR Tx Power Limit - 8bit unsigned with 5bit integer and 3bit fractional. 0x00 = 0b00000000 = 0.125dB; 0xFF = 0b11111111 = 31.875dB. Each step is equivalent to 0.125dB","sif 199=0;sif 1d4=0"
*,2a9481a84954a43e,a64,1,6f3f,SAR CDB 6155-6375 MHz Set4 Chain A,0,"Step=1,Min=0,Max=255","Defines the WiFi SAR Tx Power Limit - 8bit unsigned with 5bit integer and 3bit fractional. 0x00 = 0b00000000 = 0.125dB; 0xFF = 0b11111111 = 31.875dB. Each step is equivalent to 0.125dB","sif 199=0;sif 1d4=0"
*,2a9481a84954a43e,a65,1,6f58,SAR CDB 6395-6495 MHz Set4 Chain A,0,"Step=1,Min=0,Max=255","Defines the WiFi SAR Tx Power Limit - 8bit unsigned with 5bit integer and 3bit fractional. 0x00 = 0b00000000 = 0.125dB; 0xFF = 0b11111111 = 31.875dB. Each step is equivalent to 0.125dB","sif 199=0;sif 1d4=0"
*,2a9481a84954a43e,a66,1,6f71,SAR CDB 6515-6675 MHz Set4 Chain A,0,"Step=1,Min=0,Max=255","Defines the WiFi SAR Tx Power Limit - 8bit unsigned with 5bit integer and 3bit fractional. 0x00 = 0b00000000 = 0.125dB; 0xFF = 0b11111111 = 31.875dB. Each step is equivalent to 0.125dB","sif 199=0;sif 1d4=0"
*,2a9481a84954a43e,a67,1,6f8a,SAR CDB 6695-6835 MHz Set4 Chain A,0,"Step=1,Min=0,Max=255","Defines the WiFi SAR Tx Power Limit - 8bit unsigned with 5bit integer and 3bit fractional. 0x00 = 0b00000000 = 0.125dB; 0xFF = 0b11111111 = 31.875dB. Each step is equivalent to 0.125dB","sif 199=0;sif 1d4=0"
*,2a9481a84954a43e,a68,1,6fa3,SAR CDB 6855-7095 MHz Set4 Chain A,0,"Step=1,Min=0,Max=255","Defines the WiFi SAR Tx Power Limit - 8bit unsigned with 5bit integer and 3bit fractional. 0x00 = 0b00000000 = 0.125dB; 0xFF = 0b11111111 = 31.875dB. Each step is equivalent to 0.125dB","sif 199=0;sif 1d4=0"
*,2a9481a84954a43e,a69,1,6fbc,SAR CDB 2400 MHz Set4 Chain B,0,"Step=1,Min=0,Max=255","Defines the WiFi SAR Tx Power Limit - 8bit unsigned with 5bit integer and 3bit fractional. 0x00 = 0b00000000 = 0.125dB; 0xFF = 0b11111111 = 31.875dB. Each step is equivalent to 0.125dB","sif 199=0;sif 1d4=0"
*,2a9481a84954a43e,a6a,1,6fd5,SAR CDB 5180-5320 MHz Set4 Chain B,0,"Step=1,Min=0,Max=255","Defines the WiFi SAR Tx Power Limit - 8bit unsigned with 5bit integer and 3bit fractional. 0x00 = 0b00000000 = 0.125dB; 0xFF = 0b11111111 = 31.875dB. Each step is equivalent to 0.125dB","sif 199=0;sif 1d4=0"
*,2a9481a84954a43e,a6b,1,6fee,SAR CDB 5340-5440 MHz Set4 Chain B,0,"Step=1,Min=0,Max=255","Defines the WiFi SAR Tx Power Limit - 8bit unsigned with 5bit integer and 3bit fractional. 0x00 = 0b00000000 = 0.125dB; 0xFF = 0b11111111 = 31.875dB. Each step is equivalent to 0.125dB","sif 199=0;sif 1d4=0"
*,2a9481a84954a43e,a6c,1,7007,SAR CDB 5460-5700 MHz Set4 Chain B,0,"Step=1,Min=0,Max=255","Defines the WiFi SAR Tx Power Limit - 8bit unsigned with 5bit integer and 3bit fractional. 0x00 = 0b00000000 = 0.125dB; 0xFF = 0b11111111 = 31.875dB. Each step is equivalent to 0.125dB","sif 199=0;sif 1d4=0"
*,2a9481a84954a43e,a6d,1,7020,SAR CDB 5720-5825 MHz Set4 Chain B,0,"Step=1,Min=0,Max=255","Defines the WiFi SAR Tx Power Limit - 8bit unsigned with 5bit integer and 3bit fractional. 0x00 = 0b00000000 = 0.125dB; 0xFF = 0b11111111 = 31.875dB. Each step is equivalent to 0.125dB","sif 199=0;sif 1d4=0"
*,2a9481a84954a43e,a6e,1,7039,SAR CDB 5845-6135 MHz Set4 Chain B,0,"Step=1,Min=0,Max=255","Defines the WiFi SAR Tx Power Limit - 8bit unsigned with 5bit integer and 3bit fractional. 0x00 = 0b00000000 = 0.125dB; 0xFF = 0b11111111 = 31.875dB. Each step is equivalent to 0.125dB","sif 199=0;sif 1d4=0"
*,2a9481a84954a43e,a6f,1,7052,SAR CDB 6155-6375 MHz Set4 Chain B,0,"Step=1,Min=0,Max=255","Defines the WiFi SAR Tx Power Limit - 8bit unsigned with 5bit integer and 3bit fractional. 0x00 = 0b00000000 = 0.125dB; 0xFF = 0b11111111 = 31.875dB. Each step is equivalent to 0.125dB","sif 199=0;sif 1d4=0"
*,2a9481a84954a43e,a70,1,706b,SAR CDB 6395-6495 MHz Set4 Chain B,0,"Step=1,Min=0,Max=255","Defines the WiFi SAR Tx Power Limit - 8bit unsigned with 5bit integer and 3bit fractional. 0x00 = 0b00000000 = 0.125dB; 0xFF = 0b11111111 = 31.875dB. Each step is equivalent to 0.125dB","sif 199=0;sif 1d4=0"
*,2a9481a84954a43e,a71,1,7084,SAR CDB 6515-6675 MHz Set4 Chain B,0,"Step=1,Min=0,Max=255","Defines the WiFi SAR Tx Power Limit - 8bit unsigned with 5bit integer and 3bit fractional. 0x00 = 0b00000000 = 0.125dB; 0xFF = 0b11111111 = 31.875dB. Each step is equivalent to 0.125dB","sif 199=0;sif 1d4=0"
*,2a9481a84954a43e,a72,1,709d,SAR CDB 6695-6835 MHz Set4 Chain B,0,"Step=1,Min=0,Max=255","Defines the WiFi SAR Tx Power Limit - 8bit unsigned with 5bit integer and 3bit fractional. 0x00 = 0b00000000 = 0.125dB; 0xFF = 0b11111111 = 31.875dB. Each step is equivalent to 0.125dB","sif 199=0;sif 1d4=0"
*,2a9481a84954a43e,a73,1,70b6,SAR CDB 6855-7095 MHz Set4 Chain B,0,"Step=1,Min=0,Max=255","Defines the WiFi SAR Tx Power Limit - 8bit unsigned with 5bit integer and 3bit fractional. 0x00 = 0b00000000 = 0.125dB; 0xFF = 0b11111111 = 31.875dB. Each step is equivalent to 0.125dB","sif 199=0;sif 1d4=0"
*,2a9481a84954a43e,b4a,1,7151,Number of Groups,3,"Step=1,Min=0,Max=8","The Number of Group that supported. The first 3 Mandatory. 4-7 OEMs customizations.","sif 199=0"
*,2a9481a84954a43e,767,1,716a,SAR 2400 MHz Max Allowed for Group 1,255,"Step=1,Min=0,Max=255","Defines the WiFi SAR Delta Value to be applied - 8bit unsigned with 5bit integer and 3bit fractional. 0x00 = 0b00000000 = 0.125dB; 0xFF = 0b11111111 = 31.875dB. Each step is equivalent to 0.125dB","sif 199=0"
*,2a9481a84954a43e,768,1,7183,SAR 2400 MHz Chain A Offset for Group 1,0,"Step=1,Min=0,Max=255","Defines the WiFi SAR Delta Value to be applied - 8bit unsigned with 5bit integer and 3bit fractional. 0x00 = 0b00000000 = 0.125dB; 0xFF = 0b11111111 = 31.875dB. Each step is equivalent to 0.125dB","sif 199=0"
*,2a9481a84954a43e,769,1,719c,SAR 2400 MHz Chain B Offset for Group 1,0,"Step=1,Min=0,Max=255","Defines the WiFi SAR Delta Value to be applied - 8bit unsigned with 5bit integer and 3bit fractional. 0x00 = 0b00000000 = 0.125dB; 0xFF = 0b11111111 = 31.875dB. Each step is equivalent to 0.125dB","sif 199=0"
*,2a9481a84954a43e,76a,1,71b5,SAR 5200 MHz Max Allowed for Group 1,255,"Step=1,Min=0,Max=255","Defines the WiFi SAR Delta Value to be applied - 8bit unsigned with 5bit integer and 3bit fractional. 0x00 = 0b00000000 = 0.125dB; 0xFF = 0b11111111 = 31.875dB. Each step is equivalent to 0.125dB","sif 199=0"
*,2a9481a84954a43e,76b,1,71ce,SAR 5200 MHz Chain A Offset for Group 1,0,"Step=1,Min=0,Max=255","Defines the WiFi SAR Delta Value to be applied - 8bit unsigned with 5bit integer and 3bit fractional. 0x00 = 0b00000000 = 0.125dB; 0xFF = 0b11111111 = 31.875dB. Each step is equivalent to 0.125dB","sif 199=0"
*,2a9481a84954a43e,76c,1,71e7,SAR 5200 MHz Chain B Offset for Group 1,0,"Step=1,Min=0,Max=255","Defines the WiFi SAR Tx Power Limit - 8bit unsigned with 5bit integer and 3bit fractional. 0x00 = 0b00000000 = 0.125dB; 0xFF = 0b11111111 = 31.875dB. Each step is equivalent to 0.125dB","sif 199=0"
*,2a9481a84954a43e,a13,1,7200,SAR 6000-7000 MHz Max Allowed for Group 1,255,"Step=1,Min=0,Max=255","Defines the WiFi SAR Delta Value to be applied - 8bit unsigned with 5bit integer and 3bit fractional. 0x00 = 0b00000000 = 0.125dB; 0xFF = 0b11111111 = 31.875dB. Each step is equivalent to 0.125dB","sif 199=0"
*,2a9481a84954a43e,a14,1,7219,SAR 6000-7000 MHz Chain A Offset for Group 1,0,"Step=1,Min=0,Max=255","Defines the WiFi SAR Delta Value to be applied - 8bit unsigned with 5bit integer and 3bit fractional. 0x00 = 0b00000000 = 0.125dB; 0xFF = 0b11111111 = 31.875dB. Each step is equivalent to 0.125dB","sif 199=0"
*,2a9481a84954a43e,a15,1,7232,SAR 6000-7000 MHz Chain B Offset for Group 1,0,"Step=1,Min=0,Max=255","Defines the WiFi SAR Tx Power Limit - 8bit unsigned with 5bit integer and 3bit fractional. 0x00 = 0b00000000 = 0.125dB; 0xFF = 0b11111111 = 31.875dB. Each step is equivalent to 0.125dB","sif 199=0"
*,2a9481a84954a43e,76d,1,724b,SAR 2400 MHz Max Allowed for Group 2,255,"Step=1,Min=0,Max=255","Defines the WiFi SAR Delta Value to be applied - 8bit unsigned with 5bit integer and 3bit fractional. 0x00 = 0b00000000 = 0.125dB; 0xFF = 0b11111111 = 31.875dB. Each step is equivalent to 0.125dB","sif 199=0"
*,2a9481a84954a43e,76e,1,7264,SAR 2400 MHz Chain A Offset for Group 2,0,"Step=1,Min=0,Max=255","Defines the WiFi SAR Delta Value to be applied - 8bit unsigned with 5bit integer and 3bit fractional. 0x00 = 0b00000000 = 0.125dB; 0xFF = 0b11111111 = 31.875dB. Each step is equivalent to 0.125dB","sif 199=0"
*,2a9481a84954a43e,76f,1,727d,SAR 2400 MHz Chain B Offset for Group 2,0,"Step=1,Min=0,Max=255","Defines the WiFi SAR Delta Value to be applied - 8bit unsigned with 5bit integer and 3bit fractional. 0x00 = 0b00000000 = 0.125dB; 0xFF = 0b11111111 = 31.875dB. Each step is equivalent to 0.125dB","sif 199=0"
*,2a9481a84954a43e,770,1,7296,SAR 5200 MHz Max Allowed for Group 2,255,"Step=1,Min=0,Max=255","Defines the WiFi SAR Delta Value to be applied - 8bit unsigned with 5bit integer and 3bit fractional. 0x00 = 0b00000000 = 0.125dB; 0xFF = 0b11111111 = 31.875dB. Each step is equivalent to 0.125dB","sif 199=0"
*,2a9481a84954a43e,771,1,72af,SAR 5200 MHz Chain A Offset for Group 2,0,"Step=1,Min=0,Max=255","Defines the WiFi SAR Delta Value to be applied - 8bit unsigned with 5bit integer and 3bit fractional. 0x00 = 0b00000000 = 0.125dB; 0xFF = 0b11111111 = 31.875dB. Each step is equivalent to 0.125dB","sif 199=0"
*,2a9481a84954a43e,772,1,72c8,SAR 5200 MHz Chain B Offset for Group 2,0,"Step=1,Min=0,Max=255","Defines the WiFi SAR Delta Value to be applied - 8bit unsigned with 5bit integer and 3bit fractional. 0x00 = 0b00000000 = 0.125dB; 0xFF = 0b11111111 = 31.875dB. Each step is equivalent to 0.125dB","sif 199=0"
*,2a9481a84954a43e,a16,1,72e1,SAR 6000-7000 MHz Max Allowed for Group 2,255,"Step=1,Min=0,Max=255","Defines the WiFi SAR Delta Value to be applied - 8bit unsigned with 5bit integer and 3bit fractional. 0x00 = 0b00000000 = 0.125dB; 0xFF = 0b11111111 = 31.875dB. Each step is equivalent to 0.125dB","sif 199=0"
*,2a9481a84954a43e,a17,1,72fa,SAR 6000-7000 MHz Chain A Offset for Group 2,0,"Step=1,Min=0,Max=255","Defines the WiFi SAR Delta Value to be applied - 8bit unsigned with 5bit integer and 3bit fractional. 0x00 = 0b00000000 = 0.125dB; 0xFF = 0b11111111 = 31.875dB. Each step is equivalent to 0.125dB","sif 199=0"
*,2a9481a84954a43e,a18,1,7313,SAR 6000-7000 MHz Chain B Offset for Group 2,0,"Step=1,Min=0,Max=255","Defines the WiFi SAR Tx Power Limit - 8bit unsigned with 5bit integer and 3bit fractional. 0x00 = 0b00000000 = 0.125dB; 0xFF = 0b11111111 = 31.875dB. Each step is equivalent to 0.125dB","sif 199=0"
*,2a9481a84954a43e,773,1,732c,SAR 2400 MHz Max Allowed for Group 3,255,"Step=1,Min=0,Max=255","Defines the WiFi SAR Delta Value to be applied - 8bit unsigned with 5bit integer and 3bit fractional. 0x00 = 0b00000000 = 0.125dB; 0xFF = 0b11111111 = 31.875dB. Each step is equivalent to 0.125dB","sif 199=0"
*,2a9481a84954a43e,774,1,7345,SAR 2400 MHz Chain A Offset for Group 3,0,"Step=1,Min=0,Max=255","Defines the WiFi SAR Delta Value to be applied - 8bit unsigned with 5bit integer and 3bit fractional. 0x00 = 0b00000000 = 0.125dB; 0xFF = 0b11111111 = 31.875dB. Each step is equivalent to 0.125dB","sif 199=0"
*,2a9481a84954a43e,775,1,735e,SAR 2400 MHz Chain B Offset for Group 3,0,"Step=1,Min=0,Max=255","Defines the WiFi SAR Delta Value to be applied - 8bit unsigned with 5bit integer and 3bit fractional. 0x00 = 0b00000000 = 0.125dB; 0xFF = 0b11111111 = 31.875dB. Each step is equivalent to 0.125dB","sif 199=0"
*,2a9481a84954a43e,776,1,7377,SAR 5200 MHz Max Allowed for Group 3,255,"Step=1,Min=0,Max=255","Defines the WiFi SAR Delta Value to be applied - 8bit unsigned with 5bit integer and 3bit fractional. 0x00 = 0b00000000 = 0.125dB; 0xFF = 0b11111111 = 31.875dB. Each step is equivalent to 0.125dB","sif 199=0"
*,2a9481a84954a43e,777,1,7390,SAR 5200 MHz Chain A Offset for Group 3,0,"Step=1,Min=0,Max=255","Defines the WiFi SAR Delta Value to be applied - 8bit unsigned with 5bit integer and 3bit fractional. 0x00 = 0b00000000 = 0.125dB; 0xFF = 0b11111111 = 31.875dB. Each step is equivalent to 0.125dB","sif 199=0"
*,2a9481a84954a43e,778,1,73a9,SAR 5200 MHz Chain B Offset for Group 3,0,"Step=1,Min=0,Max=255","Defines the WiFi SAR Tx Power Limit - 8bit unsigned with 5bit integer and 3bit fractional. 0x00 = 0b00000000 = 0.125dB; 0xFF = 0b11111111 = 31.875dB. Each step is equivalent to 0.125dB","sif 199=0"
*,2a9481a84954a43e,a19,1,73c2,SAR 6000-7000 MHz Max Allowed for Group 3,255,"Step=1,Min=0,Max=255","Defines the WiFi SAR Delta Value to be applied - 8bit unsigned with 5bit integer and 3bit fractional. 0x00 = 0b00000000 = 0.125dB; 0xFF = 0b11111111 = 31.875dB. Each step is equivalent to 0.125dB","sif 199=0"
*,2a9481a84954a43e,a1a,1,73db,SAR 6000-7000 MHz Chain A Offset for Group 3,0,"Step=1,Min=0,Max=255","Defines the WiFi SAR Delta Value to be applied - 8bit unsigned with 5bit integer and 3bit fractional. 0x00 = 0b00000000 = 0.125dB; 0xFF = 0b11111111 = 31.875dB. Each step is equivalent to 0.125dB","sif 199=0"
*,2a9481a84954a43e,a1b,1,73f4,SAR 6000-7000 MHz Chain B Offset for Group 3,0,"Step=1,Min=0,Max=255","Defines the WiFi SAR Tx Power Limit - 8bit unsigned with 5bit integer and 3bit fractional. 0x00 = 0b00000000 = 0.125dB; 0xFF = 0b11111111 = 31.875dB. Each step is equivalent to 0.125dB","sif 199=0"
*,2a9481a84954a43e,b4b,1,740d,SAR 2400 MHz Max Allowed for Group 4,255,"Step=1,Min=0,Max=255","Defines the WiFi SAR Delta Value to be applied - 8bit unsigned with 5bit integer and 3bit fractional. 0x00 = 0b00000000 = 0.125dB; 0xFF = 0b11111111 = 31.875dB. Each step is equivalent to 0.125dB","sif 199=0"
*,2a9481a84954a43e,b4c,1,7426,SAR 2400 MHz Chain A Offset for Group 4,0,"Step=1,Min=0,Max=255","Defines the WiFi SAR Delta Value to be applied - 8bit unsigned with 5bit integer and 3bit fractional. 0x00 = 0b00000000 = 0.125dB; 0xFF = 0b11111111 = 31.875dB. Each step is equivalent to 0.125dB","sif 199=0"
*,2a9481a84954a43e,b4d,1,743f,SAR 2400 MHz Chain B Offset for Group 4,0,"Step=1,Min=0,Max=255","Defines the WiFi SAR Delta Value to be applied - 8bit unsigned with 5bit integer and 3bit fractional. 0x00 = 0b00000000 = 0.125dB; 0xFF = 0b11111111 = 31.875dB. Each step is equivalent to 0.125dB","sif 199=0"
*,2a9481a84954a43e,b4e,1,7458,SAR 5200 MHz Max Allowed for Group 4,255,"Step=1,Min=0,Max=255","Defines the WiFi SAR Delta Value to be applied - 8bit unsigned with 5bit integer and 3bit fractional. 0x00 = 0b00000000 = 0.125dB; 0xFF = 0b11111111 = 31.875dB. Each step is equivalent to 0.125dB","sif 199=0"
*,2a9481a84954a43e,b4f,1,7471,SAR 5200 MHz Chain A Offset for Group 4,0,"Step=1,Min=0,Max=255","Defines the WiFi SAR Delta Value to be applied - 8bit unsigned with 5bit integer and 3bit fractional. 0x00 = 0b00000000 = 0.125dB; 0xFF = 0b11111111 = 31.875dB. Each step is equivalent to 0.125dB","sif 199=0"
*,2a9481a84954a43e,b50,1,748a,SAR 5200 MHz Chain B Offset for Group 4,0,"Step=1,Min=0,Max=255","Defines the WiFi SAR Tx Power Limit - 8bit unsigned with 5bit integer and 3bit fractional. 0x00 = 0b00000000 = 0.125dB; 0xFF = 0b11111111 = 31.875dB. Each step is equivalent to 0.125dB","sif 199=0"
*,2a9481a84954a43e,b51,1,74a3,SAR 6000-7000 MHz Max Allowed for Group 4,255,"Step=1,Min=0,Max=255","Defines the WiFi SAR Delta Value to be applied - 8bit unsigned with 5bit integer and 3bit fractional. 0x00 = 0b00000000 = 0.125dB; 0xFF = 0b11111111 = 31.875dB. Each step is equivalent to 0.125dB","sif 199=0"
*,2a9481a84954a43e,b52,1,74bc,SAR 6000-7000 MHz Chain A Offset for Group 4,0,"Step=1,Min=0,Max=255","Defines the WiFi SAR Delta Value to be applied - 8bit unsigned with 5bit integer and 3bit fractional. 0x00 = 0b00000000 = 0.125dB; 0xFF = 0b11111111 = 31.875dB. Each step is equivalent to 0.125dB","sif 199=0"
*,2a9481a84954a43e,b53,1,74d5,SAR 6000-7000 MHz Chain B Offset for Group 4,0,"Step=1,Min=0,Max=255","Defines the WiFi SAR Tx Power Limit - 8bit unsigned with 5bit integer and 3bit fractional. 0x00 = 0b00000000 = 0.125dB; 0xFF = 0b11111111 = 31.875dB. Each step is equivalent to 0.125dB","sif 199=0"
*,2a9481a84954a43e,b54,1,74ee,SAR 2400 MHz Max Allowed for Group 5,255,"Step=1,Min=0,Max=255","Defines the WiFi SAR Delta Value to be applied - 8bit unsigned with 5bit integer and 3bit fractional. 0x00 = 0b00000000 = 0.125dB; 0xFF = 0b11111111 = 31.875dB. Each step is equivalent to 0.125dB","sif 199=0"
*,2a9481a84954a43e,b55,1,7507,SAR 2400 MHz Chain A Offset for Group 5,0,"Step=1,Min=0,Max=255","Defines the WiFi SAR Delta Value to be applied - 8bit unsigned with 5bit integer and 3bit fractional. 0x00 = 0b00000000 = 0.125dB; 0xFF = 0b11111111 = 31.875dB. Each step is equivalent to 0.125dB","sif 199=0"
*,2a9481a84954a43e,b56,1,7520,SAR 2400 MHz Chain B Offset for Group 5,0,"Step=1,Min=0,Max=255","Defines the WiFi SAR Delta Value to be applied - 8bit unsigned with 5bit integer and 3bit fractional. 0x00 = 0b00000000 = 0.125dB; 0xFF = 0b11111111 = 31.875dB. Each step is equivalent to 0.125dB","sif 199=0"
*,2a9481a84954a43e,b57,1,7539,SAR 5200 MHz Max Allowed for Group 5,255,"Step=1,Min=0,Max=255","Defines the WiFi SAR Delta Value to be applied - 8bit unsigned with 5bit integer and 3bit fractional. 0x00 = 0b00000000 = 0.125dB; 0xFF = 0b11111111 = 31.875dB. Each step is equivalent to 0.125dB","sif 199=0"
*,2a9481a84954a43e,b58,1,7552,SAR 5200 MHz Chain A Offset for Group 5,0,"Step=1,Min=0,Max=255","Defines the WiFi SAR Delta Value to be applied - 8bit unsigned with 5bit integer and 3bit fractional. 0x00 = 0b00000000 = 0.125dB; 0xFF = 0b11111111 = 31.875dB. Each step is equivalent to 0.125dB","sif 199=0"
*,2a9481a84954a43e,b59,1,756b,SAR 5200 MHz Chain B Offset for Group 5,0,"Step=1,Min=0,Max=255","Defines the WiFi SAR Tx Power Limit - 8bit unsigned with 5bit integer and 3bit fractional. 0x00 = 0b00000000 = 0.125dB; 0xFF = 0b11111111 = 31.875dB. Each step is equivalent to 0.125dB","sif 199=0"
*,2a9481a84954a43e,b5a,1,7584,SAR 6000-7000 MHz Max Allowed for Group 5,255,"Step=1,Min=0,Max=255","Defines the WiFi SAR Delta Value to be applied - 8bit unsigned with 5bit integer and 3bit fractional. 0x00 = 0b00000000 = 0.125dB; 0xFF = 0b11111111 = 31.875dB. Each step is equivalent to 0.125dB","sif 199=0"
*,2a9481a84954a43e,b5b,1,759d,SAR 6000-7000 MHz Chain A Offset for Group 5,0,"Step=1,Min=0,Max=255","Defines the WiFi SAR Delta Value to be applied - 8bit unsigned with 5bit integer and 3bit fractional. 0x00 = 0b00000000 = 0.125dB; 0xFF = 0b11111111 = 31.875dB. Each step is equivalent to 0.125dB","sif 199=0"
*,2a9481a84954a43e,b5c,1,75b6,SAR 6000-7000 MHz Chain B Offset for Group 5,0,"Step=1,Min=0,Max=255","Defines the WiFi SAR Tx Power Limit - 8bit unsigned with 5bit integer and 3bit fractional. 0x00 = 0b00000000 = 0.125dB; 0xFF = 0b11111111 = 31.875dB. Each step is equivalent to 0.125dB","sif 199=0"
*,2a9481a84954a43e,b5d,1,75cf,SAR 2400 MHz Max Allowed for Group 6,255,"Step=1,Min=0,Max=255","Defines the WiFi SAR Delta Value to be applied - 8bit unsigned with 5bit integer and 3bit fractional. 0x00 = 0b00000000 = 0.125dB; 0xFF = 0b11111111 = 31.875dB. Each step is equivalent to 0.125dB","sif 199=0"
*,2a9481a84954a43e,b5e,1,75e8,SAR 2400 MHz Chain A Offset for Group 6,0,"Step=1,Min=0,Max=255","Defines the WiFi SAR Delta Value to be applied - 8bit unsigned with 5bit integer and 3bit fractional. 0x00 = 0b00000000 = 0.125dB; 0xFF = 0b11111111 = 31.875dB. Each step is equivalent to 0.125dB","sif 199=0"
*,2a9481a84954a43e,b5f,1,7601,SAR 2400 MHz Chain B Offset for Group 6,0,"Step=1,Min=0,Max=255","Defines the WiFi SAR Delta Value to be applied - 8bit unsigned with 5bit integer and 3bit fractional. 0x00 = 0b00000000 = 0.125dB; 0xFF = 0b11111111 = 31.875dB. Each step is equivalent to 0.125dB","sif 199=0"
*,2a9481a84954a43e,b60,1,761a,SAR 5200 MHz Max Allowed for Group 6,255,"Step=1,Min=0,Max=255","Defines the WiFi SAR Delta Value to be applied - 8bit unsigned with 5bit integer and 3bit fractional. 0x00 = 0b00000000 = 0.125dB; 0xFF = 0b11111111 = 31.875dB. Each step is equivalent to 0.125dB","sif 199=0"
*,2a9481a84954a43e,b61,1,7633,SAR 5200 MHz Chain A Offset for Group 6,0,"Step=1,Min=0,Max=255","Defines the WiFi SAR Delta Value to be applied - 8bit unsigned with 5bit integer and 3bit fractional. 0x00 = 0b00000000 = 0.125dB; 0xFF = 0b11111111 = 31.875dB. Each step is equivalent to 0.125dB","sif 199=0"
*,2a9481a84954a43e,b62,1,764c,SAR 5200 MHz Chain B Offset for Group 6,0,"Step=1,Min=0,Max=255","Defines the WiFi SAR Tx Power Limit - 8bit unsigned with 5bit integer and 3bit fractional. 0x00 = 0b00000000 = 0.125dB; 0xFF = 0b11111111 = 31.875dB. Each step is equivalent to 0.125dB","sif 199=0"
*,2a9481a84954a43e,b63,1,7665,SAR 6000-7000 MHz Max Allowed for Group 6,255,"Step=1,Min=0,Max=255","Defines the WiFi SAR Delta Value to be applied - 8bit unsigned with 5bit integer and 3bit fractional. 0x00 = 0b00000000 = 0.125dB; 0xFF = 0b11111111 = 31.875dB. Each step is equivalent to 0.125dB","sif 199=0"
*,2a9481a84954a43e,b64,1,767e,SAR 6000-7000 MHz Chain A Offset for Group 6,0,"Step=1,Min=0,Max=255","Defines the WiFi SAR Delta Value to be applied - 8bit unsigned with 5bit integer and 3bit fractional. 0x00 = 0b00000000 = 0.125dB; 0xFF = 0b11111111 = 31.875dB. Each step is equivalent to 0.125dB","sif 199=0"
*,2a9481a84954a43e,b65,1,7697,SAR 6000-7000 MHz Chain B Offset for Group 6,0,"Step=1,Min=0,Max=255","Defines the WiFi SAR Tx Power Limit - 8bit unsigned with 5bit integer and 3bit fractional. 0x00 = 0b00000000 = 0.125dB; 0xFF = 0b11111111 = 31.875dB. Each step is equivalent to 0.125dB","sif 199=0"
*,2a9481a84954a43e,b66,1,76b0,SAR 2400 MHz Max Allowed for Group 7,255,"Step=1,Min=0,Max=255","Defines the WiFi SAR Delta Value to be applied - 8bit unsigned with 5bit integer and 3bit fractional. 0x00 = 0b00000000 = 0.125dB; 0xFF = 0b11111111 = 31.875dB. Each step is equivalent to 0.125dB","sif 199=0"
*,2a9481a84954a43e,b67,1,76c9,SAR 2400 MHz Chain A Offset for Group 7,0,"Step=1,Min=0,Max=255","Defines the WiFi SAR Delta Value to be applied - 8bit unsigned with 5bit integer and 3bit fractional. 0x00 = 0b00000000 = 0.125dB; 0xFF = 0b11111111 = 31.875dB. Each step is equivalent to 0.125dB","sif 199=0"
*,2a9481a84954a43e,b68,1,76e2,SAR 2400 MHz Chain B Offset for Group 7,0,"Step=1,Min=0,Max=255","Defines the WiFi SAR Delta Value to be applied - 8bit unsigned with 5bit integer and 3bit fractional. 0x00 = 0b00000000 = 0.125dB; 0xFF = 0b11111111 = 31.875dB. Each step is equivalent to 0.125dB","sif 199=0"
*,2a9481a84954a43e,b69,1,76fb,SAR 5200 MHz Max Allowed for Group 7,255,"Step=1,Min=0,Max=255","Defines the WiFi SAR Delta Value to be applied - 8bit unsigned with 5bit integer and 3bit fractional. 0x00 = 0b00000000 = 0.125dB; 0xFF = 0b11111111 = 31.875dB. Each step is equivalent to 0.125dB","sif 199=0"
*,2a9481a84954a43e,b6a,1,7714,SAR 5200 MHz Chain A Offset for Group 7,0,"Step=1,Min=0,Max=255","Defines the WiFi SAR Delta Value to be applied - 8bit unsigned with 5bit integer and 3bit fractional. 0x00 = 0b00000000 = 0.125dB; 0xFF = 0b11111111 = 31.875dB. Each step is equivalent to 0.125dB","sif 199=0"
*,2a9481a84954a43e,b6b,1,772d,SAR 5200 MHz Chain B Offset for Group 7,0,"Step=1,Min=0,Max=255","Defines the WiFi SAR Tx Power Limit - 8bit unsigned with 5bit integer and 3bit fractional. 0x00 = 0b00000000 = 0.125dB; 0xFF = 0b11111111 = 31.875dB. Each step is equivalent to 0.125dB","sif 199=0"
*,2a9481a84954a43e,b6c,1,7746,SAR 6000-7000 MHz Max Allowed for Group 7,255,"Step=1,Min=0,Max=255","Defines the WiFi SAR Delta Value to be applied - 8bit unsigned with 5bit integer and 3bit fractional. 0x00 = 0b00000000 = 0.125dB; 0xFF = 0b11111111 = 31.875dB. Each step is equivalent to 0.125dB","sif 199=0"
*,2a9481a84954a43e,b6d,1,775f,SAR 6000-7000 MHz Chain A Offset for Group 7,0,"Step=1,Min=0,Max=255","Defines the WiFi SAR Delta Value to be applied - 8bit unsigned with 5bit integer and 3bit fractional. 0x00 = 0b00000000 = 0.125dB; 0xFF = 0b11111111 = 31.875dB. Each step is equivalent to 0.125dB","sif 199=0"
*,2a9481a84954a43e,b6e,1,7778,SAR 6000-7000 MHz Chain B Offset for Group 7,0,"Step=1,Min=0,Max=255","Defines the WiFi SAR Tx Power Limit - 8bit unsigned with 5bit integer and 3bit fractional. 0x00 = 0b00000000 = 0.125dB; 0xFF = 0b11111111 = 31.875dB. Each step is equivalent to 0.125dB","sif 199=0"
*,2a9481a84954a43e,b6f,1,7791,SAR 2400 MHz Max Allowed for Group 8,255,"Step=1,Min=0,Max=255","Defines the WiFi SAR Delta Value to be applied - 8bit unsigned with 5bit integer and 3bit fractional. 0x00 = 0b00000000 = 0.125dB; 0xFF = 0b11111111 = 31.875dB. Each step is equivalent to 0.125dB","sif 199=0"
*,2a9481a84954a43e,b70,1,77aa,SAR 2400 MHz Chain A Offset for Group 8,0,"Step=1,Min=0,Max=255","Defines the WiFi SAR Delta Value to be applied - 8bit unsigned with 5bit integer and 3bit fractional. 0x00 = 0b00000000 = 0.125dB; 0xFF = 0b11111111 = 31.875dB. Each step is equivalent to 0.125dB","sif 199=0"
*,2a9481a84954a43e,b71,1,77c3,SAR 2400 MHz Chain B Offset for Group 8,0,"Step=1,Min=0,Max=255","Defines the WiFi SAR Delta Value to be applied - 8bit unsigned with 5bit integer and 3bit fractional. 0x00 = 0b00000000 = 0.125dB; 0xFF = 0b11111111 = 31.875dB. Each step is equivalent to 0.125dB","sif 199=0"
*,2a9481a84954a43e,b72,1,77dc,SAR 5200 MHz Max Allowed for Group 8,255,"Step=1,Min=0,Max=255","Defines the WiFi SAR Delta Value to be applied - 8bit unsigned with 5bit integer and 3bit fractional. 0x00 = 0b00000000 = 0.125dB; 0xFF = 0b11111111 = 31.875dB. Each step is equivalent to 0.125dB","sif 199=0"
*,2a9481a84954a43e,b73,1,77f5,SAR 5200 MHz Chain A Offset for Group 8,0,"Step=1,Min=0,Max=255","Defines the WiFi SAR Delta Value to be applied - 8bit unsigned with 5bit integer and 3bit fractional. 0x00 = 0b00000000 = 0.125dB; 0xFF = 0b11111111 = 31.875dB. Each step is equivalent to 0.125dB","sif 199=0"
*,2a9481a84954a43e,b74,1,780e,SAR 5200 MHz Chain B Offset for Group 8,0,"Step=1,Min=0,Max=255","Defines the WiFi SAR Tx Power Limit - 8bit unsigned with 5bit integer and 3bit fractional. 0x00 = 0b00000000 = 0.125dB; 0xFF = 0b11111111 = 31.875dB. Each step is equivalent to 0.125dB","sif 199=0"
*,2a9481a84954a43e,b75,1,7827,SAR 6000-7000 MHz Max Allowed for Group 8,255,"Step=1,Min=0,Max=255","Defines the WiFi SAR Delta Value to be applied - 8bit unsigned with 5bit integer and 3bit fractional. 0x00 = 0b00000000 = 0.125dB; 0xFF = 0b11111111 = 31.875dB. Each step is equivalent to 0.125dB","sif 199=0"
*,2a9481a84954a43e,b76,1,7840,SAR 6000-7000 MHz Chain A Offset for Group 8,0,"Step=1,Min=0,Max=255","Defines the WiFi SAR Delta Value to be applied - 8bit unsigned with 5bit integer and 3bit fractional. 0x00 = 0b00000000 = 0.125dB; 0xFF = 0b11111111 = 31.875dB. Each step is equivalent to 0.125dB","sif 199=0"
*,2a9481a84954a43e,b77,1,7859,SAR 6000-7000 MHz Chain B Offset for Group 8,0,"Step=1,Min=0,Max=255","Defines the WiFi SAR Tx Power Limit - 8bit unsigned with 5bit integer and 3bit fractional. 0x00 = 0b00000000 = 0.125dB; 0xFF = 0b11111111 = 31.875dB. Each step is equivalent to 0.125dB","sif 199=0"
*,2a9481a84954a43e,99b,1,7872,External 32kHz Clock,Not Valid,"Not Valid,Valid","This will be used to specify that platform does have valid External 32kHz clock or not..","sif 199=0"
*,2a9481a84954a43e,99c,1,789b,WiFi ANT Gain control,Disabled,"Disabled,Enabled","Enable / Disable WiFi Antenna Gain control.","sif 199=0"
*,2a9481a84954a43e,99d,1,78bc,ANT Gain 2400 MHz Chain A,24,"Step=1,Min=0,Max=255","Defines the WiFi ANT gain Delta Value to be applied - 8bit signed Two's complement 0.125dB. 0x80  = 0b10000000 = -16dB; 0x7F = 0b01111111 = 15.875dB. Each step is equivalent to 0.125dB","sif 199=0"
*,2a9481a84954a43e,99e,1,78d5,ANT Gain 5180-5320 MHz Chain A,40,"Step=1,Min=0,Max=255","Defines the WiFi ANT gain Delta Value to be applied - 8bit signed Two's complement 0.125dB. 0x80  = 0b10000000 = -16dB; 0x7F = 0b01111111 = 15.875dB. Each step is equivalent to 0.125dB","sif 199=0"
*,2a9481a84954a43e,99f,1,78ee,Ant Gain 5340-5440 MHz Chain A,40,"Step=1,Min=0,Max=255","Defines the WiFi ANT gain Delta Value to be applied - 8bit signed Two's complement 0.125dB. 0x80  = 0b10000000 = -16dB; 0x7F = 0b01111111 = 15.875dB. Each step is equivalent to 0.125dB","sif 199=0"
*,2a9481a84954a43e,9a0,1,7907,Ant Gain 5460-5700 MHz Chain A,40,"Step=1,Min=0,Max=255","Defines the WiFi ANT gain Delta Value to be applied - 8bit signed Two's complement 0.125dB. 0x80  = 0b10000000 = -16dB; 0x7F = 0b01111111 = 15.875dB. Each step is equivalent to 0.125dB","sif 199=0"
*,2a9481a84954a43e,9a1,1,7920,Ant Gain 5720-5825 MHz Chain A,40,"Step=1,Min=0,Max=255","Defines the WiFi ANT gain Delta Value to be applied - 8bit signed Two's complement 0.125dB. 0x80  = 0b10000000 = -16dB; 0x7F = 0b01111111 = 15.875dB. Each step is equivalent to 0.125dB","sif 199=0"
*,2a9481a84954a43e,a03,1,7939,Ant Gain 5845-6135 MHz Chain A,40,"Step=1,Min=0,Max=255","Defines the WiFi ANT gain Delta Value to be applied - 8bit signed Two's complement 0.125dB. 0x80  = 0b10000000 = -16dB; 0x7F = 0b01111111 = 15.875dB. Each step is equivalent to 0.125dB","sif 199=0"
*,2a9481a84954a43e,a04,1,7952,Ant Gain 6155-6375 MHz Chain A,40,"Step=1,Min=0,Max=255","Defines the WiFi ANT gain Delta Value to be applied - 8bit signed Two's complement 0.125dB. 0x80  = 0b10000000 = -16dB; 0x7F = 0b01111111 = 15.875dB. Each step is equivalent to 0.125dB","sif 199=0"
*,2a9481a84954a43e,a05,1,796b,Ant Gain 6395-6495 MHz Chain A,40,"Step=1,Min=0,Max=255","Defines the WiFi ANT gain Delta Value to be applied - 8bit signed Two's complement 0.125dB. 0x80  = 0b10000000 = -16dB; 0x7F = 0b01111111 = 15.875dB. Each step is equivalent to 0.125dB","sif 199=0"
*,2a9481a84954a43e,a06,1,7984,Ant Gain 6515-6675 MHz Chain A,40,"Step=1,Min=0,Max=255","Defines the WiFi ANT gain Delta Value to be applied - 8bit signed Two's complement 0.125dB. 0x80  = 0b10000000 = -16dB; 0x7F = 0b01111111 = 15.875dB. Each step is equivalent to 0.125dB","sif 199=0"
*,2a9481a84954a43e,a07,1,799d,Ant Gain 6695-6835 MHz Chain A,40,"Step=1,Min=0,Max=255","Defines the WiFi ANT gain Delta Value to be applied - 8bit signed Two's complement 0.125dB. 0x80  = 0b10000000 = -16dB; 0x7F = 0b01111111 = 15.875dB. Each step is equivalent to 0.125dB","sif 199=0"
*,2a9481a84954a43e,a08,1,79b6,Ant Gain 6855-7095 MHz Chain A,40,"Step=1,Min=0,Max=255","Defines the WiFi ANT gain Delta Value to be applied - 8bit signed Two's complement 0.125dB. 0x80  = 0b10000000 = -16dB; 0x7F = 0b01111111 = 15.875dB. Each step is equivalent to 0.125dB","sif 199=0"
*,2a9481a84954a43e,9a2,1,79cf,Ant Gain 2400 MHz Chain B,24,"Step=1,Min=0,Max=255","Defines the WiFi ANT gain Delta Value to be applied - 8bit signed Two's complement 0.125dB. 0x80  = 0b10000000 = -16dB; 0x7F = 0b01111111 = 15.875dB. Each step is equivalent to 0.125dB","sif 199=0"
*,2a9481a84954a43e,9a3,1,79e8,Ant Gain 5180-5320 MHz Chain B,40,"Step=1,Min=0,Max=255","Defines the WiFi ANT gain Delta Value to be applied - 8bit signed Two's complement 0.125dB. 0x80  = 0b10000000 = -16dB; 0x7F = 0b01111111 = 15.875dB. Each step is equivalent to 0.125dB","sif 199=0"
*,2a9481a84954a43e,9a4,1,7a01,Ant Gain 5340-5440 MHz Chain B,40,"Step=1,Min=0,Max=255","Defines the WiFi ANT gain Delta Value to be applied - 8bit signed Two's complement 0.125dB. 0x80  = 0b10000000 = -16dB; 0x7F = 0b01111111 = 15.875dB. Each step is equivalent to 0.125dB","sif 199=0"
*,2a9481a84954a43e,9a5,1,7a1a,Ant Gain 5460-5700 MHz Chain B,40,"Step=1,Min=0,Max=255","Defines the WiFi ANT gain Delta Value to be applied - 8bit signed Two's complement 0.125dB. 0x80  = 0b10000000 = -16dB; 0x7F = 0b01111111 = 15.875dB. Each step is equivalent to 0.125dB","sif 199=0"
*,2a9481a84954a43e,9a6,1,7a33,Ant Gain 5720-5825 MHz Chain B,40,"Step=1,Min=0,Max=255","Defines the WiFi ANT gain Delta Value to be applied - 8bit signed Two's complement 0.125dB. 0x80  = 0b10000000 = -16dB; 0x7F = 0b01111111 = 15.875dB. Each step is equivalent to 0.125dB","sif 199=0"
*,2a9481a84954a43e,a09,1,7a4c,Ant Gain 5845-6135 MHz Chain B,40,"Step=1,Min=0,Max=255","Defines the WiFi ANT gain Delta Value to be applied - 8bit signed Two's complement 0.125dB. 0x80  = 0b10000000 = -16dB; 0x7F = 0b01111111 = 15.875dB. Each step is equivalent to 0.125dB","sif 199=0"
*,2a9481a84954a43e,a0a,1,7a65,Ant Gain 6155-6375 MHz Chain B,40,"Step=1,Min=0,Max=255","Defines the WiFi ANT gain Delta Value to be applied - 8bit signed Two's complement 0.125dB. 0x80  = 0b10000000 = -16dB; 0x7F = 0b01111111 = 15.875dB. Each step is equivalent to 0.125dB","sif 199=0"
*,2a9481a84954a43e,a0b,1,7a7e,Ant Gain 6395-6495 MHz Chain B,40,"Step=1,Min=0,Max=255","Defines the WiFi ANT gain Delta Value to be applied - 8bit signed Two's complement 0.125dB. 0x80  = 0b10000000 = -16dB; 0x7F = 0b01111111 = 15.875dB. Each step is equivalent to 0.125dB","sif 199=0"
*,2a9481a84954a43e,a0c,1,7a97,Ant Gain 6515-6675 MHz Chain B,40,"Step=1,Min=0,Max=255","Defines the WiFi ANT gain Delta Value to be applied - 8bit signed Two's complement 0.125dB. 0x80  = 0b10000000 = -16dB; 0x7F = 0b01111111 = 15.875dB. Each step is equivalent to 0.125dB","sif 199=0"
*,2a9481a84954a43e,a0d,1,7ab0,Ant Gain 6695-6835 MHz Chain B,40,"Step=1,Min=0,Max=255","Defines the WiFi ANT gain Delta Value to be applied - 8bit signed Two's complement 0.125dB. 0x80  = 0b10000000 = -16dB; 0x7F = 0b01111111 = 15.875dB. Each step is equivalent to 0.125dB","sif 199=0"
*,2a9481a84954a43e,a0e,1,7ac9,Ant Gain 6855-7095 MHz Chain B,40,"Step=1,Min=0,Max=255","Defines the WiFi ANT gain Delta Value to be applied - 8bit signed Two's complement 0.125dB. 0x80  = 0b10000000 = -16dB; 0x7F = 0b01111111 = 15.875dB. Each step is equivalent to 0.125dB","sif 199=0"
*,2a9481a84954a43e,99b,1,7aeb,External 32kHz Clock,Not Valid,"Not Valid,Valid","This will be used to specify that platform does have valid External 32kHz clock or not..","sif 199=0"
*,2a9481a84954a43e,77b,1,7b0c,Bluetooth SAR,Disabled,"Disabled,Enabled","Define the mode of SAR control to be used.

Disabled: Tx power shall be mandated by device NVM

Enabled: Tx power shall be the minimum between BIOS SAR table and BT Device NVM (either Module or Platform)","sif 199=0"
*,2a9481a84954a43e,bba,1,7b3d,Bluetooth Increased Power Mode,Enabled,"Enabled,Disabled","Defines Bluetooth Increased Power Mode.
SAR Limitation feature enablement/disablement","sif 199=0;sif 2be=0;sif 1018=0"
*,2a9481a84954a43e,bbb,1,7b66,Bluetooth SAR Power Limit 2400 Chain A,0,"Step=1,Min=0,Max=255","Bluetooth SAR power restriction for the Lower Band (LB) - 2400MHz frequency Chain A. 0x00 = 0b00000000 = 0.125dB; 0xFF = 0b11111111 = 31.875dB. Each step is equivalent to 0.125dB","sif 199=0;sif 2be=0;sif 1018=0;sif 2bf=0"
*,2a9481a84954a43e,77c,1,7b83,Bluetooth SAR BR,0,"Step=1,Min=0,Max=255","Defines the SAR power restriction for BR Modulation","sif 199=0;sif 2be=0"
*,2a9481a84954a43e,77d,1,7b9c,Bluetooth SAR EDR2,0,"Step=1,Min=0,Max=255","Defines the SAR power restriction for EDR2 Modulation","sif 199=0;sif 2be=0"
*,2a9481a84954a43e,77e,1,7bb5,Bluetooth SAR EDR3,0,"Step=1,Min=0,Max=255","Defines the SAR power restriction for EDR3 Modulation","sif 199=0;sif 2be=0"
*,2a9481a84954a43e,77f,1,7bce,Bluetooth SAR LE,0,"Step=1,Min=0,Max=255","Defines the SAR power restriction for LE Modulation","sif 199=0;sif 2be=0"
*,2a9481a84954a43e,780,1,7be7,Bluetooth SAR LE 2Mhz,0,"Step=1,Min=0,Max=255","Defines the SAR power restriction for LE 2Mhz Modulation","sif 199=0;sif 2be=0"
*,2a9481a84954a43e,781,1,7c00,Bluetooth SAR LE LR,0,"Step=1,Min=0,Max=255","Defines the SAR power restriction for LE LR Modulation","sif 199=0;sif 2be=0"
*,2a9481a84954a43e,9c9,1,7c1b,Disable SRD Active Channels,0,"Step=1,Min=0,Max=2","Enable/Disable SRD Active Channels

 00 - ETSI 5.8 GHz SRD Active Scan Enable
 01 - ETSI 5.8 GHz SRD Passive Scan Enable
 02 - ETSI 5.8 GHz SRD Disabled","sif 199=0"
*,2a9481a84954a43e,9ca,1,7c34,Supported Indonesia 5.15-5.35 GHz Band,0,"Step=1,Min=0,Max=2","Enable/Disable Indonesia 5.15-5.35 GHz

 00 - Set 5.15-5.35 GHz to Disable in Indonesia
 01 - Set 5.15-5.35 GHz to Enable (Passive) in Indonesia
 02 - Reserved","sif 199=0"
*,2a9481a84954a43e,9cf,4,7c59,Ultra High Band Support,0x0,"Step=0x1,Min=0x0,Max=0xffffffff","Please input HEX value.

Bit0
 '0' No override [Default]
 '1' Only allow countries enabled in the following bits
Bit1 - USA
 '0' USA 6GHz disable
 '1' 6GHz allowed in USA
Bit2 - Rest of World
Bit3 - EU countries
Bit4 - South Korea
Bit5 - Brazil
Bit6 - Chile
Bit7 - Japan
Bit8 - Canada
Bit31:9 - Reserved","sif 199=0;sif 109c=0 !"
*,2a9481a84954a43e,9cf,4,7c8c,Ultra High Band Support,0x0,"Step=0x1,Min=0x0,Max=0xffffffff","Please input HEX value.

Bit0
 '0' No override [Default]
 '1' Only allow countries enabled in the following bits
Bit1 - USA
 '0' USA 6GHz disable
 '1' 6GHz allowed in USA
Bit2 - Rest of World
Bit3 - EU countries
Bit4 - South Korea
Bit5 - Brazil
Bit6 - Chile
Bit7 - Japan
Bit8 - Canada
Bit9 - Morocco
Bit10 - Mongolia
Bit11 - Malaysia
Bit31:12 - Reserved","sif 199=0;sif 109c=1 !"
*,2a9481a84954a43e,b30,4,7cb3,Regulatory Configurations,Disable DRS for China Location,"Disable DRS for China Location,Enable DRS for China Location","Enabling DRS for China Location","sif 199=0"
*,2a9481a84954a43e,b34,4,7ce3,UART Configurations,Default,"Default","TBD","sif 199=0"
*,2a9481a84954a43e,b38,4,7d09,UNII-4,0x0,"Step=0x1,Min=0x0,Max=0xffffffff","Control Enablement UNII-4 over certificate modules
Please input HEX value.

FCC
Bit0 - Apply changes over FCC, UNII-4 setting within module certification (Default Intel module definitions)
 '0' Work with WiFi FW/OTP definitions
 '1' Apply changes
Bit1 - UNII-4 mode on FCC
 '0' Disable UNII-4
 '1' Enable UNII-4

ETSI
Bit2 - Apply changes over ETSI, UNII-4 setting within module certification (Default Intel module definitions)
Bit3 - UNII-4 mode on ETSI

Bit31:4 - Reserved shall set to zeros","sif 199=0"
*,2a9481a84954a43e,b3c,4,7d2e,Indoor Control,0x0,"Step=0x1,Min=0x0,Max=0xffffffff","Device for Indoor Use Only (Solar Family onwards)
Please input HEX value.

Bit0 - EU
Bit1 - Japan
Bit2 - China, applied only in case of China BIOS or DRS in China Enabled
Bit3 - USA
Bit31:4 - Reserved shall set to zeros","sif 199=0"
*,2a9481a84954a43e,bb5,4,7d5b,Wi-Fi Band Selection,0x0,"Step=0x1,Min=0x0,Max=0xffffffff","Give the ability to selectively enable/disable Wi-Fi bands on platform.
Please input HEX value.

Bit value
 '0' Band selection Controlled by NIC [Default]
 '1' Force disable the band
Bit0 - 2.4 GHz
Bit1 - 5.2 GHz
Bit2 - 5.3 GHz
Bit3 - 5.5 GHz
Bit4 - 5.8 GHz
Bit5 - 5.9 GHz
Bit6 - 6.2 GHz
Bit7 - 6.5 GHz
Bit8 - 6.6 GHz
Bit9 - 6.8 GHz
Bit10 - 7.0 GHz
Bit31:11 - Reserved","sif 199=0;sif 1018=0"
*,2a9481a84954a43e,bb1,4,7d8a,Wi-Fi Energy Detection Threshold,0x0,"Step=0x1,Min=0x0,Max=0xffffffff","Please input HEX value.

Bit value
 '0' Use default EDT method
 '1' Use new EDT method
Bit0:1 - Reserved
Bit2 - For ETSI
Bit3:4 - Reserved
Bit5 - For FCC
Bit6:8 - Reserved
Bit9 - For HB 5150-5350
Bit10 - For HB 5350-5470
Bit11 - For HB 5470-5725
Bit12 - For HB 5725-5945
Bit13 - For UHB 5945-6165
Bit14 - For UHB 6165-6405
Bit15 - For UHB 6405-6525
Bit16 - For UHB 6525-6705
Bit17 - For UHB 6705-6865
Bit18 - For UHB 6865-7105
Bit31:19 - Reserved","sif 199=0;sif 1018=0"
*,2a9481a84954a43e,bac,4,7db9,Wi-Fi 7 enablement/disablement,0x0,"Step=0x1,Min=0x0,Max=0xffffffff","Please input HEX value.

Bit0
 '0' No override [Default]
 '1' Force disable all countries that are not defined in the following bits
Bit1 - USA
 '0' USA Wi-Fi disable
 '1' Wi-Fi 7 allowed in the USA
Bit31:2 - Reserved","sif 199=0;sif 1018=0"
*,2a9481a84954a43e,b7b,4,7de8,WTAS Selection,0x0,"Step=0x1,Min=0x0,Max=0xffffffff","Please input HEX value.

Bit0 - Enable TAS feature.
 '0' TAS Disabled [Default]
 '1' TAS Enabled
Bit1 - IEC Optimization, override NIC configuration (BIOSoverideTASrIEC),Allow override NIC defaults.
 '0' No override, use device settings.
 '1' Override IEC Optimization, effected over certified NIC. The Value will set by Bit #2.
Bit2 - IEC Optimization Control Valve (BIOCenTrIC).This bit impact only incase that Bit #1 set to ‘1’ and the NIC is certified to support TAS over IEC.
 '0' Disabled TAS IEC optimization regulatory averaging time
 '1' Enabled TAS IEC optimization regulatory averaging time
Bit31:3 - Reserved","sif 199=0"
*,2a9481a84954a43e,a8f,1,7e15,WTAS List Entries,0,"Step=1,Min=0,Max=15","No. of blocked countries not approved by OEM to support this feature.","sif 199=0;sif 2d2=0"
*,2a9481a84954a43e,a99,2,7e2e,ISO country code to block,0,"Step=1,Min=0,Max=65535","The decimal equivalent of country code (a two-ASCII-character) as specified in ISO_3166-1. Ex. for JP - 19024","sif 199=0;sif 2d2=0"
*,2a9481a84954a43e,a9b,2,7e4b,ISO country code to block,0,"Step=1,Min=0,Max=65535","The decimal equivalent of country code (a two-ASCII-character) as specified in ISO_3166-1. Ex. for JP - 19024","sif 199=0;sif 2d2=0"
*,2a9481a84954a43e,a9d,2,7e68,ISO country code to block,0,"Step=1,Min=0,Max=65535","The decimal equivalent of country code (a two-ASCII-character) as specified in ISO_3166-1. Ex. for JP - 19024","sif 199=0;sif 2d2=0"
*,2a9481a84954a43e,a9f,2,7e85,ISO country code to block,0,"Step=1,Min=0,Max=65535","The decimal equivalent of country code (a two-ASCII-character) as specified in ISO_3166-1. Ex. for JP - 19024","sif 199=0;sif 2d2=0"
*,2a9481a84954a43e,aa1,2,7ea2,ISO country code to block,0,"Step=1,Min=0,Max=65535","The decimal equivalent of country code (a two-ASCII-character) as specified in ISO_3166-1. Ex. for JP - 19024","sif 199=0;sif 2d2=0"
*,2a9481a84954a43e,aa3,2,7ebf,ISO country code to block,0,"Step=1,Min=0,Max=65535","The decimal equivalent of country code (a two-ASCII-character) as specified in ISO_3166-1. Ex. for JP - 19024","sif 199=0;sif 2d2=0"
*,2a9481a84954a43e,aa5,2,7edc,ISO country code to block,0,"Step=1,Min=0,Max=65535","The decimal equivalent of country code (a two-ASCII-character) as specified in ISO_3166-1. Ex. for JP - 19024","sif 199=0;sif 2d2=0"
*,2a9481a84954a43e,aa7,2,7ef9,ISO country code to block,0,"Step=1,Min=0,Max=65535","The decimal equivalent of country code (a two-ASCII-character) as specified in ISO_3166-1. Ex. for JP - 19024","sif 199=0;sif 2d2=0"
*,2a9481a84954a43e,aa9,2,7f16,ISO country code to block,0,"Step=1,Min=0,Max=65535","The decimal equivalent of country code (a two-ASCII-character) as specified in ISO_3166-1. Ex. for JP - 19024","sif 199=0;sif 2d2=0"
*,2a9481a84954a43e,aab,2,7f33,ISO country code to block,0,"Step=1,Min=0,Max=65535","The decimal equivalent of country code (a two-ASCII-character) as specified in ISO_3166-1. Ex. for JP - 19024","sif 199=0;sif 2d2=0"
*,2a9481a84954a43e,aad,2,7f50,ISO country code to block,0,"Step=1,Min=0,Max=65535","The decimal equivalent of country code (a two-ASCII-character) as specified in ISO_3166-1. Ex. for JP - 19024","sif 199=0;sif 2d2=0"
*,2a9481a84954a43e,aaf,2,7f6d,ISO country code to block,0,"Step=1,Min=0,Max=65535","The decimal equivalent of country code (a two-ASCII-character) as specified in ISO_3166-1. Ex. for JP - 19024","sif 199=0;sif 2d2=0"
*,2a9481a84954a43e,ab1,2,7f8a,ISO country code to block,0,"Step=1,Min=0,Max=65535","The decimal equivalent of country code (a two-ASCII-character) as specified in ISO_3166-1. Ex. for JP - 19024","sif 199=0;sif 2d2=0"
*,2a9481a84954a43e,ab3,2,7fa7,ISO country code to block,0,"Step=1,Min=0,Max=65535","The decimal equivalent of country code (a two-ASCII-character) as specified in ISO_3166-1. Ex. for JP - 19024","sif 199=0;sif 2d2=0"
*,2a9481a84954a43e,ab5,2,7fc4,ISO country code to block,0,"Step=1,Min=0,Max=65535","The decimal equivalent of country code (a two-ASCII-character) as specified in ISO_3166-1. Ex. for JP - 19024","sif 199=0;sif 2d2=0"
*,2a9481a84954a43e,ab7,2,7fe1,ISO country code to block,0,"Step=1,Min=0,Max=65535","The decimal equivalent of country code (a two-ASCII-character) as specified in ISO_3166-1. Ex. for JP - 19024","sif 199=0;sif 2d2=0"
*,2a9481a84954a43e,b48,1,8008,WLAN/WWAN Low Band Isolation,15,"Step=1,Min=15,Max=40","Isolation between WLAN and WWAN in WiFi Low Band (2.4 GHz).
Range: 15 - 40 dB","sif 199=0"
*,2a9481a84954a43e,b49,1,8021,WLAN/WWAN High Band Isolation,15,"Step=1,Min=15,Max=40","Isolation between WLAN and WWAN in WiFi High Band (5.2-7 GHz).
Range: 15 - 40 dB","sif 199=0"
>WWAN Configuration,,,,,,,,,
Form 5435 (WWAN Configuration),,,,,,,,,
,2a9481a84954a43e,80e,1,805c,WWAN Device,Disabled,"Disabled,4G - 7360/7560,5G - M80","Select the M.2 WWAN Device options to enable 4G - 7360/7560 (Intel), 5G - M80 (MediaTek) Modems",""
*,2a9481a84954a43e,acd,1,808c,Firmware Flash Device,Disabled,"Disabled,Enabled","Enable or Disable WWAN Firmware Flash Device","sif 2e7=0"
*,2a9481a84954a43e,b43,1,80ad,Wireless CNV Config Device,Enabled,"Disabled,Enabled","Enable or Disable WCCD ACPI device node","sif 2e7=0"
*,2a9481a84954a43e,85f,1,80d8,WWAN Reset Workaround,Enabled,"Disabled,Enabled","Enabling this workardound will result in BIOS asserting FULL_CARD_POWER_OFF#, PERST# and RESET# WWAN signals before the WWAN Device Power-On Sequence is executed.
Disabling it has no impact.","sif 2e7=0"
*,2a9481a84954a43e,b29,2,8107,WA - WWAN OEM SVID,0x1cf8,"Step=0x1,Min=0x0,Max=0xffff","WWAN OEM Sub-Vendor ID","sif 2e7=2 !"
*,2a9481a84954a43e,b2b,2,8124,WA - WWAN SVID Detect Timeout,0,"Step=1,Min=0,Max=65535","The timeout value (ms) for detecting WWAN OEM SVID. Please notice it's workaround for OEM only.","sif 2e7=2 !"
Form 4115 (OverClocking Performance Menu),,,,,,,,,
OverClocking Performance Menu,,,,,,,,,
*,14c8006250a6403a,1d9,1,8167,OverClocking Feature,Disabled,"Disabled,Enabled","Performance Menu for Processor and Memory.","gif 109b=0"
*,14c8006250a6403a,381,1,819c,UnderVolt Protection,Enabled,"Disabled,Enabled","When UnderVolt Protection is enabled, user will not be able to program under voltage in OS runtime. Recommended to keep it enabled by default. Enabled: Allow BIOS undervolting, but enable UnderVolt Protection in Runtime. Disabled: No UnderVolt Protection in Runtime.","sif 1574=0 109a=0 |"
*,14c8006250a6403a,230,2,81d1,Per-core HT Disable,0x0,"Step=0x1,Min=0x0,Max=0xff","","sif 1099=0 1574=0 |"
,670eeb73d338776d,24,1,81f0,WDT Enable,Disabled,"Disabled,Enabled","Enable/Disable WatchDog Timer. Note: This option is ignored on debug BIOS.",""
*,14c8006250a6403a,2f7,4,8231,CPU BCLK OC Frequency,0,"Step=1,Min=0,Max=50000","CPU BCLK Frequency in 10kHz increments. Specifies new CPU BCLK frequency to be applied. Frequency is rounded to nearest valid value. Allowed range is limited by the Max/Min supported frequencies. Changes are not applied until settings are saved and platform resets. Example: For 125.70MHz, enter 12570.","sif 1574=0;sif 108c=1;gif fe7=1"
*,14c8006250a6403a,20d,1,8258,BCLK Aware Adaptive Voltage,Enabled,"Disabled,Enabled","BCLK Aware Adaptive Voltage enable/disable. When enabled, pcode will be aware of the BCLK frequency when calculating the CPU V/F curves. This is ideal for BCLK OC to avoid high voltage overrides. Uses OC Mailbox command 0x15.","sif 1574=0;sif 108c=1"
*,14c8006250a6403a,1dc,1,8287,PVD Ratio Threshold,0,"Step=1,Min=0,Max=40","Select PVD Ratio Threshold Value from Range 1 to 40. 0 - Auto/HW default","sif 1574=0;sif 1017=1 !"
*,14c8006250a6403a,352,1,82a2,FLL Overclock Mode Enable,Disabled,"Disabled,Enabled","Enable FLL Overclock Mode, Default is Disable","sif 1574=0"
*,14c8006250a6403a,353,1,82cb,FLL Overclock Mode Select,0,"Step=1,Min=0,Max=3","Select FLL Mode Value from Range 1 to 3. 0x0 = no overclocking, 0x1 = ratio overclocking with nominal (0.5-1x) reference clock frequency, 0x2 = BCLK overclocking with elevated (1-3x) reference clock frequency, 0x3 = BCLK overclocking with extreme elevated (3-5x) reference clock frequency and ratio limited to 63","sif 1574=0;sif 2f3=0"
*,14c8006250a6403a,342,1,82e6,SA PLL Frequency Override,3200 MHz,"3200 MHz,1600 MHz","Configure Sa PLL Frequency.","sif 1574=0"
*,14c8006250a6403a,344,1,8307,BCLK TSC HW Fixup,Enabled,"Enabled,Disabled","BCLK TSC HW Fixup disable during TSC copy from PMA to APIC","sif 1574=0"
>Processor,,,,,,,,,
>E-core L2 Configurations,,,,,,,,,
>Ring,,,,,,,,,
>GT,,,,,,,,,
>Voltage PLL Trim Controls,,,,,,,,,
>Platform Voltage Overrides,,,,,,,,,
>CEP Disable,,,,,,,,,
>VR ICCMAX Current Override,,,,,,,,,
>Uncore,,,,,,,,,
Form 4116 (Processor),,,,,,,,,
Processor,,,,,,,,,
,14c8006250a6403a,34c,1,83fd,Per Core Disable Configuration,Disabled,"Disabled,Enabled","Enable/Disable Per Core Disable. When Per Core Disable Configuration is enabled, selction of Active Cores and Active Efficient-cores will be disabled.",""
>  Processor Disable,,,,,,,,,
*,14c8006250a6403a,1da,1,8447,Core Ratio Extension Mode,Disabled,"Disabled,Enabled","Enable / Disable Core Ratio Above 85 Extension Mode. Enable - Max Overclocking Ratio Limit as specified by OCMB 0x1 command is 120; Disable - Max Overclocking Ratio Limit as specified by OCMB 0x1 command is 85.","sif 1017=1 !"
*,14c8006250a6403a,1db,1,8472,Core Max OC Ratio,0,"Step=1,Min=0,Max=120","Sets the maximum OC Ratio for the CPU Core. Uses Mailbox MSR 0x150, cmd 0x10, 0x11. Range non-turbo max - 120 (Previously max turbo is 83).","sif 301=0"
*,14c8006250a6403a,1db,1,8495,Core Max OC Ratio,0,"Step=1,Min=0,Max=85","Sets the maximum OC Ratio for the CPU Core. Uses Mailbox MSR 0x150, cmd 0x10, 0x11. Range non-turbo max - 85 (Previously max turbo is 83).","sif 301=1"
,14c8006250a6403a,2bb,1,84b0,Per Core Ratio Override,Disabled,"Disabled,Enabled","Enable / Disable Per Core Ratio Override. Enable - Set maximum OC ratio to specific core by OCMB 0x1D command; Disable - Set maximum OC ratio to all cores by OCMB command 0x11. Reminding: It's expeced we should manual change the "Turbo Ratio Limit(TRL) MSR 0x1AD / 0x1AE" settings based on here max core ratio changed",""
*,14c8006250a6403a,2bc,1,84d9,Core 0 Max Ratio,0,"Step=1,Min=0,Max=120","Override current maximum OC Ratio for the CPU Core 0.","sif 304=0"
*,14c8006250a6403a,2bd,1,8514,Core 1 Max Ratio,0,"Step=1,Min=0,Max=120","Override current maximum OC Ratio for the CPU Core 1.","sif 304=0;sif 1097 2 < 8e 2 < 8e=0 ! and |"
*,14c8006250a6403a,2be,1,8551,Core 2 Max Ratio,0,"Step=1,Min=0,Max=120","Override current maximum OC Ratio for the CPU Core 2.","sif 304=0;sif 1097 3 < 8e 3 < 8e=0 ! and |"
*,14c8006250a6403a,2bf,1,858e,Core 3 Max Ratio,0,"Step=1,Min=0,Max=120","Override current maximum OC Ratio for the CPU Core 3.","sif 304=0;sif 1097 4 < 8e 4 < 8e=0 ! and |"
*,14c8006250a6403a,2c0,1,85cb,Core 4 Max Ratio,0,"Step=1,Min=0,Max=120","Override current maximum OC Ratio for the CPU Core 4.","sif 304=0;sif 1097 5 < 8e 5 < 8e=0 ! and |"
*,14c8006250a6403a,2c1,1,8608,Core 5 Max Ratio,0,"Step=1,Min=0,Max=120","Override current maximum OC Ratio for the CPU Core 5.","sif 304=0;sif 1097 6 < 8e 6 < 8e=0 ! and |"
*,14c8006250a6403a,2c2,1,8645,Core 6 Max Ratio,0,"Step=1,Min=0,Max=120","Override current maximum OC Ratio for the CPU Core 6.","sif 304=0;sif 1097 7 < 8e 7 < 8e=0 ! and |"
*,14c8006250a6403a,2c3,1,8682,Core 7 Max Ratio,0,"Step=1,Min=0,Max=120","Override current maximum OC Ratio for the CPU Core 7.","sif 304=0;sif 1097 8 < 8e 8 < 8e=0 ! and |"
*,14c8006250a6403a,2b7,1,86aa,Cluster 0 Max Ratio,0,"Step=1,Min=0,Max=120","Override Efficient-cores 0 - 3 Maximum OC Ratio, maximum value up to 120.Note. E-cores 0 - 3 are in the same Cluster and their max core ratio will be aligned.","sif 304=0;sif 1096 1 <"
*,14c8006250a6403a,2b8,1,86d2,Cluster 1 Max Ratio,0,"Step=1,Min=0,Max=120","Override Efficient-cores 4 - 7 Maximum OC Ratio, maximum value up to 120.Note. E-cores 4 - 7 are in the same Cluster and their max core ratio will be aligned.","sif 304=0;sif 1096 2 <"
*,14c8006250a6403a,2b9,1,86fa,Cluster 2 Max Ratio,0,"Step=1,Min=0,Max=120","Override Efficient-cores 8 - 11 Maximum OC Ratio, maximum value up to 120.Note. E-cores 8 - 11 are in the same Cluster and their max core ratio will be aligned.","sif 304=0;sif 1096 3 <"
*,14c8006250a6403a,2ba,1,8722,Cluster 3 Max Ratio,0,"Step=1,Min=0,Max=120","Override Efficient-cores 12 - 15 Maximum OC Ratio, maximum value up to 120.Note. E-cores 12 - 15 are in the same Cluster and their max core ratio will be aligned.","sif 304=0;sif 1096 4 <"
*,14c8006250a6403a,232,1,8747,VF Offset Mode,Legacy,"Legacy,Selection","Selects between Legacy and Selection modes. Need Reset System after enabling OverClocking Feature to Initialize the default value. In Legacy Mode, setting a global offset for the entire VF curve. In Selection modes, setting a selected VF point.","gif 1095=0"
*,14c8006250a6403a,1dd,1,8772,Core Voltage Mode,Adaptive,"Adaptive,Override","Selects between Adaptive and Override Voltage modes. In Override Mode the voltage selected will be applied over all operating frequencies. In Adaptive Mode the voltage is interpolated only in turbo mode. Uses Mailbox MSR 0x150, cmd 0x10, 0x11.","sif 311=1"
*,14c8006250a6403a,1de,2,879b,P-core Voltage Override,0,"Step=1,Min=0,Max=2000","Specifies the Override Voltage applied to the Performance-core domain. This voltage is specified in millivolts. Uses Mailbox MSR 0x150, cmd 0x11. Range 0-2000 mV.","sif 311=1;sif 312=0"
*,14c8006250a6403a,1e3,2,87c2,P-core Voltage Target Override,0,"Step=1,Min=0,Max=2000","Specifies the extra turbo voltage applied while Performance-core is operating in turbo mode. Uses Mailbox MSR 0x150, cmd 0x10, 0x11. Range 0-2000 mV","sif 311=1;sif 312=1"
*,14c8006250a6403a,261,1,87eb,VF Configuration Scope,All-core,"All-core,Per-core","Alows both all cores VF curve or per-core VF curve configuration.","sif 311=1"
*,14c8006250a6403a,1e0,2,8814,P-core Voltage Offset,0,"Step=1,Min=0,Max=1000","Specifies the Offset Voltage applied to the Global Performance-core domain. This voltage is specified in millivolts. Uses Mailbox MSR 0x150, cmd 0x11. Range -500 to 500 mV","sif 311=1;sif 315=1"
*,14c8006250a6403a,1e2,1,8831,Offset Prefix,+,"+,-","Sets the offset value as positive or negative.","sif 311=1;sif 315=1"
*,14c8006250a6403a,262,2,8869,P-core 0 Voltage Offset,0,"Step=1,Min=0,Max=1000","Specifies the Offset Voltage applied to the Performance-core 0 domain. This voltage is specified in millivolts. Uses Mailbox MSR 0x150, cmd 0x11. Range -500 to 500 mV","sif 311=1;sif 315=0;sif 1097 1 <"
*,14c8006250a6403a,272,1,8886,Offset Prefix,+,"+,-","Sets the offset value as positive or negative.","sif 311=1;sif 315=0;sif 1097 1 <"
*,14c8006250a6403a,264,2,88b6,P-core 1 Voltage Offset,0,"Step=1,Min=0,Max=1000","Specifies the Offset Voltage applied to the Performance-core 1 domain. This voltage is specified in millivolts. Uses Mailbox MSR 0x150, cmd 0x11. Range -500 to 500 mV","sif 311=1;sif 315=0;sif 1097 2 <"
*,14c8006250a6403a,273,1,88d3,Offset Prefix,+,"+,-","Sets the offset value as positive or negative.","sif 311=1;sif 315=0;sif 1097 2 <"
*,14c8006250a6403a,266,2,8903,P-core 2 Voltage Offset,0,"Step=1,Min=0,Max=1000","Specifies the Offset Voltage applied to the Performance-core 2 domain. This voltage is specified in millivolts. Uses Mailbox MSR 0x150, cmd 0x11. Range -500 to 500 mV","sif 311=1;sif 315=0;sif 1097 3 <"
*,14c8006250a6403a,274,1,8920,Offset Prefix,+,"+,-","Sets the offset value as positive or negative.","sif 311=1;sif 315=0;sif 1097 3 <"
*,14c8006250a6403a,268,2,8950,P-core 3 Voltage Offset,0,"Step=1,Min=0,Max=1000","Specifies the Offset Voltage applied to the Performance-core 3 domain. This voltage is specified in millivolts. Uses Mailbox MSR 0x150, cmd 0x11. Range -500 to 500 mV","sif 311=1;sif 315=0;sif 1097 4 <"
*,14c8006250a6403a,275,1,896d,Offset Prefix,+,"+,-","Sets the offset value as positive or negative.","sif 311=1;sif 315=0;sif 1097 4 <"
*,14c8006250a6403a,26a,2,899d,P-core 4 Voltage Offset,0,"Step=1,Min=0,Max=1000","Specifies the Offset Voltage applied to the Performance-core 4 domain. This voltage is specified in millivolts. Uses Mailbox MSR 0x150, cmd 0x11. Range -500 to 500 mV","sif 311=1;sif 315=0;sif 1097 5 <"
*,14c8006250a6403a,276,1,89ba,Offset Prefix,+,"+,-","Sets the offset value as positive or negative.","sif 311=1;sif 315=0;sif 1097 5 <"
*,14c8006250a6403a,26c,2,89ea,P-core 5 Voltage Offset,0,"Step=1,Min=0,Max=1000","Specifies the Offset Voltage applied to the Performance-core 5 domain. This voltage is specified in millivolts. Uses Mailbox MSR 0x150, cmd 0x11. Range -500 to 500 mV","sif 311=1;sif 315=0;sif 1097 6 <"
*,14c8006250a6403a,277,1,8a07,Offset Prefix,+,"+,-","Sets the offset value as positive or negative.","sif 311=1;sif 315=0;sif 1097 6 <"
*,14c8006250a6403a,26e,2,8a37,P-core 6 Voltage Offset,0,"Step=1,Min=0,Max=1000","Specifies the Offset Voltage applied to the Performance-core 6 domain. This voltage is specified in millivolts. Uses Mailbox MSR 0x150, cmd 0x11. Range -500 to 500 mV","sif 311=1;sif 315=0;sif 1097 7 <"
*,14c8006250a6403a,278,1,8a54,Offset Prefix,+,"+,-","Sets the offset value as positive or negative.","sif 311=1;sif 315=0;sif 1097 7 <"
*,14c8006250a6403a,270,2,8a84,P-core 7 Voltage Offset,0,"Step=1,Min=0,Max=1000","Specifies the Offset Voltage applied to the Performance-core 7 domain. This voltage is specified in millivolts. Uses Mailbox MSR 0x150, cmd 0x11. Range -500 to 500 mV","sif 311=1;sif 315=0;sif 1097 8 <"
*,14c8006250a6403a,279,1,8aa1,Offset Prefix,+,"+,-","Sets the offset value as positive or negative.","sif 311=1;sif 315=0;sif 1097 8 <"
*,14c8006250a6403a,315,2,8ad1,Cluster 0 Voltage Offset,0,"Step=1,Min=0,Max=1000","Specifies the Offset Voltage applied to the Efficient-core Cluster 0 domain. This voltage is specified in millivolts. Uses Mailbox MSR 0x150, cmd 0x11. Range -500 to 500 mV","sif 311=1;sif 315=0;sif 1096 1 <"
*,14c8006250a6403a,31d,1,8aee,Offset Prefix,+,"+,-","Sets the offset value as positive or negative.","sif 311=1;sif 315=0;sif 1096 1 <"
*,14c8006250a6403a,317,2,8b1e,Cluster 1 Voltage Offset,0,"Step=1,Min=0,Max=1000","Specifies the Offset Voltage applied to the Efficient-core Cluster 1 domain. This voltage is specified in millivolts. Uses Mailbox MSR 0x150, cmd 0x11. Range -500 to 500 mV","sif 311=1;sif 315=0;sif 1096 2 <"
*,14c8006250a6403a,31e,1,8b3b,Offset Prefix,+,"+,-","Sets the offset value as positive or negative.","sif 311=1;sif 315=0;sif 1096 2 <"
*,14c8006250a6403a,319,2,8b6b,Cluster 2 Voltage Offset,0,"Step=1,Min=0,Max=1000","Specifies the Offset Voltage applied to the Efficient-core Cluster 2 domain. This voltage is specified in millivolts. Uses Mailbox MSR 0x150, cmd 0x11. Range -500 to 500 mV","sif 311=1;sif 315=0;sif 1096 3 <"
*,14c8006250a6403a,31f,1,8b88,Offset Prefix,+,"+,-","Sets the offset value as positive or negative.","sif 311=1;sif 315=0;sif 1096 3 <"
*,14c8006250a6403a,31b,2,8bb8,Cluster 3 Voltage Offset,0,"Step=1,Min=0,Max=1000","Specifies the Offset Voltage applied to the Efficient-core Cluster 3 domain. This voltage is specified in millivolts. Uses Mailbox MSR 0x150, cmd 0x11. Range -500 to 500 mV","sif 311=1;sif 315=0;sif 1096 4 <"
*,14c8006250a6403a,320,1,8bd5,Offset Prefix,+,"+,-","Sets the offset value as positive or negative.","sif 311=1;sif 315=0;sif 1096 4 <"
*,14c8006250a6403a,234,2,8c11,VF Point 1 Offset,0,"Step=1,Min=0,Max=1000","Specifies the Offset Voltage applied to the Selected VF Point 1. This voltage is specified in millivolts. Uses Mailbox MSR 0x150, cmd 0x11, Param1 0:Core 2:Ring, Param2 0x1. Range -500 to 500 mV","sif 311=0;sif 1095 1 <"
*,14c8006250a6403a,252,1,8c2e,VF Point 1 Offset Prefix,+,"+,-","Sets the offset value as positive or negative.","sif 311=0;sif 1095 1 <"
*,14c8006250a6403a,236,2,8c66,VF Point 2 Offset,0,"Step=1,Min=0,Max=1000","Specifies the Offset Voltage applied to the Selected VF Point 2. This voltage is specified in millivolts. Uses Mailbox MSR 0x150, cmd 0x11, Param1 0:Core 2:Ring, Param2 0x2. Range -500 to 500 mV","sif 311=0;sif 1095 2 <"
*,14c8006250a6403a,253,1,8c83,VF Point 2 Offset Prefix,+,"+,-","Sets the offset value as positive or negative.","sif 311=0;sif 1095 2 <"
*,14c8006250a6403a,238,2,8cbb,VF Point 3 Offset,0,"Step=1,Min=0,Max=1000","Specifies the Offset Voltage applied to the Selected VF Point 3. This voltage is specified in millivolts. Uses Mailbox MSR 0x150, cmd 0x11, Param1 0:Core 2:Ring, Param2 0x3. Range -500 to 500 mV","sif 311=0;sif 1095 3 <"
*,14c8006250a6403a,254,1,8cd8,VF Point 3 Offset Prefix,+,"+,-","Sets the offset value as positive or negative.","sif 311=0;sif 1095 3 <"
*,14c8006250a6403a,23a,2,8d10,VF Point 4 Offset,0,"Step=1,Min=0,Max=1000","Specifies the Offset Voltage applied to the Selected VF Point 4. This voltage is specified in millivolts. Uses Mailbox MSR 0x150, cmd 0x11, Param1 0:Core 2:Ring, Param2 0x4. Range -500 to 500 mV","sif 311=0;sif 1095 4 <"
*,14c8006250a6403a,255,1,8d2d,VF Point 4 Offset Prefix,+,"+,-","Sets the offset value as positive or negative.","sif 311=0;sif 1095 4 <"
*,14c8006250a6403a,23c,2,8d65,VF Point 5 Offset,0,"Step=1,Min=0,Max=1000","Specifies the Offset Voltage applied to the Selected VF Point 5. This voltage is specified in millivolts. Uses Mailbox MSR 0x150, cmd 0x11, Param1 0:Core 2:Ring, Param2 0x5. Range -500 to 500 mV","sif 311=0;sif 1095 5 <"
*,14c8006250a6403a,256,1,8d82,VF Point 5 Offset Prefix,+,"+,-","Sets the offset value as positive or negative.","sif 311=0;sif 1095 5 <"
*,14c8006250a6403a,23e,2,8dba,VF Point 6 Offset,0,"Step=1,Min=0,Max=1000","Specifies the Offset Voltage applied to the Selected VF Point 6. This voltage is specified in millivolts. Uses Mailbox MSR 0x150, cmd 0x11, Param1 0:Core 2:Ring, Param2 0x6. Range -500 to 500 mV","sif 311=0;sif 1095 6 <"
*,14c8006250a6403a,257,1,8dd7,VF Point 6 Offset Prefix,+,"+,-","Sets the offset value as positive or negative.","sif 311=0;sif 1095 6 <"
*,14c8006250a6403a,240,2,8e0f,VF Point 7 Offset,0,"Step=1,Min=0,Max=1000","Specifies the Offset Voltage applied to the Selected VF Point 7. This voltage is specified in millivolts. Uses Mailbox MSR 0x150, cmd 0x11, Param1 0:Core 2:Ring, Param2 0x7. Range -500 to 500 mV","sif 311=0;sif 1095 7 <"
*,14c8006250a6403a,258,1,8e2c,VF Point 7 Offset Prefix,+,"+,-","Sets the offset value as positive or negative.","sif 311=0;sif 1095 7 <"
*,14c8006250a6403a,242,2,8e64,VF Point 8 Offset,0,"Step=1,Min=0,Max=1000","Specifies the Offset Voltage applied to the Selected VF Point 8. This voltage is specified in millivolts. Uses Mailbox MSR 0x150, cmd 0x11, Param1 0:Core 2:Ring, Param2 0x8. Range -500 to 500 mV","sif 311=0;sif 1095 8 <"
*,14c8006250a6403a,259,1,8e81,VF Point 8 Offset Prefix,+,"+,-","Sets the offset value as positive or negative.","sif 311=0;sif 1095 8 <"
*,14c8006250a6403a,244,2,8eb9,VF Point 9 Offset,0,"Step=1,Min=0,Max=1000","Specifies the Offset Voltage applied to the Selected VF Point 9. This voltage is specified in millivolts. Uses Mailbox MSR 0x150, cmd 0x11, Param1 0:Core 2:Ring, Param2 0x9. Range -500 to 500 mV","sif 311=0;sif 1095 9 <"
*,14c8006250a6403a,25a,1,8ed6,VF Point 9 Offset Prefix,+,"+,-","Sets the offset value as positive or negative.","sif 311=0;sif 1095 9 <"
*,14c8006250a6403a,246,2,8f0e,VF Point 10 Offset,0,"Step=1,Min=0,Max=1000","Specifies the Offset Voltage applied to the Selected VF Point 10. This voltage is specified in millivolts. Uses Mailbox MSR 0x150, cmd 0x11, Param1 0:Core 2:Ring, Param2 0xA. Range -500 to 500 mV","sif 311=0;sif 1095 10 <"
*,14c8006250a6403a,25b,1,8f2b,VF Point 10 Offset Prefix,+,"+,-","Sets the offset value as positive or negative.","sif 311=0;sif 1095 10 <"
*,14c8006250a6403a,248,2,8f63,VF Point 11 Offset,0,"Step=1,Min=0,Max=1000","Specifies the Offset Voltage applied to the Selected VF Point 11. This voltage is specified in millivolts. Uses Mailbox MSR 0x150, cmd 0x11, Param1 0:Core 2:Ring, Param2 0xB. Range -500 to 500 mV","sif 311=0;sif 1095 11 <"
*,14c8006250a6403a,25c,1,8f80,VF Point 11 Offset Prefix,+,"+,-","Sets the offset value as positive or negative.","sif 311=0;sif 1095 11 <"
*,14c8006250a6403a,24a,2,8fb8,VF Point 12 Offset,0,"Step=1,Min=0,Max=1000","Specifies the Offset Voltage applied to the Selected VF Point 12. This voltage is specified in millivolts. Uses Mailbox MSR 0x150, cmd 0x11, Param1 0:Core 2:Ring, Param2 0xC. Range -500 to 500 mV","sif 311=0;sif 1095 12 <"
*,14c8006250a6403a,25d,1,8fd5,VF Point 12 Offset Prefix,+,"+,-","Sets the offset value as positive or negative.","sif 311=0;sif 1095 12 <"
*,14c8006250a6403a,24c,2,900d,VF Point 13 Offset,0,"Step=1,Min=0,Max=1000","Specifies the Offset Voltage applied to the Selected VF Point 13. This voltage is specified in millivolts. Uses Mailbox MSR 0x150, cmd 0x11, Param1 0:Core 2:Ring, Param2 0xD. Range -500 to 500 mV","sif 311=0;sif 1095 13 <"
*,14c8006250a6403a,25e,1,902a,VF Point 13 Offset Prefix,+,"+,-","Sets the offset value as positive or negative.","sif 311=0;sif 1095 13 <"
*,14c8006250a6403a,24e,2,9062,VF Point 14 Offset,0,"Step=1,Min=0,Max=1000","Specifies the Offset Voltage applied to the Selected VF Point 14. This voltage is specified in millivolts. Uses Mailbox MSR 0x150, cmd 0x11, Param1 0:Core 2:Ring, Param2 0xE. Range -500 to 500 mV","sif 311=0;sif 1095 14 <"
*,14c8006250a6403a,25f,1,907f,VF Point 14 Offset Prefix,+,"+,-","Sets the offset value as positive or negative.","sif 311=0;sif 1095 14 <"
*,14c8006250a6403a,250,2,90b7,VF Point 15 Offset,0,"Step=1,Min=0,Max=1000","Specifies the Offset Voltage applied to the Selected VF Point 15. This voltage is specified in millivolts. Uses Mailbox MSR 0x150, cmd 0x11, Param1 0:Core 2:Ring, Param2 0xF. Range -500 to 500 mV","sif 311=0;sif 1095 15 <"
*,14c8006250a6403a,260,1,90d4,VF Point 15 Offset Prefix,+,"+,-","Sets the offset value as positive or negative.","sif 311=0;sif 1095 15 <"
,14c8006250a6403a,1e5,1,910a,AVX2 Ratio Offset,0,"Step=1,Min=0,Max=31","AVX2 Ratio Offset. Specifies number of bins to decrease AVX ratio vs. Core Ratio. AVX is a more stressful workload, it is helpful to lower the AVX ratio to ensure maximum possible ratio for SSE workloads. Uses Mailbox MSR 0x150, cmd 0x1B. Range 0 - 31. 0 = No offset.",""
,14c8006250a6403a,225,1,9123,AVX2 Voltage Guardband Scale Factor,100,"Step=1,Min=0,Max=200","AVX2 Voltage Guardband Scale Factor. Controls the voltage guardband applied to AVX workloads. Range 0 - 200 in 1/100 units, where 125 = 1.25 scale factor. A default value of 100 applies the default voltage guardband scale factor of 1.0. A value > 100 will increase the votlage guardband, and < 100 will decrease the voltage guardband.",""
,14c8006250a6403a,1f8,1,9145,TjMax Offset,0,"Step=1,Min=0,Max=63","TjMax Offset. Specified value here is clipped by pCode (125 - TjMax Offset) to support TjMax in the range of 62 to 115 deg Celsius. Uses Mailbox MSR 0x37, command 0x01. Range 10 - 63. 0 = No offset.",""
Thermal Velocity Boost (TVB),,,,,,,,,
,14c8006250a6403a,2e3,1,9170,Thermal Velocity Boost,Enabled,"Disabled,Enabled","This service controls Core frequency reduction caused by high package temperatures for processors that implement the Intel Thermal Velocity Boost (TVB) feature. It is required to be disabled for supporting overclocking at frequencies higher than the default max turbo frequency. Default is disabled. Uses Overclocking Mailbox command 0x18/0x19.",""
*,14c8006250a6403a,34e,1,9199,Down Bins (delta) for Temperature Threshold 0,1,"Step=1,Min=0,Max=10","When running above Temperature Threshold 0, the ratio will be clipped to (Max_Ratio-This Down Bins value)","sif 351=0"
*,14c8006250a6403a,34f,1,91b2,TVB Temperature Threshold 0 (degrees C),70,"Step=1,Min=0,Max=100","Running ABOVE this temperature will clip delta Down Bins for Threshold 0 from the resolved OC Ratio","sif 351=0"
*,14c8006250a6403a,350,1,91cb,TVB Temperature Threshold 1 (degrees C),100,"Step=1,Min=0,Max=100","Running ABOVE this temperature will clip delta Down Bins for Threshold 1 from the resolved OC Ratio","sif 351=0"
*,14c8006250a6403a,351,1,91e4,Down Bins (delta) for Temperature Threshold 1,2,"Step=1,Min=0,Max=10","When running above Temperature Threshold 1, the ratio will be clipped to (Max_Ratio-This Down Bins value)","sif 351=0"
,14c8006250a6403a,2e4,1,91ff,TVB Voltage Optimizations,Enabled,"Disabled,Enabled","This service controls thermal based voltage optimizations for processors that implement the Intel Thermal Velocity Boost (TVB) feature. Default is enabled. Uses Overclocking Mailbox command 0x18/0x19.",""
,14c8006250a6403a,378,1,9220,Enhanced Thermal Velocity Boost,Enabled,"Disabled,Enabled","If enabled the user will be clipped when the temperatures reach the default threshold on supported products.  Recommended to disable for overclocking.",""
*,2a9481a84954a43e,7,1,9257,Expected CPU Freq,,"","Expected Processor frequency calculated using Bus ratio and Bus speed.","sif 1093=0 1092=0 |;gif true"
Form 4118 (E-core L2 Configurations),,,,,,,,,
E-core L2 Configurations,,,,,,,,,
,14c8006250a6403a,2af,1,9292,E-core L2 Voltage Mode,Adaptive,"Adaptive,Override","Selects between Adaptive and Override Voltage modes. In Override Mode the voltage selected will be applied over all operating frequencies. In Adaptive Mode the voltage is interpolated only in turbo mode. Uses Mailbox MSR 0x150, cmd 0x10, 0x11.",""
*,14c8006250a6403a,2b0,2,92bb,E-core L2 Voltage Override,0,"Step=1,Min=0,Max=2000","Specifies the Override Voltage applied to the Efficient-core L2 domain. This voltage is specified in millivolts. Uses Mailbox MSR 0x150, cmd 0x11. Range 0-2000 mV.","sif 358=0"
*,14c8006250a6403a,2b5,2,92e2,E-core L2 Extra Turbo Voltage,0,"Step=1,Min=0,Max=2000","Specifies the extra turbo voltage applied while Efficient-core L2 is operating in turbo mode. Uses Mailbox MSR 0x150, cmd 0x10, 0x11. Range 0-2000 mV","sif 358=1"
,14c8006250a6403a,2b2,2,9301,E-core L2 Voltage Offset,0,"Step=1,Min=0,Max=1000","Specifies the Offset Voltage applied to the Efficient-core L2 domain. This voltage is specified in millivolts. Uses Mailbox MSR 0x150, cmd 0x11. Range -500 to 500 mV",""
,14c8006250a6403a,2b4,1,931e,Offset Prefix,+,"+,-","Sets the offset value as positive or negative.",""
Form 4353 (Ring),,,,,,,,,
Ring,,,,,,,,,
,14c8006250a6403a,1e7,1,9359,Ring Max OC Ratio,0,"Step=1,Min=0,Max=85","Sets the maximum OC Ratio for the CPU Ring. Uses Mailbox MSR 0x150, cmd 0x10, 0x11. Range non-turbo max - 85.",""
*,14c8006250a6403a,27c,1,937a,VF Offset Mode,Legacy,"Legacy,Selection","Selects between Legacy and Selection modes. Need Reset System after enabling OverClocking Feature to Initialize the default value. In Legacy Mode, setting a global offset for the entire VF curve. In Selection modes, setting a selected VF point.","gif 1091=0"
*,14c8006250a6403a,1e9,1,93a5,Ring Voltage Mode,Adaptive,"Adaptive,Override","Selects between Adaptive and Override Voltage modes. In Override Mode the voltage selected will be applied over all operating frequencies. In Adaptive Mode the voltage is interpolated only in turbo mode. Uses Mailbox MSR 0x150, cmd 0x10, 0x11.","sif 35d=1"
*,14c8006250a6403a,1ea,2,93ce,Ring Voltage Override,0,"Step=1,Min=0,Max=2000","Specifies the Override Voltage applied to the Ring domain. This voltage is specified in millivolts. Uses Mailbox MSR 0x150, cmd 0x11. Range 0-2000 mV.","sif 35d=1;sif 35e=0"
*,14c8006250a6403a,1ef,2,93f5,Ring Extra Turbo Voltage,0,"Step=1,Min=0,Max=2000","Specifies the extra turbo voltage applied while ring is operating in turbo mode. Uses Mailbox MSR 0x150, cmd 0x10, 0x11. Range 0-2000 mV","sif 35d=1;sif 35e=1"
*,14c8006250a6403a,1ec,2,9414,Ring Voltage Offset,0,"Step=1,Min=0,Max=1000","Specifies the Offset Voltage applied to the Ring domain. This voltage is specified in millivolts. Uses Mailbox MSR 0x150, cmd 0x11. Range -500 to 500 mV","sif 35d=1"
*,14c8006250a6403a,1ee,1,9431,Offset Prefix,+,"+,-","Sets the offset value as positive or negative.","sif 35d=1"
*,14c8006250a6403a,27e,2,9469,VF Point 1 Offset,0,"Step=1,Min=0,Max=1000","Specifies the Offset Voltage applied to the Selected VF Point 1. This voltage is specified in millivolts. Uses Mailbox MSR 0x150, cmd 0x11, Param1 0:Core 2:Ring, Param2 0x1. Range -500 to 500 mV","sif 35d=0;sif 1091 1 <"
*,14c8006250a6403a,29c,1,9486,VF Point 1 Offset Prefix,+,"+,-","Sets the offset value as positive or negative.","sif 35d=0;sif 1091 1 <"
*,14c8006250a6403a,280,2,94be,VF Point 2 Offset,0,"Step=1,Min=0,Max=1000","Specifies the Offset Voltage applied to the Selected VF Point 2. This voltage is specified in millivolts. Uses Mailbox MSR 0x150, cmd 0x11, Param1 0:Core 2:Ring, Param2 0x2. Range -500 to 500 mV","sif 35d=0;sif 1091 2 <"
*,14c8006250a6403a,29d,1,94db,VF Point 2 Offset Prefix,+,"+,-","Sets the offset value as positive or negative.","sif 35d=0;sif 1091 2 <"
*,14c8006250a6403a,282,2,9513,VF Point 3 Offset,0,"Step=1,Min=0,Max=1000","Specifies the Offset Voltage applied to the Selected VF Point 3. This voltage is specified in millivolts. Uses Mailbox MSR 0x150, cmd 0x11, Param1 0:Core 2:Ring, Param2 0x3. Range -500 to 500 mV","sif 35d=0;sif 1091 3 <"
*,14c8006250a6403a,29e,1,9530,VF Point 3 Offset Prefix,+,"+,-","Sets the offset value as positive or negative.","sif 35d=0;sif 1091 3 <"
*,14c8006250a6403a,284,2,9568,VF Point 4 Offset,0,"Step=1,Min=0,Max=1000","Specifies the Offset Voltage applied to the Selected VF Point 4. This voltage is specified in millivolts. Uses Mailbox MSR 0x150, cmd 0x11, Param1 0:Core 2:Ring, Param2 0x4. Range -500 to 500 mV","sif 35d=0;sif 1091 4 <"
*,14c8006250a6403a,29f,1,9585,VF Point 4 Offset Prefix,+,"+,-","Sets the offset value as positive or negative.","sif 35d=0;sif 1091 4 <"
*,14c8006250a6403a,286,2,95bd,VF Point 5 Offset,0,"Step=1,Min=0,Max=1000","Specifies the Offset Voltage applied to the Selected VF Point 5. This voltage is specified in millivolts. Uses Mailbox MSR 0x150, cmd 0x11, Param1 0:Core 2:Ring, Param2 0x5. Range -500 to 500 mV","sif 35d=0;sif 1091 5 <"
*,14c8006250a6403a,2a0,1,95da,VF Point 5 Offset Prefix,+,"+,-","Sets the offset value as positive or negative.","sif 35d=0;sif 1091 5 <"
*,14c8006250a6403a,288,2,9612,VF Point 6 Offset,0,"Step=1,Min=0,Max=1000","Specifies the Offset Voltage applied to the Selected VF Point 6. This voltage is specified in millivolts. Uses Mailbox MSR 0x150, cmd 0x11, Param1 0:Core 2:Ring, Param2 0x6. Range -500 to 500 mV","sif 35d=0;sif 1091 6 <"
*,14c8006250a6403a,2a1,1,962f,VF Point 6 Offset Prefix,+,"+,-","Sets the offset value as positive or negative.","sif 35d=0;sif 1091 6 <"
*,14c8006250a6403a,28a,2,9667,VF Point 7 Offset,0,"Step=1,Min=0,Max=1000","Specifies the Offset Voltage applied to the Selected VF Point 7. This voltage is specified in millivolts. Uses Mailbox MSR 0x150, cmd 0x11, Param1 0:Core 2:Ring, Param2 0x7. Range -500 to 500 mV","sif 35d=0;sif 1091 7 <"
*,14c8006250a6403a,2a2,1,9684,VF Point 7 Offset Prefix,+,"+,-","Sets the offset value as positive or negative.","sif 35d=0;sif 1091 7 <"
*,14c8006250a6403a,28c,2,96bc,VF Point 8 Offset,0,"Step=1,Min=0,Max=1000","Specifies the Offset Voltage applied to the Selected VF Point 8. This voltage is specified in millivolts. Uses Mailbox MSR 0x150, cmd 0x11, Param1 0:Core 2:Ring, Param2 0x8. Range -500 to 500 mV","sif 35d=0;sif 1091 8 <"
*,14c8006250a6403a,2a3,1,96d9,VF Point 8 Offset Prefix,+,"+,-","Sets the offset value as positive or negative.","sif 35d=0;sif 1091 8 <"
*,14c8006250a6403a,28e,2,9711,VF Point 9 Offset,0,"Step=1,Min=0,Max=1000","Specifies the Offset Voltage applied to the Selected VF Point 9. This voltage is specified in millivolts. Uses Mailbox MSR 0x150, cmd 0x11, Param1 0:Core 2:Ring, Param2 0x9. Range -500 to 500 mV","sif 35d=0;sif 1091 9 <"
*,14c8006250a6403a,2a4,1,972e,VF Point 9 Offset Prefix,+,"+,-","Sets the offset value as positive or negative.","sif 35d=0;sif 1091 9 <"
*,14c8006250a6403a,290,2,9766,VF Point 10 Offset,0,"Step=1,Min=0,Max=1000","Specifies the Offset Voltage applied to the Selected VF Point 10. This voltage is specified in millivolts. Uses Mailbox MSR 0x150, cmd 0x11, Param1 0:Core 2:Ring, Param2 0xA. Range -500 to 500 mV","sif 35d=0;sif 1091 10 <"
*,14c8006250a6403a,2a5,1,9783,VF Point 10 Offset Prefix,+,"+,-","Sets the offset value as positive or negative.","sif 35d=0;sif 1091 10 <"
*,14c8006250a6403a,292,2,97bb,VF Point 11 Offset,0,"Step=1,Min=0,Max=1000","Specifies the Offset Voltage applied to the Selected VF Point 11. This voltage is specified in millivolts. Uses Mailbox MSR 0x150, cmd 0x11, Param1 0:Core 2:Ring, Param2 0xB. Range -500 to 500 mV","sif 35d=0;sif 1091 11 <"
*,14c8006250a6403a,2a6,1,97d8,VF Point 11 Offset Prefix,+,"+,-","Sets the offset value as positive or negative.","sif 35d=0;sif 1091 11 <"
*,14c8006250a6403a,294,2,9810,VF Point 12 Offset,0,"Step=1,Min=0,Max=1000","Specifies the Offset Voltage applied to the Selected VF Point 12. This voltage is specified in millivolts. Uses Mailbox MSR 0x150, cmd 0x11, Param1 0:Core 2:Ring, Param2 0xC. Range -500 to 500 mV","sif 35d=0;sif 1091 12 <"
*,14c8006250a6403a,2a7,1,982d,VF Point 12 Offset Prefix,+,"+,-","Sets the offset value as positive or negative.","sif 35d=0;sif 1091 12 <"
*,14c8006250a6403a,296,2,9865,VF Point 13 Offset,0,"Step=1,Min=0,Max=1000","Specifies the Offset Voltage applied to the Selected VF Point 13. This voltage is specified in millivolts. Uses Mailbox MSR 0x150, cmd 0x11, Param1 0:Core 2:Ring, Param2 0xD. Range -500 to 500 mV","sif 35d=0;sif 1091 13 <"
*,14c8006250a6403a,2a8,1,9882,VF Point 13 Offset Prefix,+,"+,-","Sets the offset value as positive or negative.","sif 35d=0;sif 1091 13 <"
*,14c8006250a6403a,298,2,98ba,VF Point 14 Offset,0,"Step=1,Min=0,Max=1000","Specifies the Offset Voltage applied to the Selected VF Point 14. This voltage is specified in millivolts. Uses Mailbox MSR 0x150, cmd 0x11, Param1 0:Core 2:Ring, Param2 0xE. Range -500 to 500 mV","sif 35d=0;sif 1091 14 <"
*,14c8006250a6403a,2a9,1,98d7,VF Point 14 Offset Prefix,+,"+,-","Sets the offset value as positive or negative.","sif 35d=0;sif 1091 14 <"
*,14c8006250a6403a,29a,2,990f,VF Point 15 Offset,0,"Step=1,Min=0,Max=1000","Specifies the Offset Voltage applied to the Selected VF Point 15. This voltage is specified in millivolts. Uses Mailbox MSR 0x150, cmd 0x11, Param1 0:Core 2:Ring, Param2 0xF. Range -500 to 500 mV","sif 35d=0;sif 1091 15 <"
*,14c8006250a6403a,2aa,1,992c,VF Point 15 Offset Prefix,+,"+,-","Sets the offset value as positive or negative.","sif 35d=0;sif 1091 15 <"
,14c8006250a6403a,1e8,1,9962,Ring Down Bin,Enabled,"Disabled,Enabled","Enable/Disable Ring Downbin feature. Enabled - CPU will down bin the ring ratio, which means the requested max ring ratio will not be observed. Disable - CPU will not down bin the ring ratio and the requested ring ratio limit will be observed. Default for Overclocking is "Disabled" to allow for a predictable ring ratio. Uses OC mailbox command 0x19.",""
,14c8006250a6403a,210,1,9983,Min Ring Ratio Limit,0,"Step=1,Min=0,Max=85","This sets the minimum ring ratio limit. 0 - Auto/HW default. 1-LFM are invalid ratio settings.",""
,14c8006250a6403a,211,1,999c,Max Ring Ratio Limit,0,"Step=1,Min=0,Max=85","This sets the maximum ring ratio limit. 0 - Auto/HW default. 1-LFM are invalid ratio settings.",""
Form 4123 (GT),,,,,,,,,
GT Domain,,,,,,,,,
,8493fc30bc249fd7,262,1,99c6,GT OverClocking Frequency,0,"Step=1,Min=0,Max=42","Overclocked RP0 Frequency (MLC Clk) in multiples of 50 MHz",""
,8493fc30bc249fd7,263,1,99df,GT Voltage Mode,Adaptive,"Adaptive,Override","Selects between Adaptive and Override Voltage modes. In Override Mode the voltage selected will be applied over all operating frequencies. In Adaptive Mode the voltage is interpolated only in turbo mode. Uses Mailbox MSR 0x150, cmd 0x10, 0x11.",""
*,8493fc30bc249fd7,267,2,9a08,GT Voltage Override,0,"Step=1,Min=0,Max=2000","Specifies the Override Voltage applied to the GT domain. This voltage is specified in millivolts. Uses Mailbox MSR 0x150, cmd 0x11. Range 0-2000 mV","sif 383=0"
*,8493fc30bc249fd7,269,2,9a2f,GT Extra Turbo Voltage,0,"Step=1,Min=0,Max=2000","Specifies the extra turbo voltage applied while GT is operating in turbo mode. Unit is in millivolts. Uses Mailbox MSR 0x150, cmd 0x11. Range 0-2000 mV","sif 383=1"
,8493fc30bc249fd7,264,2,9a4e,GT Voltage Offset,0,"Step=1,Min=0,Max=1000","Specifies the Offset Voltage applied to the GT domain. This voltage is specified in millivolts. Uses Mailbox MSR 0x150, cmd 0x11. Range -1000 to 1000 mV",""
,8493fc30bc249fd7,266,1,9a6b,Offset Prefix,+,"+,-","Sets the offset value as positive or negative.",""
GT Unslice Domain,,,,,,,,,
*,8493fc30bc249fd7,26b,1,9a9d,GT OverClocking Frequency,0,"Step=1,Min=0,Max=42","Overclocked RP0 Frequency (MLC Clk) in multiples of 50 MHz","sif 1090=0"
*,8493fc30bc249fd7,26c,1,9ab6,GT Voltage Mode,Adaptive,"Adaptive,Override","Selects between Adaptive and Override Voltage modes. In Override Mode the voltage selected will be applied over all operating frequencies. In Adaptive Mode the voltage is interpolated only in turbo mode. Uses Mailbox MSR 0x150, cmd 0x10, 0x11.","sif 1090=0"
*,8493fc30bc249fd7,270,2,9adf,GT Voltage Override,0,"Step=1,Min=0,Max=2000","Specifies the Override Voltage applied to the GT domain. This voltage is specified in millivolts. Uses Mailbox MSR 0x150, cmd 0x11. Range 0-2000 mV","sif 1090=0;sif 389=0"
*,8493fc30bc249fd7,272,2,9b06,GT Extra Turbo Voltage,0,"Step=1,Min=0,Max=2000","Specifies the extra turbo voltage applied while GT is operating in turbo mode. Unit is in millivolts. Uses Mailbox MSR 0x150, cmd 0x11. Range 0-2000 mV","sif 1090=0;sif 389=1"
*,8493fc30bc249fd7,26d,2,9b25,GTU Voltage Offset,0,"Step=1,Min=0,Max=1000","Specifies the Offset Voltage applied to the GT domain. This voltage is specified in millivolts. Uses Mailbox MSR 0x150, cmd 0x11. Range -1000 to 1000 mV","sif 1090=0"
*,8493fc30bc249fd7,26f,1,9b42,Offset Prefix,+,"+,-","Sets the offset value as positive or negative.","sif 1090=0"
Form 4354 (Uncore),,,,,,,,,
Uncore,,,,,,,,,
,14c8006250a6403a,2de,1,9b7f,Uncore Voltage Mode,Adaptive,"Adaptive,Override","Selects between Adaptive and Override Voltage modes. In Override Mode the voltage selected will be applied over all operating frequencies. In Adaptive Mode the voltage is interpolated only in turbo mode. Uses Mailbox MSR 0x150, cmd 0x10, 0x11.",""
*,14c8006250a6403a,2df,2,9ba8,Uncore Voltage Override,0,"Step=1,Min=0,Max=2000","Specifies the Override Voltage applied to the SA Uncore domain. This voltage is specified in millivolts. Uses Mailbox MSR 0x150, cmd 0x11. Range 0-2000 mV.","sif 38e=0"
*,14c8006250a6403a,2e1,2,9bcf,Uncore Extra Turbo Voltage,0,"Step=1,Min=0,Max=2000","Specifies the extra turbo voltage applied while SA Uncore is operating in turbo mode. Uses Mailbox MSR 0x150, cmd 0x10, 0x11. Range 0-2000 mV","sif 38e=1"
,8493fc30bc249fd7,25f,2,9bee,Uncore Voltage Offset,0,"Step=1,Min=0,Max=1000","Specifies the Offset Voltage applied to the Uncore domain. This voltage is specified in millivolts. Uses Mailbox MSR 0x150, cmd 0x11. Range -1000 to 1000 mV",""
,8493fc30bc249fd7,261,1,9c0b,Offset Prefix,+,"+,-","Sets the offset value as positive or negative.",""
Form 4355 (Platform Voltage Overrides),,,,,,,,,
Platform Voltage Overrides,,,,,,,,,
,14c8006250a6403a,321,1,9c46,Vcc1p8 Override Enable,Disabled,"Disabled,Enabled","Overrides the Vcc1p8 voltage using SMBUS/PMBUS interface of VRM. Use the next option for exact voltage configuration",""
*,14c8006250a6403a,322,2,9c6f,Vcc1p8,1800,"Step=10,Min=800,Max=2550","Range of Vcc1p8 voltage - Default is 1800 mV","sif 393=0"
,14c8006250a6403a,324,1,9c8e,Vcc1p05 Override Enable,Disabled,"Disabled,Enabled","Overrides the Vcc1p05 voltage using SMBUS/PMBUS interface of VRM. Use the next option for exact voltage configuration",""
*,14c8006250a6403a,325,2,9cb7,Vcc1p05,1050,"Step=10,Min=800,Max=2550","Range of Vcc1p05 voltage - Default is 1050 mV","sif 395=0"
,14c8006250a6403a,327,1,9cd6,VccDD2 Override Enable,Disabled,"Disabled,Enabled","Overrides the VccDD2 voltage using SMBUS/PMBUS interface of VRM. Use the next option for exact voltage configuration",""
*,14c8006250a6403a,328,2,9cff,VccDD2,1100,"Step=10,Min=800,Max=2550","Range of VccDD2 voltage - Default is 1100 mV","sif 397=0"
,14c8006250a6403a,336,1,9d27,VCCIN AUX CPU Overrides Enable,Disabled,"Disabled,Enabled","VCCIN AUX CPU Voltage Overrides from SMBUS/PMBUS interface of VRM. Use the next option for exact voltage configuration",""
*,14c8006250a6403a,337,2,9d50,VCCIN AUX CPU,1800,"Step=10,Min=1620,Max=1900","Voltage Range of VCCIN AUX CPU from 1620mV - 1900mV; Default is 1800 mV","sif 399=0"
,14c8006250a6403a,339,1,9d78,RichTek VccIA Control Overrides,Disabled,"Disabled,Enabled","VccIA Voltage can be overrides from Richtek SMBUS/PMBUS VR. Use the next option for exact voltage configuration",""
*,14c8006250a6403a,33b,1,9da1,Fixed VID Mode,Disabled,"Disabled,Enabled","Fixed VID Mode Enabled for the VccIA/VccGT Voltage rail Overrides from Richtek SMBUS/PMBUS VR. When Disabled, voltage rail will use IMVP from SVID BUS.","sif 39b=0"
*,14c8006250a6403a,33d,2,9dca,VccIA (mV),1200,"Step=10,Min=250,Max=2170","Voltage Range of RichTek VccIA from 250mV - 2170mV; Default is 1200 mV","sif 39b=0;sif 39c=0"
,14c8006250a6403a,33a,1,9deb,RichTek VccGT Control Overrides,Disabled,"Disabled,Enabled","VccGT Voltage can be overrides from Richtek SMBUS/PMBUS VR. Use the next option for exact voltage configuration",""
*,14c8006250a6403a,33c,1,9e14,Fixed VID Mode,Disabled,"Disabled,Enabled","Fixed VID Mode Enabled for the VccIA/VccGT Voltage rail Overrides from Richtek SMBUS/PMBUS VR. When Disabled, voltage rail will use IMVP from SVID BUS.","sif 39e=0"
*,14c8006250a6403a,33f,2,9e3d,VccGT (mV),1200,"Step=10,Min=250,Max=2170","Voltage Range of RichTek VccGT from 250mV - 2170mV; Default is 1200 mV","sif 39e=0;sif 39f=0"
Form 5414 (Voltage PLL Trim Controls),,,,,,,,,
Voltage PLL Trim Controls,,,,,,,,,
,14c8006250a6403a,1f2,1,9e78,Core PLL Voltage Offset,0,"Step=1,Min=0,Max=15","PLL Voltage Offset, Range 0-15. Units are in 17.5mV. Default is 0. This control can be used to increase the range of this domain frequency in extreme overclocking conditions.",""
,14c8006250a6403a,1f3,1,9e91,GT PLL Voltage Offset,0,"Step=1,Min=0,Max=15","PLL Voltage Offset, Range 0-15. Units are in 17.5mV. Default is 0. This control can be used to increase the range of this domain frequency in extreme overclocking conditions.",""
,14c8006250a6403a,1f4,1,9eaa,Ring PLL Voltage Offset,0,"Step=1,Min=0,Max=15","PLL Voltage Offset, Range 0-15. Units are in 17.5mV. Default is 0. This control can be used to increase the range of this domain frequency in extreme overclocking conditions.",""
,14c8006250a6403a,1f5,1,9ec3,System Agent PLL Voltage Offset,0,"Step=1,Min=0,Max=15","PLL Voltage Offset, Range 0-15. Units are in 17.5mV. Default is 0. This control can be used to increase the range of this domain frequency in extreme overclocking conditions.",""
*,14c8006250a6403a,1f6,1,9eee,Efficient-core PLL Voltage Offset,0,"Step=1,Min=0,Max=15","PLL Voltage Offset, Range 0-15. Units are in 17.5mV. Default is 0. This control can be used to increase the range of this domain frequency in extreme overclocking conditions.","sif 108f=0 8f=0 |"
,14c8006250a6403a,1f7,1,9f09,Memory Controller PLL Voltage Offset,0,"Step=1,Min=0,Max=15","PLL Voltage Offset, Range 0-15. Units are in 17.5mV. Default is 0. This control can be used to increase the range of this domain frequency in extreme overclocking conditions.",""
Form 4318 (CEP Disable),,,,,,,,,
CEP Disable,,,,,,,,,
,14c8006250a6403a,334,1,9f3c,IA CEP Enable,Enabled,"Enabled,Disabled","Enable/Disable IA CEP (Current Excursion Protection) Support. Uses pCode Mailbox Command 0x37, Sub-command 0x1. Set Data bit2 to 1.",""
,14c8006250a6403a,335,1,9f5d,GT CEP Enable,Enabled,"Enabled,Disabled","Enable/Disable GT CEP (Current Excursion Protection) Support. Uses pCode Mailbox Command 0x37, Sub-command 0x1. Set Data bit3 to 1.",""
Form 4334 (VR ICCMAX Current Override),,,,,,,,,
VR ICCMAX Current Override,,,,,,,,,
*,14c8006250a6403a,347,2,9fd5,IA ICC Max Current Limit Override,4,"Step=1,Min=4,Max=2047","IA Voltage Regulator Current Limit (Icc Max). This value represents the Maximum instantaneous current allowed at any given time. The value is represented in 1/4 A increments. A value of 400 = 100A. Range is 4 to 2047. Uses OC mailbox command 0x17","gif 108e=1;gif 3aa=1"
*,14c8006250a6403a,346,1,9ff4,IA ICC Unlimited Mode,Disabled,"Disabled,Enabled","Enable/Disable IA Unlimited ICCMAX. When Enabled, IA VR ICCMAX value is set to max ICC current 512A.","gif 108e=1"
*,14c8006250a6403a,34a,2,a030,GT ICC Max Current Limit Override,4,"Step=1,Min=4,Max=2047","GT Voltage Regulator Current Limit (Icc Max). This value represents the Maximum instantaneous current allowed at any given time. The value is represented in 1/4 A increments. A value of 400 = 100A. Range is 4 to 2047. Uses OC mailbox command 0x17","gif 108d=1;gif 3ac=1"
*,14c8006250a6403a,349,1,a04f,GT ICC Unlimited Mode,Disabled,"Disabled,Enabled","Enable/Disable GT Unlimited ICCMAX. When Enabled, GT VR ICCMAX value is set to max ICC current 512A.","gif 108d=1"
Form 4289 (  Processor Disable),,,,,,,,,
,14c8006250a6403a,358,1,a0a6,N/A,0,"Bool=0,1,None","N/A",""
,14c8006250a6403a,359,1,a0db,N/A,0,"Bool=0,1,None","N/A",""
,14c8006250a6403a,35a,1,a110,N/A,0,"Bool=0,1,None","N/A",""
,14c8006250a6403a,35b,1,a145,N/A,0,"Bool=0,1,None","N/A",""
,14c8006250a6403a,35c,1,a17a,N/A,0,"Bool=0,1,None","N/A",""
,14c8006250a6403a,35d,1,a1af,N/A,0,"Bool=0,1,None","N/A",""
,14c8006250a6403a,35e,1,a1e4,N/A,0,"Bool=0,1,None","N/A",""
,14c8006250a6403a,35f,1,a219,N/A,0,"Bool=0,1,None","N/A",""
,14c8006250a6403a,360,1,a24e,N/A,0,"Bool=0,1,None","N/A",""
,14c8006250a6403a,361,1,a283,N/A,0,"Bool=0,1,None","N/A",""
,14c8006250a6403a,362,1,a2b8,N/A,0,"Bool=0,1,None","N/A",""
,14c8006250a6403a,363,1,a2ed,N/A,0,"Bool=0,1,None","N/A",""
,14c8006250a6403a,364,1,a322,N/A,0,"Bool=0,1,None","N/A",""
,14c8006250a6403a,365,1,a357,N/A,0,"Bool=0,1,None","N/A",""
,14c8006250a6403a,366,1,a38c,N/A,0,"Bool=0,1,None","N/A",""
,14c8006250a6403a,367,1,a3c1,N/A,0,"Bool=0,1,None","N/A",""
,14c8006250a6403a,368,1,a3f6,N/A,0,"Bool=0,1,None","N/A",""
,14c8006250a6403a,369,1,a42b,N/A,0,"Bool=0,1,None","N/A",""
,14c8006250a6403a,36a,1,a460,N/A,0,"Bool=0,1,None","N/A",""
,14c8006250a6403a,36b,1,a495,N/A,0,"Bool=0,1,None","N/A",""
,14c8006250a6403a,36c,1,a4ca,N/A,0,"Bool=0,1,None","N/A",""
,14c8006250a6403a,36d,1,a4ff,N/A,0,"Bool=0,1,None","N/A",""
,14c8006250a6403a,36e,1,a534,N/A,0,"Bool=0,1,None","N/A",""
,14c8006250a6403a,36f,1,a569,N/A,0,"Bool=0,1,None","N/A",""
,14c8006250a6403a,370,1,a59e,N/A,0,"Bool=0,1,None","N/A",""
,14c8006250a6403a,371,1,a5d3,N/A,0,"Bool=0,1,None","N/A",""
,14c8006250a6403a,372,1,a608,N/A,0,"Bool=0,1,None","N/A",""
,14c8006250a6403a,373,1,a63d,N/A,0,"Bool=0,1,None","N/A",""
,14c8006250a6403a,374,1,a672,N/A,0,"Bool=0,1,None","N/A",""
,14c8006250a6403a,375,1,a6a7,N/A,0,"Bool=0,1,None","N/A",""
,14c8006250a6403a,376,1,a6dc,N/A,0,"Bool=0,1,None","N/A",""
,14c8006250a6403a,377,1,a711,N/A,0,"Bool=0,1,None","N/A",""
Form 5438 (PCI Express Root Port 0),,,,,,,,,
,8493fc30bc249fd7,c6,1,a72b,PTM,Enabled,"Enabled,Disabled","Enable/Disable Precision Time Measurement",""
SA PCIe LTR Configuration,,,,,,,,,
,8493fc30bc249fd7,ca,1,a75e,LTR,Enabled,"Disabled,Enabled","PCIE Latency Reporting Enable/Disable",""
*,8493fc30bc249fd7,ce,1,a787,Snoop Latency Override,Enabled,"Disabled,Enabled","Snoop Latency Override for SA PCIE.
Disabled: Disable override.
Manual: Manually enter override values.
Auto (default): Maintain default BIOS flow.","sif 3ce=0"
*,8493fc30bc249fd7,d6,2,a7b4,Snoop Latency Value,200,"Step=1,Min=0,Max=1023","LTR Snoop Latency value of SA PCIE","sif 3ce=0;sif 3cf=1 !"
*,8493fc30bc249fd7,d2,1,a7d1,Snoop Latency Multiplier,1024 ns,"1 ns,32 ns,1024 ns,32768 ns,1048576 ns,33554432 ns","LTR Snoop Latency Multiplier of SA PCIE","sif 3ce=0;sif 3cf=1 !"
*,8493fc30bc249fd7,de,1,a810,Non Snoop Latency Override,Enabled,"Disabled,Enabled","Non Snoop Latency Override for SA PCIE.
Disabled: Disable override.
Manual: Manually enter override values.
Auto (default): Maintain default BIOS flow.","sif 3ce=0"
*,8493fc30bc249fd7,e6,2,a83d,Non Snoop Latency Value,200,"Step=1,Min=0,Max=1023","LTR Non Snoop Latency value of PCH PCIE","sif 3ce=0;sif 3d2=1 !"
*,8493fc30bc249fd7,e2,1,a85a,Non Snoop Latency Multiplier,1024 ns,"1 ns,32 ns,1024 ns,32768 ns,1048576 ns,33554432 ns","LTR Non Snoop Latency Multiplier of SA PCIE","sif 3ce=0;sif 3d2=1 !"
*,8493fc30bc249fd7,ee,1,a899,Force LTR Override,Disabled,"Disabled,Enabled","Force LTR Override for ITBT PCIE.
Disabled: LTR override values will not be forced.
Enable: LTR override values will be forced and LTR messages from the device will be ignored.","sif 3ce=0"
*,8493fc30bc249fd7,f2,1,a8ba,LTR Lock,Disabled,"Disabled,Enabled","PCIE LTR Configuration Lock","sif 3ce=0"
Form 5439 (PCI Express Root Port 1),,,,,,,,,
,8493fc30bc249fd7,c7,1,a8ee,PTM,Enabled,"Enabled,Disabled","Enable/Disable Precision Time Measurement",""
SA PCIe LTR Configuration,,,,,,,,,
,8493fc30bc249fd7,cb,1,a921,LTR,Enabled,"Disabled,Enabled","PCIE Latency Reporting Enable/Disable",""
*,8493fc30bc249fd7,cf,1,a94a,Snoop Latency Override,Enabled,"Disabled,Enabled","Snoop Latency Override for SA PCIE.
Disabled: Disable override.
Manual: Manually enter override values.
Auto (default): Maintain default BIOS flow.","sif 3d8=0"
*,8493fc30bc249fd7,d8,2,a977,Snoop Latency Value,200,"Step=1,Min=0,Max=1023","LTR Snoop Latency value of SA PCIE","sif 3d8=0;sif 3d9=1 !"
*,8493fc30bc249fd7,d3,1,a994,Snoop Latency Multiplier,1024 ns,"1 ns,32 ns,1024 ns,32768 ns,1048576 ns,33554432 ns","LTR Snoop Latency Multiplier of SA PCIE","sif 3d8=0;sif 3d9=1 !"
*,8493fc30bc249fd7,df,1,a9d3,Non Snoop Latency Override,Enabled,"Disabled,Enabled","Non Snoop Latency Override for SA PCIE.
Disabled: Disable override.
Manual: Manually enter override values.
Auto (default): Maintain default BIOS flow.","sif 3d8=0"
*,8493fc30bc249fd7,e8,2,aa00,Non Snoop Latency Value,200,"Step=1,Min=0,Max=1023","LTR Non Snoop Latency value of PCH PCIE","sif 3d8=0;sif 3dc=1 !"
*,8493fc30bc249fd7,e3,1,aa1d,Non Snoop Latency Multiplier,1024 ns,"1 ns,32 ns,1024 ns,32768 ns,1048576 ns,33554432 ns","LTR Non Snoop Latency Multiplier of SA PCIE","sif 3d8=0;sif 3dc=1 !"
*,8493fc30bc249fd7,ef,1,aa5c,Force LTR Override,Disabled,"Disabled,Enabled","Force LTR Override for ITBT PCIE.
Disabled: LTR override values will not be forced.
Enable: LTR override values will be forced and LTR messages from the device will be ignored.","sif 3d8=0"
*,8493fc30bc249fd7,f3,1,aa7d,LTR Lock,Disabled,"Disabled,Enabled","PCIE LTR Configuration Lock","sif 3d8=0"
Form 5440 (PCI Express Root Port 2),,,,,,,,,
,8493fc30bc249fd7,c8,1,aab1,PTM,Enabled,"Enabled,Disabled","Enable/Disable Precision Time Measurement",""
SA PCIe LTR Configuration,,,,,,,,,
,8493fc30bc249fd7,cc,1,aae4,LTR,Enabled,"Disabled,Enabled","PCIE Latency Reporting Enable/Disable",""
*,8493fc30bc249fd7,d0,1,ab0d,Snoop Latency Override,Enabled,"Disabled,Enabled","Snoop Latency Override for SA PCIE.
Disabled: Disable override.
Manual: Manually enter override values.
Auto (default): Maintain default BIOS flow.","sif 3e2=0"
*,8493fc30bc249fd7,da,2,ab3a,Snoop Latency Value,200,"Step=1,Min=0,Max=1023","LTR Snoop Latency value of SA PCIE","sif 3e2=0;sif 3e3=1 !"
*,8493fc30bc249fd7,d4,1,ab57,Snoop Latency Multiplier,1024 ns,"1 ns,32 ns,1024 ns,32768 ns,1048576 ns,33554432 ns","LTR Snoop Latency Multiplier of SA PCIE","sif 3e2=0;sif 3e3=1 !"
*,8493fc30bc249fd7,e0,1,ab96,Non Snoop Latency Override,Enabled,"Disabled,Enabled","Non Snoop Latency Override for SA PCIE.
Disabled: Disable override.
Manual: Manually enter override values.
Auto (default): Maintain default BIOS flow.","sif 3e2=0"
*,8493fc30bc249fd7,ea,2,abc3,Non Snoop Latency Value,200,"Step=1,Min=0,Max=1023","LTR Non Snoop Latency value of PCH PCIE","sif 3e2=0;sif 3e6=1 !"
*,8493fc30bc249fd7,e4,1,abe0,Non Snoop Latency Multiplier,1024 ns,"1 ns,32 ns,1024 ns,32768 ns,1048576 ns,33554432 ns","LTR Non Snoop Latency Multiplier of SA PCIE","sif 3e2=0;sif 3e6=1 !"
*,8493fc30bc249fd7,f0,1,ac1f,Force LTR Override,Disabled,"Disabled,Enabled","Force LTR Override for ITBT PCIE.
Disabled: LTR override values will not be forced.
Enable: LTR override values will be forced and LTR messages from the device will be ignored.","sif 3e2=0"
*,8493fc30bc249fd7,f4,1,ac40,LTR Lock,Disabled,"Disabled,Enabled","PCIE LTR Configuration Lock","sif 3e2=0"
Form 5442 (PCI Express Root Port 3),,,,,,,,,
,8493fc30bc249fd7,c9,1,ac74,PTM,Enabled,"Enabled,Disabled","Enable/Disable Precision Time Measurement",""
SA PCIe LTR Configuration,,,,,,,,,
,8493fc30bc249fd7,cd,1,aca7,LTR,Enabled,"Disabled,Enabled","PCIE Latency Reporting Enable/Disable",""
*,8493fc30bc249fd7,d1,1,acd0,Snoop Latency Override,Enabled,"Disabled,Enabled","Snoop Latency Override for SA PCIE.
Disabled: Disable override.
Manual: Manually enter override values.
Auto (default): Maintain default BIOS flow.","sif 3ec=0"
*,8493fc30bc249fd7,dc,2,acfd,Snoop Latency Value,200,"Step=1,Min=0,Max=1023","LTR Snoop Latency value of SA PCIE","sif 3ec=0;sif 3ed=1 !"
*,8493fc30bc249fd7,d5,1,ad1a,Snoop Latency Multiplier,1024 ns,"1 ns,32 ns,1024 ns,32768 ns,1048576 ns,33554432 ns","LTR Snoop Latency Multiplier of SA PCIE","sif 3ec=0;sif 3ed=1 !"
*,8493fc30bc249fd7,e1,1,ad59,Non Snoop Latency Override,Enabled,"Disabled,Enabled","Non Snoop Latency Override for SA PCIE.
Disabled: Disable override.
Manual: Manually enter override values.
Auto (default): Maintain default BIOS flow.","sif 3ec=0"
*,8493fc30bc249fd7,ec,2,ad86,Non Snoop Latency Value,200,"Step=1,Min=0,Max=1023","LTR Non Snoop Latency value of PCH PCIE","sif 3ec=0;sif 3f0=1 !"
*,8493fc30bc249fd7,e5,1,ada3,Non Snoop Latency Multiplier,1024 ns,"1 ns,32 ns,1024 ns,32768 ns,1048576 ns,33554432 ns","LTR Non Snoop Latency Multiplier of SA PCIE","sif 3ec=0;sif 3f0=1 !"
*,8493fc30bc249fd7,f1,1,ade2,Force LTR Override,Disabled,"Disabled,Enabled","Force LTR Override for ITBT PCIE.
Disabled: LTR override values will not be forced.
Enable: LTR override values will be forced and LTR messages from the device will be ignored.","sif 3ec=0"
*,8493fc30bc249fd7,f5,1,ae03,LTR Lock,Disabled,"Disabled,Enabled","PCIE LTR Configuration Lock","sif 3ec=0"
Form 4136 (Memory Configuration),,,,,,,,,
>Memory Thermal Configuration,,,,,,,,,
>Memory Training Algorithms,,,,,,,,,
>Memory,,,,,,,,,
Memory Configuration,,,,,,,,,
,8493fc30bc249fd7,427,4,b201,Debug Value,0,"Step=1,Min=0,Max=4294967295","Debug Value",""
,8493fc30bc249fd7,23c,1,b226,MRC ULT Safe Config,Disabled,"Disabled,Enabled","MRC ULT Safe Config for PO",""
,8493fc30bc249fd7,23d,1,b247,LPDDR DqDqs Re-Training,Enabled,"Disabled,Enabled","Disable/Enable LPDDR DqDqs Re Training",""
,8493fc30bc249fd7,19e,1,b268,Safe Mode Support,Disabled,"Disabled,Enabled","Safe Mode enable support. Option will be used for changes/WAs that may affect an stable MRC",""
,8493fc30bc249fd7,1a1,1,b289,Memory Test on Warm Boot,Enabled,"Disabled,Enabled","Enable Or Disable Base Memory Test Run on Warm Boot",""
,8493fc30bc249fd7,18b,2,b2aa,Maximum Memory Frequency,Auto,"Auto,1067,1333,1400,1600,1800,1867,2000,2133,2200,2400,2600,2667,2800,2933,3000,3200,3467,3600,3733,4000,4200,4267,4400,4600,4800,5000,5200,5400,5600,5800,6000,6200,6400,6600,6800,7000,7200,7400,7600,7800,8000,8200,8400,8600,8800,9000,9200,9400,9600,9800,10000,12800","Maximum Memory Frequency Selections in Mhz.",""
,8493fc30bc249fd7,474,1,b46f,LP5 Bank Mode,Auto,"Auto,LP5 8 Bank Mode,LP5 16 Bank Mode,LP5 BG Mode","LP5 Bank Mode",""
*,8493fc30bc249fd7,47a,1,b4a6,DDR5 DFE Gain,0,"0,1,2,3,-1,-2,-3","DDR5 DFE Gain","sif 100e=1"
,8493fc30bc249fd7,45e,2,b4ec,Frequency Limit for Mixed 2DPC DDR4,0,"Step=1,Min=0,Max=65535","Override the reduced speed in mixed 2DPC config or non-POR 2DPC config. 0=Auto, otherwise speed in MT/s",""
,8493fc30bc249fd7,469,2,b509,Frequency Limit for Mixed 2DPC DDR5 1 Rank 8GB and 8GB,2000,"Step=1,Min=0,Max=65535","Override the reduced speed in mixed 2DPC config or non-POR 2DPC config. 0=Auto, otherwise speed in MT/s",""
,8493fc30bc249fd7,46b,2,b526,Frequency Limit for Mixed 2DPC DDR5 1 Rank 16GB and 16GB,2000,"Step=1,Min=0,Max=65535","Override the reduced speed in mixed 2DPC config or non-POR 2DPC config. 0=Auto, otherwise speed in MT/s",""
,8493fc30bc249fd7,46d,2,b543,Frequency Limit for Mixed 2DPC DDR5 1 Rank 8GB and 16GB,2000,"Step=1,Min=0,Max=65535","Override the reduced speed in mixed 2DPC config or non-POR 2DPC config. 0=Auto, otherwise speed in MT/s",""
,8493fc30bc249fd7,46f,2,b560,Frequency Limit for Mixed 2DPC DDR5 2 Rank,2000,"Step=1,Min=0,Max=65535","Override the reduced speed in mixed 2DPC config or non-POR 2DPC config. 0=Auto, otherwise speed in MT/s",""
,8493fc30bc249fd7,471,2,b57d,LCT Cmd Eye Width,96,"Step=1,Min=0,Max=65535","LCT Cmd Eye Width 0= Auto ",""
,8493fc30bc249fd7,188,1,b59a,HOB Buffer Size,Auto,"Auto,1B,1KB,Max (assuming 63KB total HOB size)","Size to set HOB Buffer",""
*,8493fc30bc249fd7,189,1,b5f3,ECC Support,Enabled,"Disabled,Enabled","Enable/disable DDR Ecc Support","sif ff3=2 ! ff3=5 ! and ff3=4 ! and ff3=3 ! and"
*,8493fc30bc249fd7,44a,8,b614,Error Injection Address Match,0,"Step=64,Min=0,Max=8589934591","Address to match against for ECC error injection","sif ff3=2 ! ff3=5 ! and ff3=4 ! and ff3=3 ! and"
*,8493fc30bc249fd7,452,8,b649,Error Injection Mask,0,"Step=0,Min=0,Max=8589934591","Mask to match against for ECC error injection","sif ff3=2 ! ff3=5 ! and ff3=4 ! and ff3=3 ! and"
*,8493fc30bc249fd7,45a,4,b67e,Error Injection Insertion Count,15,"Step=1,Min=0,Max=4294967295","Number of transactions between ECC error injection","sif ff3=2 ! ff3=5 ! and ff3=4 ! and ff3=3 ! and"
,8493fc30bc249fd7,18a,1,b6a5,Max TOLUD,Dynamic,"Dynamic,1 GB,1.25 GB,1.5 GB,1.75 GB,2 GB,2.25 GB,2.5 GB,2.75 GB,3 GB,3.25 GB,3.5 GB","Maximum Value of TOLUD. Dynamic assignment would adjust TOLUD automatically based on largest MMIO length of installed graphic controller",""
,8493fc30bc249fd7,1f1,1,b712,SA GV,Enabled,"Disabled,Enabled,Fixed to 1st Point,Fixed to 2nd Point,Fixed to 3rd Point,Fixed to 4th Point","System Agent Geyserville. Can disable, fix to a specific point, or enable frequency switching.",""
*,8493fc30bc249fd7,1fe,1,b75b,Gear Ratio,0,"Step=1,Min=0,Max=4","Gear ratio when SAGV is disabled. 0-Auto, 1-G1, 2-G2, 4-G4","sif 8000=0 !"
*,8493fc30bc249fd7,1f2,2,b77e,First Point Frequency,0,"Step=1,Min=0,Max=65535","Specify the frequency for the given point.  0 - MRC auto, Else a specific frequency as an integer: 1333","sif 8000=0"
*,8493fc30bc249fd7,1fa,1,b79b,First Point Gear,0,"Step=1,Min=0,Max=4","Gear ratio for this SAGV point. 0-Auto, 1-G1, 2-G2, 4-G4","sif 8000=0"
*,8493fc30bc249fd7,1f4,2,b7b4,Second Point Frequency,0,"Step=1,Min=0,Max=65535","Specify the frequency for the given point.  0 - MRC auto, Else a specific frequency as an integer: 1333","sif 8000=0"
*,8493fc30bc249fd7,1fb,1,b7d1,Second Point Gear,0,"Step=1,Min=0,Max=4","Gear ratio for this SAGV point. 0-Auto, 1-G1, 2-G2, 4-G4","sif 8000=0"
*,8493fc30bc249fd7,1f6,2,b7ea,Third Point Frequency,0,"Step=1,Min=0,Max=65535","Specify the frequency for the given point.  0 - MRC auto, Else a specific frequency as an integer: 1333","sif 8000=0"
*,8493fc30bc249fd7,1fc,1,b807,Third Point Gear,0,"Step=1,Min=0,Max=4","Gear ratio for this SAGV point. 0-Auto, 1-G1, 2-G2, 4-G4","sif 8000=0"
*,8493fc30bc249fd7,1f8,2,b820,Fourth Point Frequency,0,"Step=1,Min=0,Max=65535","Specify the frequency for the given point.  0 - MRC auto, Else a specific frequency as an integer: 1333","sif 8000=0"
*,8493fc30bc249fd7,1fd,1,b83d,Fourth Point Gear,0,"Step=1,Min=0,Max=4","Gear ratio for this SAGV point. 0-Auto, 1-G1, 2-G2, 4-G4","sif 8000=0"
,8493fc30bc249fd7,461,1,b858,SAGV Switch Factor IA,30,"Step=1,Min=1,Max=50","SAGV Switch Factor of IA Load Percentage To Trigger Switching Up And Down",""
,8493fc30bc249fd7,462,1,b871,SAGV Switch Factor GT,30,"Step=1,Min=1,Max=50","SAGV Switch Factor of GT Load Percentage To Trigger Switching Up And Down",""
,8493fc30bc249fd7,463,1,b88a,SAGV Switch Factor IO,30,"Step=1,Min=1,Max=50","SAGV Switch Factor of IO Load Percentage To Trigger Switching Up And Down",""
,8493fc30bc249fd7,464,1,b8a3,SAGV Switch Factor Stall,30,"Step=1,Min=1,Max=50","SAGV Switch Factor of IA/GT Stall Percentage To Trigger Switching Up And Down",""
,8493fc30bc249fd7,465,1,b8bc,Threshold For Switch Up,1,"Step=1,Min=1,Max=50","Duration In MS Of High Activity After Which SAGV Will Switch Up",""
,8493fc30bc249fd7,466,1,b8d5,Threshold For Switch Down,1,"Step=1,Min=1,Max=50","Duration In MS Of Low Activity After Which SAGV Will Switch Down",""
,8493fc30bc249fd7,19c,1,b8ee,Retrain on Fast Fail,Enabled,"Disabled,Enabled","Restart MRC in Cold mode if SW MemTest fails during Fast flow. Default = Enabled",""
,8493fc30bc249fd7,19d,1,b90f,DDR4_1DPC,Enabled,"Disabled,Enabled on DIMM0 only,Enabled on DIMM1 only,Enabled","DDR4 1DPC performance feature for 2R DIMMs. Can be enabled on DIMM0 or DIMM1 only, or on both",""
,8493fc30bc249fd7,23e,1,b93e,Row Hammer Mode,RFM,"Disabled,RFM,pTRR","Row Hammer Prevention Mode. RFM will fall back to pTRR if not available",""
*,8493fc30bc249fd7,23f,1,b96e,RH LFSR0 Mask,1/2^11,"1/2^1,1/2^2,1/2^3,1/2^4,1/2^5,1/2^6,1/2^7,1/2^8,1/2^9,1/2^10,1/2^11,1/2^12,1/2^13,1/2^14,1/2^15","LFSR0 mask for RH pTRR","sif 41d=0"
*,8493fc30bc249fd7,240,1,b9ea,RH LFSR1 Mask,1/2^11,"1/2^1,1/2^2,1/2^3,1/2^4,1/2^5,1/2^6,1/2^7,1/2^8,1/2^9,1/2^10,1/2^11,1/2^12,1/2^13,1/2^14,1/2^15","LFSR1 mask for RH pTRR","sif 41d=0"
,8493fc30bc249fd7,42c,1,ba68,MC Refresh Rate,NORMAL Refresh,"NORMAL Refresh,1x Refresh,2x Refresh,4x Refresh","Select refresh rate on the MC",""
,8493fc30bc249fd7,422,1,baa5,Refresh Watermarks,High,"Low,High","Sets Refresh Panic Watermark and Refresh High-Priority Watermark to HIGH or LOW values",""
,8493fc30bc249fd7,3f3,1,bac6,LPDDR ODT RttWr,0,"Step=1,Min=0,Max=255","Initial RttWr ODT override for LP4/5 in Ohms. Range 0x01 - 0xFF, default 0 = AUTO",""
,8493fc30bc249fd7,3f4,1,badf,LPDDR ODT RttCa,0,"Step=1,Min=0,Max=255","Initial RttCa ODT override for LP4/5 in Ohms. Range 0x01 - 0xFF, default 0 = AUTO",""
,8493fc30bc249fd7,245,1,baf8,Exit On Failure (MRC),Enabled,"Disabled,Enabled","Exit On Failure for MRC training steps",""
,8493fc30bc249fd7,246,1,bb19,New Features 1 - MRC,Disabled,"Disabled,Enabled","Enabling/Disabling Generic New Features 1",""
,8493fc30bc249fd7,247,1,bb3a,New Features 2 - MRC,Disabled,"Disabled,Enabled","Enabling/Disabling Generic New Features 2",""
,8493fc30bc249fd7,192,1,bb5b,Ch Hash Override,Disabled,"Disabled,Enabled","Override Channel Hash settings",""
*,8493fc30bc249fd7,193,1,bb84,Ch Hash Support,Enabled,"Disabled,Enabled","Enable/Disable Channel Hash Support. NOTE: ONLY if Memory interleaved Mode","gif 427=0"
*,8493fc30bc249fd7,194,2,bba5,Ch Hash Mask,2096,"Step=1,Min=1,Max=16383","Set the BIT(s) to be included in the XOR function. NOTE BIT mask corresponds to BITS [19:6}","gif 427=0"
*,8493fc30bc249fd7,196,1,bbc2,Ch Hash Interleaved Bit,BIT8,"BIT6,BIT7,BIT8,BIT9,BIT10,BIT11,BIT12,BIT13","Select the BIT to be used for Channel Interleaved mode. NOTE: BIT7 will interlave the channels at a 2 cacheline granularity, BIT8 at 4 and BIT9 at 8","gif 427=0"
,8493fc30bc249fd7,404,1,bc0f,Extended Bank Hashing,Enabled,"Disabled,Enabled","Enable/disable Extended Bank Hashing.",""
,8493fc30bc249fd7,197,1,bc30,Per Bank Refresh,Enabled,"Disabled,Enabled","Enables and Disables the per bank refresh.  This only impacts memory technologies that support PBR: LPDDR4, LPDDR5 and DDR5",""
,8493fc30bc249fd7,198,1,bc51,VC1 Read Metering,Enabled,"Disabled,Enabled","Enable/Disable VC1 Read Metering Feature (RdMeter)",""
,8493fc30bc249fd7,199,1,bc72,Strong Weak Leaker,7,"Step=1,Min=1,Max=7","Value for StrongWkLeaker",""
,8493fc30bc249fd7,1a2,1,bc8b,Power Down Mode,Auto,"Auto,No Power Down,APD,PPD-DLLoff","CKE Power Down Mode Control",""
,8493fc30bc249fd7,1a3,1,bcba,Pwr Down Idle Timer,0,"Step=1,Min=0,Max=255","The minimum value should = to the worst case Roundtrip delay + Burst_Length. 0 means AUTO: 64 for ULX/ULT, 128 for DT/Halo",""
,8493fc30bc249fd7,1a4,1,bcd3,Page Close Idle Timeout,Enabled,"Enabled,Disabled","Page Close Idle Timeout Control",""
,8493fc30bc249fd7,231,1,bcf4,Memory Scrambler,Enabled,"Disabled,Enabled","Enable/Disable Memory Scrambler support.",""
,8493fc30bc249fd7,232,1,bd15,Force ColdReset,Disabled,"Enabled,Disabled","Force ColdReset OR Choose MrcColdBoot mode, when Coldboot is required during MRC execution. Note: If ME 5.0MB is present, ForceColdReset is required!",""
,8493fc30bc249fd7,233,1,bd36,Controller 0, Channel 0 Control,Enabled,"Enabled,Disabled","Controller 0, Channel 0 Control - Enable or Disable Controller 0, Channel 0.",""
,8493fc30bc249fd7,234,1,bd57,Controller 0, Channel 1 Control,Enabled,"Enabled,Disabled","Controller 0, Channel 1 Control - Enable or Disable Controller 0, Channel 1.",""
,8493fc30bc249fd7,235,1,bd78,Controller 0, Channel 2 Control,Enabled,"Enabled,Disabled","Controller 0, Channel 2 Control - Enable or Disable Controller 0, Channel 2.",""
,8493fc30bc249fd7,236,1,bd99,Controller 0, Channel 3 Control,Enabled,"Enabled,Disabled","Controller 0, Channel 3 Control - Enable or Disable Controller 0, Channel 3.",""
,8493fc30bc249fd7,237,1,bdba,Controller 1, Channel 0 Control,Enabled,"Enabled,Disabled","Controller 1, Channel 0 Control - Enable or Disable Controller 1, Channel 0.",""
,8493fc30bc249fd7,238,1,bddb,Controller 1, Channel 1 Control,Enabled,"Enabled,Disabled","Controller 1, Channel 1 Control - Enable or Disable Controller 1, Channel 1.",""
,8493fc30bc249fd7,239,1,bdfc,Controller 1, Channel 2 Control,Enabled,"Enabled,Disabled","Controller 1, Channel 2 Control - Enable or Disable Controller 1, Channel 2.",""
,8493fc30bc249fd7,23a,1,be1d,Controller 1, Channel 3 Control,Enabled,"Enabled,Disabled","Controller 1, Channel 3 Control - Enable or Disable Controller 1, Channel 3.",""
,8493fc30bc249fd7,19a,1,be3e,Force Single Rank,Disabled,"Disabled,Enabled","When enabled, only Rank 0 will be used in each DIMM",""
,8493fc30bc249fd7,1a5,1,be5f,In-Band ECC Support,Disabled,"Disabled,Enabled","Enable/Disable In-Band ECC. Will be enabled if memory has symmetric configuration",""
*,8493fc30bc249fd7,1a6,1,be88,In-Band ECC Operation Mode,2,"0,1,2","0: Functional Mode protects requests based on the address range, 1: Makes all requests non protected and ignore range checks, 2:Makes all requests protected and ignore range checks","sif 43b=0"
*,8493fc30bc249fd7,1a7,1,bebc,IBECC Protect Region 0,Disabled,"Disabled,Enabled","Enable/Disable In-Band ECC for Region 0","sif 43b=0;sif 43c=0 !"
*,8493fc30bc249fd7,1af,4,bee5,Protected Region 0 BASE,0,"Step=1,Min=0,Max=67108863","Set the base address for protected region 0 (Per IBECC instance)","sif 43b=0;sif 43c=0 !;sif 43d=0"
*,8493fc30bc249fd7,1cf,4,bf0a,Protected Region 0 MASK,67108832,"Step=1,Min=1,Max=67108863","Set the mask for protected region 0","sif 43b=0;sif 43c=0 !;sif 43d=0"
*,8493fc30bc249fd7,1a8,1,bf31,IBECC Protect Region 1,Disabled,"Disabled,Enabled","Enable/Disable In-Band ECC for Region 1","sif 43b=0;sif 43c=0 !"
*,8493fc30bc249fd7,1b3,4,bf5a,Protected Region 1 BASE,0,"Step=1,Min=0,Max=67108863","Set the base address for protected region 1 (Per IBECC instance)","sif 43b=0;sif 43c=0 !;sif 440=0"
*,8493fc30bc249fd7,1d3,4,bf7f,Protected Region 1 MASK,67108832,"Step=1,Min=1,Max=67108863","Set the mask for protected region 1","sif 43b=0;sif 43c=0 !;sif 440=0"
*,8493fc30bc249fd7,1a9,1,bfa6,IBECC Protect Region 2,Disabled,"Disabled,Enabled","Enable/Disable In-Band ECC for Region 2","sif 43b=0;sif 43c=0 !"
*,8493fc30bc249fd7,1b7,4,bfcf,Protected Region 2 BASE,0,"Step=1,Min=0,Max=67108863","Set the base address for protected region 2 (Per IBECC instance)","sif 43b=0;sif 43c=0 !;sif 443=0"
*,8493fc30bc249fd7,1d7,4,bff4,Protected Region 2 MASK,67108832,"Step=1,Min=1,Max=67108863","Set the mask for protected region 2","sif 43b=0;sif 43c=0 !;sif 443=0"
*,8493fc30bc249fd7,1aa,1,c01b,IBECC Protect Region 3,Disabled,"Disabled,Enabled","Enable/Disable In-Band ECC for Region 3","sif 43b=0;sif 43c=0 !"
*,8493fc30bc249fd7,1bb,4,c044,Protected Region 3 BASE,0,"Step=1,Min=0,Max=67108863","Set the base address for protected region 3 (Per IBECC instance)","sif 43b=0;sif 43c=0 !;sif 446=0"
*,8493fc30bc249fd7,1db,4,c069,Protected Region 3 MASK,67108832,"Step=1,Min=1,Max=67108863","Set the mask for protected region 3","sif 43b=0;sif 43c=0 !;sif 446=0"
*,8493fc30bc249fd7,1ab,1,c090,IBECC Protect Region 4,Disabled,"Disabled,Enabled","Enable/Disable In-Band ECC for Region 4","sif 43b=0;sif 43c=0 !"
*,8493fc30bc249fd7,1bf,4,c0b9,Protected Region 4 BASE,0,"Step=1,Min=0,Max=67108863","Set the base address for protected region 4 (Per IBECC instance)","sif 43b=0;sif 43c=0 !;sif 449=0"
*,8493fc30bc249fd7,1df,4,c0de,Protected Region 4 MASK,67108832,"Step=1,Min=1,Max=67108863","Set the mask for protected region 4","sif 43b=0;sif 43c=0 !;sif 449=0"
*,8493fc30bc249fd7,1ac,1,c105,IBECC Protect Region 5,Disabled,"Disabled,Enabled","Enable/Disable In-Band ECC for Region 5","sif 43b=0;sif 43c=0 !"
*,8493fc30bc249fd7,1c3,4,c12e,Protected Region 5 BASE,0,"Step=1,Min=0,Max=67108863","Set the base address for protected region 5 (Per IBECC instance)","sif 43b=0;sif 43c=0 !;sif 44c=0"
*,8493fc30bc249fd7,1e3,4,c153,Protected Region 5 MASK,67108832,"Step=1,Min=1,Max=67108863","Set the mask for protected region 5","sif 43b=0;sif 43c=0 !;sif 44c=0"
*,8493fc30bc249fd7,1ad,1,c17a,IBECC Protect Region 6,Disabled,"Disabled,Enabled","Enable/Disable In-Band ECC for Region 6","sif 43b=0;sif 43c=0 !"
*,8493fc30bc249fd7,1c7,4,c1a3,Protected Region 6 BASE,0,"Step=1,Min=0,Max=67108863","Set the base address for protected region 6 (Per IBECC instance)","sif 43b=0;sif 43c=0 !;sif 44f=0"
*,8493fc30bc249fd7,1e7,4,c1c8,Protected Region 6 MASK,67108832,"Step=1,Min=1,Max=67108863","Set the mask for protected region 6","sif 43b=0;sif 43c=0 !;sif 44f=0"
*,8493fc30bc249fd7,1ae,1,c1ef,IBECC Protect Region 7,Disabled,"Disabled,Enabled","Enable/Disable In-Band ECC for Region 7","sif 43b=0;sif 43c=0 !"
*,8493fc30bc249fd7,1cb,4,c218,Protected Region 7 BASE,0,"Step=1,Min=0,Max=67108863","Set the base address for protected region 7 (Per IBECC instance)","sif 43b=0;sif 43c=0 !;sif 452=0"
*,8493fc30bc249fd7,1eb,4,c23d,Protected Region 7 MASK,67108832,"Step=1,Min=1,Max=67108863","Set the mask for protected region 7","sif 43b=0;sif 43c=0 !;sif 452=0"
*,8493fc30bc249fd7,405,1,c266,IBECC Error Injection Control,No Error Injection,"No Error Injection,Inject Correctable Error Address match,Inject Correctable Error on insertion counter,Inject Uncorrectable Error Address match,Inject Uncorrectable Error on insertion counter","Enables IBECC Error Injection","sif 43b=0"
*,8493fc30bc249fd7,406,8,c2c8,Error Injection Address Match,0,"Step=64,Min=0,Max=70368744177600","Address to match against for ECC error injection","sif 43b=0;sif 455=0 455=3 | 455=7 |"
*,8493fc30bc249fd7,40e,8,c2fd,Error Injection Mask,0,"Step=64,Min=0,Max=70368744177600","Mask to match against for ECC error injection","sif 43b=0;sif 455=0 455=3 | 455=7 |"
*,8493fc30bc249fd7,416,4,c34e,Error Injection Insertion Count,0,"Step=1,Min=0,Max=4294967295","Number of transactions between ECC error injection","sif 43b=0;sif 455=0 455=1 | 455=5 |"
,8493fc30bc249fd7,23b,1,c377,Memory Remap,Enabled,"Enabled,Disabled","Enable/Disable Memory Remap above 4GB",""
,8493fc30bc249fd7,18e,1,c398,Time Measure,Disabled,"Disabled,Enabled","Enable/Disable printing of the time it takes to execute MRC.",""
,8493fc30bc249fd7,47c,1,c3b9,CsPiStartHighinEct,Disabled,"Disabled,Enabled","Cs Pi Start With High Value in Ect.",""
,8493fc30bc249fd7,47d,1,c3da,DisableFGRAndPBRWA,Disabled,"Disabled,Enabled","Disable FGR And PBR WA.",""
,8493fc30bc249fd7,18f,1,c3fb,Fast Boot,Enabled,"Disabled,Enabled","Enable/Disable fast path thru the MRC",""
,8493fc30bc249fd7,190,1,c422,Rank Margin Tool Per Task,Disabled,"Disabled,Enabled","Enables/Disables RMT running at every major training step",""
,8493fc30bc249fd7,191,1,c443,Training Tracing,Disabled,"Disabled,Enabled","Enables/Disables printing of the current trained state at every major training step.",""
,8493fc30bc249fd7,19b,1,c464,Lpddr Mem WL Set,Set B,"Set A,Set B","Only applicable to LPDDR, Memory Write Latency Set selection (A is default, B will be used if memory devices support it)",""
*,8493fc30bc249fd7,19f,1,c48d,BDAT Memory Test Type,Rank Margin Tool Rank,"Rank Margin Tool Rank,Rank Margin Tool Bit,Margin 2D","Indicates the type of Memory Training data to populate into the BDAT ACPI table.","gif 56=0"
,8493fc30bc249fd7,1a0,1,c4b7,Rank Margin Tool Loop Count,0,"Step=1,Min=0,Max=32","Specifies the Loop Count to be used during Rank Margin Tool Testing. 0 - AUTO",""
,8493fc30bc249fd7,1ef,1,c4d0,ECC DFT,Disabled,"Disabled,Enabled","Enable/Disable ECC DFT feature",""
,8493fc30bc249fd7,1f0,1,c4f1,Write0,Disabled,"Disabled,Enabled","Write0 feature for LP5/DDR5",""
,8493fc30bc249fd7,42e,1,c512,Periodic DCC,Disabled,"Disabled,Enabled","Enable / Disable Periodic DCC",""
,8493fc30bc249fd7,42f,1,c533,LPMode,Auto,"Auto,Enabled,Disabled","Control LPMode feature",""
,8493fc30bc249fd7,3ef,1,c55b,PPR Enable,Disabled,"Disabled,Hard PPR","PPR permanently repairs failed rows (if possible).",""
,8493fc30bc249fd7,477,1,c57c,SAM Overlaoding,Disabled,"Disabled,Enabled","Enable: copy the sagv frequency point. Disable: not copy.",""
Form 4137 (System Agent (SA) Configuration),,,,,,,,,
System Agent (SA) Configuration,,,,,,,,,
>Graphics Configuration,,,,,,,,,
>DMI/OPI Configuration,,,,,,,,,
>TCSS setup menu,,,,,,,,,
>VMD setup menu,,,,,,,,,
>Display setup menu,,,,,,,,,
>PCI Express Configuration,,,,,,,,,
,8493fc30bc249fd7,af,1,c635,Stop Grant Configuration,Auto,"Auto,Manual","Automatic/Manual stop grant configuration",""
*,8493fc30bc249fd7,b0,1,c65e,Number of Stop Grant Cycles,1,"Step=0,Min=1,Max=63","Selects number of Stop-Grant cycles.","sif 46e=1"
*,8493fc30bc249fd7,7d,1,c689,VT-d,Enabled,"Enabled,Disabled","VT-d capability","sif ff5=0;gif 1010=1"
*,2a9481a84954a43e,987,1,c6c0,Control Iommu Pre-boot Behavior,Enable IOMMU during boot,"Disable IOMMU,Enable IOMMU during boot","Enable IOMMU in Pre-boot environment (If DMAR table is installed in DXE and If VTD_INFO_PPI is installed in PEI.)","gif ff5=0 1412=0 |"
*,8493fc30bc249fd7,86,1,c703,X2APIC Opt Out,Disabled,"Enabled,Disabled","Enable/Disable X2APIC_OPT_OUT bit","gif ff5=0 1412=0 |;sif 1079=0"
*,8493fc30bc249fd7,87,1,c726,DMA Control Guarantee,Enabled,"Enabled,Disabled","Enable/Disable DMA_CONTROL_GUARANTEE bit","gif ff5=0 1412=0 |"
,8493fc30bc249fd7,7c,1,c749,Thermal Device (B0:D4:F0),Disabled,"Enabled,Disabled","Enable/Disable SA Thermal Device. Always enabled for ICL A0 stepping.",""
,8493fc30bc249fd7,f6,1,c76a,Cpu CrashLog (Device 10),Enabled,"Enabled,Disabled","Enable/Disable Cpu CrashLog Device.",""
,8493fc30bc249fd7,7f,1,c78b,GNA Device (B0:D8:F0),Enabled,"Enabled,Disabled","Enable/Disable SA GNA Device.",""
,8493fc30bc249fd7,257,1,c7ac,CRID Support,Disabled,"Enabled,Disabled","Enable/Disable SA CRID and TCSS CRID control for Intel SIPP",""
,8493fc30bc249fd7,277,1,c7cd,WRC Feature,Disabled,"Enabled,Disabled","Enable/Disable SA WRC(Write Cache) Feature of IOP. When enabled, supports IO devices allocating onto the ring and into LLC.",""
*,8493fc30bc249fd7,7e,1,c7f6,Above 4GB MMIO BIOS assignment,Enabled,"Enabled,Disabled","Enable/Disable above 4GB MemoryMappedIO BIOS assignment

This is enabled automatically when Aperture Size is set to 2048MB.","sif 48f=15"
,8493fc30bc249fd7,47b,1,c819,Program Grant Count,Disabled,"Enabled,Disabled","Enable/Disable Programming Of Grant Count",""
*,8493fc30bc249fd7,80,1,c842,IPU Device (B0:D5:F0),Disabled,"Enabled,Disabled","Enable/Disable SA IPU Device.","sif 1078=0"
>MIPI Camera Configuration,,,,,,,,,
*,8493fc30bc249fd7,82,1,c880,eDRAM Mode,eDRAM HW Mode,"SW Mode eDRAM Off,SW Mode eDRAM On,eDRAM HW Mode","SW Mode eDRAM On or eDRAM Off","sif 1077=1 !"
Form 4124 (Memory Overclocking Menu),,,,,,,,,
*,8493fc30bc249fd7,274,1,c98b,Realtime Memory Timing,Disabled,"Disabled,Enabled","Enable/Disable realtime memory timings. When enabled, the system will allow performing realtime memory timing changes after MRC_DONE.","sif ff3=4"
*,8493fc30bc249fd7,18d,1,c9ac,Memory profile,Default SPD Profile,"Default SPD Profile,Custom Profile,XMP Profile 1,XMP Profile 2,XMP Profile 3,XMP User Profile 4,XMP User Profile 5","Select DIMM timing profile. The below values start with the currently running values and don't auto populate.","sif ff3=4"
*,8493fc30bc249fd7,41a,1,cb43,Dynamic Memory Boost,Disabled,"Disabled,Enabled","Enable/Disable Dynamic Memory Boost feature, Allows automatic switching between default SPD Profile frequency and selected XMP profile frequency. Only valid if an XMP Profile is selected.","sif ff3=4;gif 112b=0,1,5,6 47e=1 |"
*,8493fc30bc249fd7,42d,1,cb80,Realtime Memory Frequency,Disabled,"Disabled,Enabled","Enable/Disable Realtime Memory Frequency feature, Allows manual switching in runtime between default SPD Profile frequency and selected XMP profile frequency. Only valid if an XMP Profile is selected.","sif ff3=4;gif 112b=0,1,5,6 47d=1 |"
*,8493fc30bc249fd7,478,1,cbad,OCSafeMode,Enabled,"Disabled,Enabled","OverClocking Safe Mode: When enabled, memory training uses less aggressive timing and algoes","gif 112b=0"
*,8493fc30bc249fd7,5,1,cbdc,Memory Reference Clock,133,"133,100","100MHz, 133MHz.","gif 112b=1 !"
*,8493fc30bc249fd7,6,1,cbfd,Memory Ratio,0,"Step=1,Min=0,Max=128","0 = Auto, or the frequency will equal ratio times reference clock. Set to 0 (Auto) to recalculate memory timings listed below.","gif 112b=1 !"
*,8493fc30bc249fd7,8,1,cc16,tCL,0,"Step=1,Min=0,Max=255","CAS Latency, 0: AUTO, max: 31","gif 112b=1 !"
*,8493fc30bc249fd7,e,1,cc2f,tRCD/tRP,0,"Step=1,Min=0,Max=255","RAS to CAS delay time and Row Precharge delay time, 0: AUTO, max: 63","gif 112b=1 !"
*,8493fc30bc249fd7,c,2,cc48,tRAS,0,"Step=1,Min=0,Max=65535","RAS Active Time, 0: AUTO, max: 64","gif 112b=1 !"
*,8493fc30bc249fd7,9,1,cc65,tCWL,0,"Step=1,Min=0,Max=255","Min CAS Write Latency Delay Time, 0: AUTO, max: 20","gif 112b=1 !"
*,8493fc30bc249fd7,a,2,cc7e,tFAW,0,"Step=1,Min=0,Max=65535","Min Four Activate Window Delay Time, 0: AUTO, max: 63","gif 112b=1 !"
*,8493fc30bc249fd7,f,2,cc9b,tREFI,0,"Step=1,Min=0,Max=65535","Refresh Interval, 0: AUTO, max: 65535","gif 112b=1 !"
*,8493fc30bc249fd7,11,2,ccb8,tRFC,0,"Step=1,Min=0,Max=65535","Min Refresh Recovery Delay Time, 0: AUTO, max: 1023","gif 112b=1 !"
*,8493fc30bc249fd7,13,1,ccd5,tRRD,0,"Step=1,Min=0,Max=255","Min Row Active to Row Active Delay Time, 0: AUTO, max: 31","gif 112b=1 !"
*,8493fc30bc249fd7,14,1,ccee,tRTP,0,"Step=1,Min=0,Max=255","Min Internal Read to Precharge Command Delay Time, 0: AUTO, max: 15. DDR4 legal values: 5, 6, 7, 8, 9, 10, 12","gif 112b=1 !"
*,8493fc30bc249fd7,15,1,cd07,tWR,0,"Step=1,Min=0,Max=255","Min Write Recovery Time, 0: AUTO","gif 112b=1 !"
*,8493fc30bc249fd7,16,1,cd20,tWTR,0,"Step=1,Min=0,Max=255","Min Internal Write to Read Command Delay Time, 0: AUTO, max: 28","gif 112b=1 !"
*,8493fc30bc249fd7,434,2,cd39,tRFCpb,0,"Step=1,Min=0,Max=15000","Min Internal Write to Read Command Delay Time, 0: AUTO, max: 15000","gif 112b=1 !"
*,8493fc30bc249fd7,436,2,cd56,tRFC2,0,"Step=1,Min=0,Max=15000","Min Internal Write to Read Command Delay Time, 0: AUTO, max: 15000","gif 112b=1 !"
*,8493fc30bc249fd7,438,2,cd73,tRFC4,0,"Step=1,Min=0,Max=15000","Min Internal Write to Read Command Delay Time, 0: AUTO, max: 15000","gif 112b=1 !"
*,8493fc30bc249fd7,43a,1,cd90,tRRD_L,0,"Step=1,Min=0,Max=255","Min Internal Write to Read Command Delay Time, 0: AUTO, max:80 ","gif 112b=1 !"
*,8493fc30bc249fd7,43b,1,cda9,tRRD_S,0,"Step=1,Min=0,Max=255","Min Internal Write to Read Command Delay Time, 0: AUTO, max: 80","gif 112b=1 !"
*,8493fc30bc249fd7,43c,1,cdc2,tWTR_L,0,"Step=1,Min=0,Max=255","Min Internal Write to Read Command Delay Time, 0: AUTO, max: 127","gif 112b=1 !"
*,8493fc30bc249fd7,43d,1,cddb,tCCD_L,0,"Step=1,Min=0,Max=255","Min Internal Write to Read Command Delay Time, 0: AUTO, max: 80","gif 112b=1 !"
*,8493fc30bc249fd7,43e,1,cdf4,tWTR_S,0,"Step=1,Min=0,Max=255","Min Internal Write to Read Command Delay Time, 0: AUTO, max: 50","gif 112b=1 !"
*,8493fc30bc249fd7,17,1,ce0d,NMode,0,"Step=1,Min=0,Max=2","System command rate, range 0-2, 0 means auto, 1 = 1N, 2 = 2N","gif 112b=1 !"
*,8493fc30bc249fd7,3,2,ce3a,Memory Voltage,0,"Step=5,Min=0,Max=2000","Memory Voltage Override (Vdd) at DRAM Side. 0 = no override","gif 112b=2,3,4,5,6"
*,8493fc30bc249fd7,3f5,2,ce57,Memory Voltage VDDQ,0,"Step=5,Min=0,Max=2000","Memory Voltage Override (Vddq) at DRAM Side. 0 = no override","gif 112b=2,3,4,5,6"
*,8493fc30bc249fd7,3f7,2,ce74,Memory Voltage VPP,0,"Step=5,Min=0,Max=2300","Memory Voltage Override (Vpp) at DRAM Side. 0 = no override","gif 112b=2,3,4,5,6"
Form 4138 (Graphics Configuration),,,,,,,,,
Graphics Configuration,,,,,,,,,
*,8493fc30bc249fd7,b8,1,cebd,Graphics Turbo IMON Current,31,"Step=1,Min=14,Max=31","Graphics turbo IMON current values supported (14-31)","sif ff3=4"
,8493fc30bc249fd7,256,1,ced8,Skip Scaning of External Gfx Card,Disabled,"Disabled,Enabled","If Enable, it will not scan for External Gfx Card on PEG and PCH PCIE Ports",""
*,8493fc30bc249fd7,b1,1,cf36,Primary Display,Auto,"Auto,IGFX,PEG Slot,PCH PCI,HG","Select which of IGFX/PEG/PCI Graphics device should be Primary Display Or select HG for Hybrid Gfx.","sif ff3=1 ! ff3=5 ! and ff3=2 ! and ff3=6 ! and ff3=3 ! and"
*,8493fc30bc249fd7,41b,1,cf7a,HG Support,PEG10,"PEG10,PEG60,PEG62","HG Support on PEG Port","sif 487=4 !"
*,8493fc30bc249fd7,b2,1,cfa2,Select PCIE Card,Auto,"Auto,Elk Creek 4,PEG Eval","Select the card used on the platform
Auto       : Skip GPIO based Power Enable to dGPU
Elk Creek 4: DGPU Power Enable = ActiveLow
PEG Eval   : DGPU Power Enable = ActiveHigh","sif 487=4 !"
*,8493fc30bc249fd7,b3,2,cfca,HG Delay After Power Enable,300,"Step=0,Min=0,Max=1000","Delay in milli-seconds after power enable","sif 487=4 !"
*,8493fc30bc249fd7,b5,2,cfe7,HG Delay After Hold Reset,100,"Step=0,Min=0,Max=1000","Delay in milli-seconds after hold reset","sif 487=4 !"
*,8493fc30bc249fd7,b1,1,d012,Primary Display,Auto,"Auto,IGFX,PEG Slot,PCH PCI","Select which of IGFX/PEG/PCI Graphics device should be Primary Display Or select HG for Hybrid Gfx.","sif ff3=4 !"
,8493fc30bc249fd7,b7,1,d043,Internal Graphics,Auto,"Auto,Disabled,Enabled","Keep IGFX enabled based on the setup options.",""
,8493fc30bc249fd7,33,1,d071,GTT Size,8MB,"2MB,4MB,8MB","Select the GTT Size ",""
,8493fc30bc249fd7,34,1,d099,Aperture Size,256MB,"128MB,256MB,512MB,1024MB","Select the Aperture Size

Note : Above 4GB MMIO BIOS assignment is automatically enabled when selecting 2048MB aperture. To use this feature, please disable CSM Support.",""
,8493fc30bc249fd7,7a,1,d13b,DVMT Pre-Allocated,60M,"0M,32M,64M,96M,128M,160M,4M,8M,12M,16M,20M,24M,28M,32M/F7,36M,40M,44M,48M,52M,56M,60M","Select DVMT 5.0 Pre-Allocated (Fixed) Graphics Memory size used by the Internal Graphics Device.",""
,8493fc30bc249fd7,39,1,d1e7,Intel Graphics Pei Display Peim,Disabled,"Enabled,Disabled","Enable/Disable Pei (Early) Display",""
*,8493fc30bc249fd7,37,1,d237,VDD Enable,Enabled,"Disabled,Enabled","Enable/Disable forcing of VDD in the BIOS","sif ff3=4"
,8493fc30bc249fd7,38,1,d25a,Configure GT for use,Enabled,"Enabled,Disabled","Enable/Disable GT configuration in BIOS",""
*,8493fc30bc249fd7,42,1,d283,RC1p Support,Disabled,"Enabled,Disabled","Enable/Disable RC1p support. If RC1p is enabled, send a RC1p frequency request to PMA based other conditions being met","sif 1410=0"
,8493fc30bc249fd7,3a,1,d2a6,PAVP Enable,Enabled,"Enabled,Disabled","Enable/Disable PAVP",""
,8493fc30bc249fd7,3d,1,d2c7,Cdynmax Clamping Enable,Disabled,"Enabled,Disabled","Enable/Disable Cdynmax Clamping",""
*,8493fc30bc249fd7,3e,1,d2fa,Cd Clock Frequency,Max CdClock freq based on Reference Clk,"192 Mhz,312 Mhz,324 Mhz,552 Mhz,648 Mhz,Max CdClock freq based on Reference Clk","Select the highest Cd Clock frequency supported by the platform","sif 1075=1 1075=0 |"
*,8493fc30bc249fd7,3e,1,d341,Cd Clock Frequency,Max CdClock freq based on Reference Clk,"192 Mhz,307.2 Mhz,480 Mhz,556.8 Mhz,652.8 Mhz,Max CdClock freq based on Reference Clk","Select the highest Cd Clock frequency supported by the platform","sif 1075=2"
,8493fc30bc249fd7,3b,1,d380,VBT Select,eDP,"eDP,MIPI","Select VBT for GOP Driver
Select Vbt to MIPI if any of the Display has MIPI",""
,8493fc30bc249fd7,3ee,1,d3a1,Enable Display Audio Link in Pre-OS,Disabled,"Disabled,Enabled","Enable : Display Audio Link will be enabled in Pre-OS.
Disabled : Display Audio Link will be disabled in Pre-OS.",""
,8493fc30bc249fd7,25c,1,d3c2,IUER Button Enable,Disabled,"Disabled,Enabled","Enable/Disable IUER Button Functionality",""
>LCD Control,,,,,,,,,
>Intel(R) Ultrabook Event Support,,,,,,,,,
Form 4139 (DMI/OPI Configuration),,,,,,,,,
DMI/OPI Configuration,,,,,,,,,
*,8493fc30bc249fd7,8b,1,d460,DMI Max Link Speed,Gen4,"Gen1,Gen2,Gen3,Gen4","Set DMI Speed Gen1/Gen2/Gen3","sif 1017=1 !"
,8493fc30bc249fd7,3fe,1,d491,CDR Relock for CPU DMI,Disabled,"Disabled,Enabled","Enable/Disable CDR Relock",""
*,8493fc30bc249fd7,8d,1,d4ba,DMI Gen3 Eq Phase 2,Auto,"Disabled,Enabled,Auto","Perform Gen3 Equalization Phase 2","sif 1017=1"
*,8493fc30bc249fd7,8e,1,d4f8,DMI Gen3 Eq Phase 3 Method,Auto,"Auto,Adaptive Hardware Equalization,Adaptive Software Equalization,Static Equalization,Disabled","Select Method for Gen3 Equalization Phase 3","sif 1017=1"
*,8493fc30bc249fd7,8f,1,d550,Program Static Phase1 Eq,Enabled,"Disabled,Enabled","Program Phase1 Presets/CTLEp","sif 1017=1;sif 1017=1 !"
> Gen3 Root Port Preset value for each Lane,,,,,,,,,
> Gen3 Endpoint Preset value for each Lane,,,,,,,,,
> Gen3 Endpoint Hint value for each Lane,,,,,,,,,
>Gen3 RxCTLE Control,,,,,,,,,
*,8493fc30bc249fd7,8c,1,d5b7,DMI De-emphasis Control,-3.5 dB,"-6 dB,-3.5 dB","Configure the De-emphasis control on DMI","sif 1017=1;sif 1017=1 !"
*,8493fc30bc249fd7,ac,1,d5da,DMI Gen3 ASPM,ASPM L1,"Disabled,Auto,ASPM L0s,ASPM L1,ASPM L0sL1","DMI Gen3 ASPM Support","sif 1017=1"
,8493fc30bc249fd7,ad,1,d612,DMI ASPM,ASPM L1,"Disabled,Auto,ASPM L0s,ASPM L1,ASPM L0sL1","DMI ASPM Support",""
,8493fc30bc249fd7,ae,1,d648,DMI Gen3 L1 Exit Latency,4,"Step=1,Min=0,Max=7","DMI Gen3 L1 Exit Latency",""
,8493fc30bc249fd7,3fd,1,d661,New FOM for CPU DMI,Disabled,"Disabled,Enabled","Enable/Disable New FOM",""
>DMI Advanced Menu,,,,,,,,,
Form 4390 ( Gen3 Root Port Preset value for each Lane),,,,,,,,,
 Gen3 Root Port Preset value for each Lane,,,,,,,,,
,8493fc30bc249fd7,90,1,d6ab,Lane 0,4,"Step=1,Min=0,Max=9"," Value for Lane 0",""
,8493fc30bc249fd7,91,1,d6c4,Lane 1,4,"Step=1,Min=0,Max=9"," Value for Lane 1",""
,8493fc30bc249fd7,92,1,d6dd,Lane 2,4,"Step=1,Min=0,Max=9"," Value for Lane 2",""
,8493fc30bc249fd7,93,1,d6f6,Lane 3,4,"Step=1,Min=0,Max=9"," Value for Lane 3",""
,8493fc30bc249fd7,94,1,d70f,Lane 4,4,"Step=1,Min=0,Max=9"," Value for Lane 4",""
,8493fc30bc249fd7,95,1,d728,Lane 5,4,"Step=1,Min=0,Max=9"," Value for Lane 5",""
,8493fc30bc249fd7,96,1,d741,Lane 6,4,"Step=1,Min=0,Max=9"," Value for Lane 6",""
,8493fc30bc249fd7,97,1,d75a,Lane 7,4,"Step=1,Min=0,Max=9"," Value for Lane 7",""
Form 4391 ( Gen3 Endpoint Preset value for each Lane),,,,,,,,,
 Gen3 Endpoint Preset value for each Lane,,,,,,,,,
,8493fc30bc249fd7,98,1,d78d,Lane 0,7,"Step=1,Min=0,Max=9"," Value for Lane 0",""
,8493fc30bc249fd7,99,1,d7a6,Lane 1,7,"Step=1,Min=0,Max=9"," Value for Lane 1",""
,8493fc30bc249fd7,9a,1,d7bf,Lane 2,7,"Step=1,Min=0,Max=9"," Value for Lane 2",""
,8493fc30bc249fd7,9b,1,d7d8,Lane 3,7,"Step=1,Min=0,Max=9"," Value for Lane 3",""
,8493fc30bc249fd7,9c,1,d7f1,Lane 4,7,"Step=1,Min=0,Max=9"," Value for Lane 4",""
,8493fc30bc249fd7,9d,1,d80a,Lane 5,7,"Step=1,Min=0,Max=9"," Value for Lane 5",""
,8493fc30bc249fd7,9e,1,d823,Lane 6,7,"Step=1,Min=0,Max=9"," Value for Lane 6",""
,8493fc30bc249fd7,9f,1,d83c,Lane 7,7,"Step=1,Min=0,Max=9"," Value for Lane 7",""
Form 4392 ( Gen3 Endpoint Hint value for each Lane),,,,,,,,,
 Gen3 Endpoint Hint value for each Lane,,,,,,,,,
,8493fc30bc249fd7,a0,1,d86f,Lane 0,2,"Step=1,Min=0,Max=6"," Value for Lane 0",""
,8493fc30bc249fd7,a1,1,d888,Lane 1,2,"Step=1,Min=0,Max=6"," Value for Lane 1",""
,8493fc30bc249fd7,a2,1,d8a1,Lane 2,2,"Step=1,Min=0,Max=6"," Value for Lane 2",""
,8493fc30bc249fd7,a3,1,d8ba,Lane 3,2,"Step=1,Min=0,Max=6"," Value for Lane 3",""
,8493fc30bc249fd7,a4,1,d8d3,Lane 4,2,"Step=1,Min=0,Max=6"," Value for Lane 4",""
,8493fc30bc249fd7,a5,1,d8ec,Lane 5,2,"Step=1,Min=0,Max=6"," Value for Lane 5",""
,8493fc30bc249fd7,a6,1,d905,Lane 6,2,"Step=1,Min=0,Max=6"," Value for Lane 6",""
,8493fc30bc249fd7,a7,1,d91e,Lane 7,2,"Step=1,Min=0,Max=6"," Value for Lane 7",""
Form 4393 (Gen3 RxCTLE Control),,,,,,,,,
Gen3 RxCTLE Control,,,,,,,,,
,8493fc30bc249fd7,a8,1,d951,Bundle0,0,"Step=1,Min=0,Max=15","Gen3 RxCTLE setting for Bundle0 (Lane0, Lane1)",""
,8493fc30bc249fd7,a9,1,d96a,Bundle1,0,"Step=1,Min=0,Max=15","Gen3 RxCTLE setting for Bundle1 (Lane2, Lane3)",""
,8493fc30bc249fd7,aa,1,d983,Bundle2,0,"Step=1,Min=0,Max=15","Gen3 RxCTLE setting for Bundle2 (Lane4, Lane5)",""
,8493fc30bc249fd7,ab,1,d99c,Bundle3,0,"Step=1,Min=0,Max=15","Gen3 RxCTLE setting for Bundle3 (Lane6, Lane7)",""
Form 5684 (DMI Advanced Menu),,,,,,,,,
DMI Advanced Menu,,,,,,,,,
,2a9481a84954a43e,ba0,1,d9cf,DMI Gen4 EQ Mode,HW EQ,"Disabled,Fixed EQ,HW EQ","DMI Gen4 EQ Mode",""
,2a9481a84954a43e,b90,1,d9f7,DMI Gen4 RTCO Cpre Lane0,0,"Step=1,Min=0,Max=63","DMI Gen4 Lane Transmitter Pre/Post-Cursor Coefficient values.",""
,2a9481a84954a43e,b98,1,da10,DMI Gen4 RTCO Cpost Lane0,0,"Step=1,Min=0,Max=63","DMI Gen4 Lane Transmitter Pre/Post-Cursor Coefficient values.",""
,2a9481a84954a43e,b91,1,da29,DMI Gen4 RTCO Cpre Lane1,14,"Step=1,Min=0,Max=63","DMI Gen4 Lane Transmitter Pre/Post-Cursor Coefficient values.",""
,2a9481a84954a43e,b99,1,da42,DMI Gen4 RTCO Cpost Lane1,7,"Step=1,Min=0,Max=63","DMI Gen4 Lane Transmitter Pre/Post-Cursor Coefficient values.",""
,2a9481a84954a43e,b92,1,da5b,DMI Gen4 RTCO Cpre Lane2,10,"Step=1,Min=0,Max=63","DMI Gen4 Lane Transmitter Pre/Post-Cursor Coefficient values.",""
,2a9481a84954a43e,b9a,1,da74,DMI Gen4 RTCO Cpost Lane2,6,"Step=1,Min=0,Max=63","DMI Gen4 Lane Transmitter Pre/Post-Cursor Coefficient values.",""
,2a9481a84954a43e,b93,1,da8d,DMI Gen4 RTCO Cpre Lane3,7,"Step=1,Min=0,Max=63","DMI Gen4 Lane Transmitter Pre/Post-Cursor Coefficient values.",""
,2a9481a84954a43e,b9b,1,daa6,DMI Gen4 RTCO Cpost Lane3,7,"Step=1,Min=0,Max=63","DMI Gen4 Lane Transmitter Pre/Post-Cursor Coefficient values.",""
,2a9481a84954a43e,b94,1,dabf,DMI Gen4 RTCO Cpre Lane4,7,"Step=1,Min=0,Max=63","DMI Gen4 Lane Transmitter Pre/Post-Cursor Coefficient values.",""
,2a9481a84954a43e,b9c,1,dad8,DMI Gen4 RTCO Cpost Lane4,7,"Step=1,Min=0,Max=63","DMI Gen4 Lane Transmitter Pre/Post-Cursor Coefficient values.",""
,2a9481a84954a43e,b95,1,daf1,DMI Gen4 RTCO Cpre Lane5,7,"Step=1,Min=0,Max=63","DMI Gen4 Lane Transmitter Pre/Post-Cursor Coefficient values.",""
,2a9481a84954a43e,b9d,1,db0a,DMI Gen4 RTCO Cpost Lane5,7,"Step=1,Min=0,Max=63","DMI Gen4 Lane Transmitter Pre/Post-Cursor Coefficient values.",""
,2a9481a84954a43e,b96,1,db23,DMI Gen4 RTCO Cpre Lane6,7,"Step=1,Min=0,Max=63","DMI Gen4 Lane Transmitter Pre/Post-Cursor Coefficient values.",""
,2a9481a84954a43e,b9e,1,db3c,DMI Gen4 RTCO Cpost Lane6,7,"Step=1,Min=0,Max=63","DMI Gen4 Lane Transmitter Pre/Post-Cursor Coefficient values.",""
,2a9481a84954a43e,b97,1,db55,DMI Gen4 RTCO Cpost Lane7,7,"Step=1,Min=0,Max=63","DMI Gen4 Lane Transmitter Pre/Post-Cursor Coefficient values.",""
,2a9481a84954a43e,b9f,1,db6e,DMI Gen4 RTCO Cpre Lane7,7,"Step=1,Min=0,Max=63","DMI Gen4 Lane Transmitter Pre/Post-Cursor Coefficient values.",""
,2a9481a84954a43e,b80,1,db87,DMI Gen3 RTCO Cpre Lane0,0,"Step=1,Min=0,Max=63","DMI Gen3 Lane Transmitter Pre/Post-Cursor Coefficient values.",""
,2a9481a84954a43e,b88,1,dba0,DMI Gen3 RTCO Cpost Lane0,0,"Step=1,Min=0,Max=63","DMI Gen3 Lane Transmitter Pre/Post-Cursor Coefficient values.",""
,2a9481a84954a43e,b81,1,dbb9,DMI Gen3 RTCO Cpre Lane1,0,"Step=1,Min=0,Max=63","DMI Gen3 Lane Transmitter Pre/Post-Cursor Coefficient values.",""
,2a9481a84954a43e,b89,1,dbd2,DMI Gen3 RTCO Cpost Lane1,0,"Step=1,Min=0,Max=63","DMI Gen3 Lane Transmitter Pre/Post-Cursor Coefficient values.",""
,2a9481a84954a43e,b82,1,dbeb,DMI Gen3 RTCO Cpre Lane2,0,"Step=1,Min=0,Max=63","DMI Gen3 Lane Transmitter Pre/Post-Cursor Coefficient values.",""
,2a9481a84954a43e,b8a,1,dc04,DMI Gen3 RTCO Cpost Lane2,0,"Step=1,Min=0,Max=63","DMI Gen3 Lane Transmitter Pre/Post-Cursor Coefficient values.",""
,2a9481a84954a43e,b83,1,dc1d,DMI Gen3 RTCO Cpre Lane3,0,"Step=1,Min=0,Max=63","DMI Gen3 Lane Transmitter Pre/Post-Cursor Coefficient values.",""
,2a9481a84954a43e,b8b,1,dc36,DMI Gen3 RTCO Cpost Lane3,0,"Step=1,Min=0,Max=63","DMI Gen3 Lane Transmitter Pre/Post-Cursor Coefficient values.",""
,2a9481a84954a43e,b84,1,dc4f,DMI Gen3 RTCO Cpre Lane4,0,"Step=1,Min=0,Max=63","DMI Gen3 Lane Transmitter Pre/Post-Cursor Coefficient values.",""
,2a9481a84954a43e,b8c,1,dc68,DMI Gen3 RTCO Cpost Lane4,0,"Step=1,Min=0,Max=63","DMI Gen3 Lane Transmitter Pre/Post-Cursor Coefficient values.",""
,2a9481a84954a43e,b85,1,dc81,DMI Gen3 RTCO Cpre Lane5,0,"Step=1,Min=0,Max=63","DMI Gen3 Lane Transmitter Pre/Post-Cursor Coefficient values.",""
,2a9481a84954a43e,b8d,1,dc9a,DMI Gen3 RTCO Cpost Lane5,0,"Step=1,Min=0,Max=63","DMI Gen3 Lane Transmitter Pre/Post-Cursor Coefficient values.",""
,2a9481a84954a43e,b86,1,dcb3,DMI Gen3 RTCO Cpre Lane6,0,"Step=1,Min=0,Max=63","DMI Gen3 Lane Transmitter Pre/Post-Cursor Coefficient values.",""
,2a9481a84954a43e,b8e,1,dccc,DMI Gen3 RTCO Cpost Lane6,0,"Step=1,Min=0,Max=63","DMI Gen3 Lane Transmitter Pre/Post-Cursor Coefficient values.",""
,2a9481a84954a43e,b87,1,dce5,DMI Gen3 RTCO Cpre Lane7,0,"Step=1,Min=0,Max=63","DMI Gen3 Lane Transmitter Pre/Post-Cursor Coefficient values.",""
,2a9481a84954a43e,b8f,1,dcfe,DMI Gen3 RTCO Cpost Lane7,0,"Step=1,Min=0,Max=63","DMI Gen3 Lane Transmitter Pre/Post-Cursor Coefficient values.",""
Form 4141 (LCD Control),,,,,,,,,
LCD Control,,,,,,,,,
,8493fc30bc249fd7,2a,1,dd31,Primary IGFX Boot Display,VBIOS Default,"VBIOS Default,EFP,LFP,EFP3,EFP2,EFP4","Select the Video Device which will be activated during POST.
This has no effect if external graphics present.
Secondary boot display selection will appear based on your selection.
VGA modes will be supported only on primary display
",""
*,8493fc30bc249fd7,2b,1,dd76,Secondary IGFX Boot Display,Disabled,"Disabled,EFP,EFP3,EFP2,EFP4","Select Secondary Display Device","sif 4ec=0"
,8493fc30bc249fd7,2c,1,ddae,LCD Panel Type,VBIOS Default,"VBIOS Default,640x480    LVDS,800x600    LVDS,1024x768   LVDS,1280x1024  LVDS,1400x1050  LVDS1,1400x1050  LVDS2,1600x1200  LVDS,1280x768   LVDS,1680x1050  LVDS,1920x1200  LVDS,1600x900   LVDS,1280x800   LVDS,1280x600   LVDS,2048x1536  LVDS,1366x768  LVDS","Select LCD panel used by Internal Graphics Device by selecting the appropriate setup item.",""
,8493fc30bc249fd7,2d,1,de31,Panel Scaling,Auto,"Auto,Off,Force Scaling","Select the LCD panel scaling option used by the Internal Graphics Device.",""
,8493fc30bc249fd7,2f,1,de59,Backlight Control,PWM Normal,"PWM Inverted,PWM Normal","Back Light Control Setting",""
,8493fc30bc249fd7,31,1,de7a,Active LFP,eDP Port-A,"No eDP,eDP Port-A","Select the Active LFP Configuration.

No LVDS:VBIOS does not enable LVDS.
Int-LVDS:VBIOS enables LVDS driver by Integrated encoder.
SDVO LVDS:VBIOS enables LVDS driver by SDVO encoder.
eDP Port-A:LFP Driven by Int-DisplayPort encoder from Port-A.
eDP Port-D:LFP Driven by Int-DisplayPort encoder from Port-D(through PCH).",""
,8493fc30bc249fd7,32,1,de9b,Panel Color Depth,18 Bit,"18 Bit,24 Bit","Select the LFP Panel Color Depth",""
,8493fc30bc249fd7,3c,1,debc,Backlight Brightness,255,"Step=0,Min=0,Max=255","Set VBIOS Brightness.
Range : 0-255.",""
Form 4370 (Intel(R) Ultrabook Event Support),,,,,,,,,
Intel(R) Ultrabook Event Support,,,,,,,,,
,8493fc30bc249fd7,25d,1,deef,IUER Slate Enable,Disabled,"Disabled,Enabled","Enable/Disable IUER Slate Functionality",""
*,8493fc30bc249fd7,258,1,df1e,Slate Mode boot value,Laptop Mode,"Slate Mode,Laptop Mode","Choose Slate or Laptop as boot mode.","sif 4f4=0"
*,8493fc30bc249fd7,259,1,df3f,Slate Mode on S3 and S4 resume,No change,"No change,Toggle","Keep it the same as Sx entry or toggle it.","sif 4f4=0"
,8493fc30bc249fd7,25e,1,df62,IUER Dock Enable,Disabled,"Disabled,Enabled","Enable/Disable IUER Dock Functionality",""
*,8493fc30bc249fd7,25a,1,df91,Dock Mode boot value,Undocked,"Undocked,Docked","Choose Docked or Undocked as boot mode.","sif 4f7=0"
*,8493fc30bc249fd7,25b,1,dfb2,Dock Mode upon S3 and S4 resume,No change,"No change,Toggle","Keep it the same as Sx entry or toggle it.","sif 4f7=0"
Form 4142 (GT - Power Management Control),,,,,,,,,
GT - Power Management Control,,,,,,,,,
*,8493fc30bc249fd7,2e,1,dff7,RC6(Render Standby),Enabled,"Disabled,Enabled","Check to enable render standby support.","sif 1410=0"
,8493fc30bc249fd7,3f,1,e020,Maximum GT frequency,Default Max Frequency,"Default Max Frequency,100Mhz,150Mhz,200Mhz,250Mhz,300Mhz,350Mhz,400Mhz,450Mhz,500Mhz,550Mhz,600Mhz,650Mhz,700Mhz,750Mhz,800Mhz,850Mhz,900Mhz,950Mhz,1000Mhz,1050Mhz,1100Mhz,1150Mhz,1200Mhz","Auto Updated",""
*,8493fc30bc249fd7,40,1,e0e7,Disable Turbo GT frequency,Disabled,"Enabled,Disabled","Enabled: Disables Turbo GT frequency. Disabled: GT frequency is not limited","gif 4fa=255 !"
Form 4324 (Memory Training Algorithms),,,,,,,,,
,8493fc30bc249fd7,1ff,1,e112,Early Command Training,Enabled,"Disabled,Enabled","Early Command Training",""
,8493fc30bc249fd7,200,1,e133,SenseAmp Offset Training,Disabled,"Disabled,Enabled","SenseAmp Offset Training",""
,8493fc30bc249fd7,201,1,e154,Early ReadMPR Timing Centering 2D,Enabled,"Disabled,Enabled","",""
,8493fc30bc249fd7,202,1,e175,Read MPR Training,Disabled,"Disabled,Enabled","Read MPR Training",""
,8493fc30bc249fd7,203,1,e196,Receive Enable Training,Enabled,"Disabled,Enabled","Receive Enable Training",""
,8493fc30bc249fd7,204,1,e1b7,Jedec Write Leveling,Enabled,"Disabled,Enabled","Jedec Write Leveling",""
,8493fc30bc249fd7,205,1,e1d8,Early Write Time Centering 2D,Enabled,"Disabled,Enabled","Early Write Time Centering 2D",""
,8493fc30bc249fd7,206,1,e1f9,Early Read Time Centering 2D,Enabled,"Disabled,Enabled","",""
,8493fc30bc249fd7,207,1,e21a,Write Timing Centering 1D,Enabled,"Disabled,Enabled","Write Timing Centering 1D",""
,8493fc30bc249fd7,208,1,e23b,Write Voltage Centering 1D,Enabled,"Disabled,Enabled","",""
,8493fc30bc249fd7,209,1,e25c,Read Timing Centering 1D,Enabled,"Disabled,Enabled","Read Timing Centering 1D",""
,8493fc30bc249fd7,20a,1,e27d,Dimm ODT Training*,Enabled,"Disabled,Enabled","Dimm On-Die Termination Training",""
*,8493fc30bc249fd7,244,1,e2a6,Max RTT_WR,ODT Off,"ODT Off,120 Ohms","Caps the maximum RTT_WR in power training.","gif 507=0"
,8493fc30bc249fd7,20b,1,e2c9,DIMM RON Training*,Disabled,"Disabled,Enabled","DIMM RON Training",""
,8493fc30bc249fd7,20c,1,e2ea,Write Drive Strength/Equalization 2D*,Disabled,"Disabled,Enabled","",""
,8493fc30bc249fd7,20d,1,e30b,Write Slew Rate Training*,Enabled,"Disabled,Enabled","Write Slew Rate Training",""
,8493fc30bc249fd7,20e,1,e32c,Read ODT Training*,Enabled,"Disabled,Enabled","Read On-Die Termination Training",""
,8493fc30bc249fd7,20f,1,e34d,Read Equalization Training*,Enabled,"Disabled,Enabled","Read Equalization Training",""
,8493fc30bc249fd7,210,1,e36e,Read Amplifier Training*,Enabled,"Disabled,Enabled","Read Amplifier Training",""
,8493fc30bc249fd7,211,1,e38f,Write Timing Centering 2D,Enabled,"Disabled,Enabled","Write Dq-Dqs Timing Centering 2D",""
,8493fc30bc249fd7,212,1,e3b0,Read Timing Centering 2D,Enabled,"Disabled,Enabled","Read Dq-Dqs Timing Centering 2D",""
,8493fc30bc249fd7,213,1,e3d1,Command Voltage Centering,Enabled,"Disabled,Enabled","Command Voltage Centering",""
,8493fc30bc249fd7,214,1,e3f2,Write Voltage Centering 2D,Enabled,"Disabled,Enabled","Write Voltage Centering 2D",""
,8493fc30bc249fd7,215,1,e413,Read Voltage Centering 2D,Enabled,"Disabled,Enabled","Read Voltage Centering 2D",""
,8493fc30bc249fd7,216,1,e434,Late Command Training,Enabled,"Disabled,Enabled","Late Command Training",""
,8493fc30bc249fd7,217,1,e455,Round Trip Latency,Enabled,"Disabled,Enabled","Round Trip Latency Training",""
,8493fc30bc249fd7,218,1,e476,Turn Around Timing Training,Disabled,"Disabled,Enabled","Turn Around Timing Training",""
,8493fc30bc249fd7,24e,1,e497,CMD CTL CLK Slew Rate,Enabled,"Disabled,Enabled","CMD CTL CLK Slew Rate",""
,8493fc30bc249fd7,24d,1,e4b8,CMD/CTL DS & E 2D,Enabled,"Disabled,Enabled","CMD/CTL Drive Strength and Equalization 2D",""
,8493fc30bc249fd7,248,1,e4d9,Read Voltage Centering 1D,Enabled,"Disabled,Enabled","Read Voltage Centering 1D",""
,8493fc30bc249fd7,249,1,e4fa,TxDqTCO Comp Training*,Enabled,"Disabled,Enabled","TxDqTCO Comp Training*",""
,8493fc30bc249fd7,24c,1,e51b,ClkTCO Comp Training*,Enabled,"Disabled,Enabled","ClkTCO Comp Training*",""
,8493fc30bc249fd7,24a,1,e53c,TxDqsTCO Comp Training*,Enabled,"Disabled,Enabled","TxDqsTCO Comp Training*",""
,8493fc30bc249fd7,24b,1,e55d,VccDLL Bypass Training,Enabled,"Disabled,Enabled","VccDLL Bypass Training",""
,8493fc30bc249fd7,24f,1,e57e,CMD/CTL Drive Strength Up/Dn 2D,Enabled,"Disabled,Enabled","CMD/CTL Drive Strength Up/Dn 2D",""
,8493fc30bc249fd7,250,1,e59f,DIMM CA ODT Training,Enabled,"Disabled,Enabled","DIMM CA ODT Training",""
,8493fc30bc249fd7,251,1,e5c0,PanicVttDnLp Training*,Enabled,"Disabled,Enabled","PanicVttDnLp Training*",""
,8493fc30bc249fd7,252,1,e5e1,Read Vref Decap Training*,Enabled,"Disabled,Enabled","Read Vref Decap Training*",""
,8493fc30bc249fd7,253,1,e602,Vddq Training,Disabled,"Disabled,Enabled","Vddq Training",""
,8493fc30bc249fd7,254,1,e623,Duty Cycle Correction Training,Enabled,"Disabled,Enabled","Duty Cycle Correction Training",""
,8493fc30bc249fd7,255,1,e644,Rank Margin Tool Per Bit,Disabled,"Disabled,Enabled","Rank Margin Tool Per Bit",""
,8493fc30bc249fd7,403,1,e665,DIMM DFE Training,Enabled,"Disabled,Enabled","DIMM DFE Training",""
,8493fc30bc249fd7,476,1,e686,EARLY DIMM DFE Training,Enabled,"Disabled,Enabled","EARLY DIMM DFE Training",""
,8493fc30bc249fd7,433,1,e6a7,Tx Dqs Dcc Training,Enabled,"Disabled,Enabled","Tx Dqs duty cycle Training",""
,8493fc30bc249fd7,467,1,e6c8,DRAM DCA Training,Enabled,"Disabled,Enabled","DRAM DCA Training",""
,8493fc30bc249fd7,475,1,e6e9,Write Driver Strength Training,Enabled,"Disabled,Enabled","Write Driver Strength Training",""
,8493fc30bc249fd7,219,1,e70a,Rank Margin Tool,Disabled,"Disabled,Enabled","Rank Margin Tool Training",""
,8493fc30bc249fd7,21a,1,e72b,Memory Test,Disabled,"Disabled,Enabled","Memory Test Training",""
,8493fc30bc249fd7,479,1,e74c,DQS OFFSET ADJUST Training,Enabled,"Disabled,Enabled","DQS OFFSET ADJUST Training",""
,8493fc30bc249fd7,21b,1,e76d,DIMM SPD Alias Test,Disabled,"Disabled,Enabled","Test to determine if the SPD has been corrupted to cause memory aliasing.",""
,8493fc30bc249fd7,21c,1,e78e,Receive Enable Centering 1D,Enabled,"Disabled,Enabled","Receive Enable Centering 1D",""
,8493fc30bc249fd7,21d,1,e7af,Retrain Margin Check,Disabled,"Disabled,Enabled","Retrain Margin Check",""
,8493fc30bc249fd7,21e,1,e7d0,Write Drive Strength Up/Dn independently,Enabled,"Disabled,Enabled","Write Drive Strength Up/Dn independently",""
,8493fc30bc249fd7,3f0,1,e7f1,Margin Check Limit,Disabled,"Disabled,L1,L2,Both","Checks Margin to Limit to see if next boot memory needs to be retrain",""
*,8493fc30bc249fd7,3f1,2,e832,Margin Limit Check L2,100,"Step=1,Min=1,Max=300","L2 check threshold is scale of L1 check. Ex. 200 is 2 x L1 Check","gif 530=0 530=1 |"
Form 5441 (SA TCSS USB Configuration),,,,,,,,,
,8493fc30bc249fd7,c3,1,e859,USB CONNECT OVERRIDE,Disabled,"Disabled,Enabled","Option will allow VCCSTTPC to turn off even when there is a connection for a USB3 port.",""
,8493fc30bc249fd7,bf,1,e87a,TCSS xDCI Support,Disabled,"Disabled,Enabled","Enable/Disable TCSS xDCI",""
,8493fc30bc249fd7,3e8,1,e89b,TCSS CPU USB PDO Programming,Enabled,"Disabled,Enabled","Select 'Enabled' if Port Disable Override functionality is used.",""
*,8493fc30bc249fd7,3e9,1,e8cd,TCSS CPU USB Port Disable Override,Disable,"Disable,Select Per-Pin","Selectively Enable/Disable the corresponding USB port from reporting a Device Connection to the controller.","sif 534=0"
*,8493fc30bc249fd7,3ea,1,e90d,TCSS CPU USB SS Physical Connector #0,Enabled,"Disabled,Enabled","Enable/Disable this USB Physical Connector (physical port).  Once disabled, any USB devices plug into the connector will not be detected by BIOS or OS.","sif 534=0;sif 535=0;sif 1074=0"
*,8493fc30bc249fd7,3eb,1,e938,TCSS CPU USB SS Physical Connector #1,Enabled,"Disabled,Enabled","Enable/Disable this USB Physical Connector (physical port).  Once disabled, any USB devices plug into the connector will not be detected by BIOS or OS.","sif 534=0;sif 535=0;sif 1073=0"
*,8493fc30bc249fd7,3ec,1,e963,TCSS CPU USB SS Physical Connector #2,Enabled,"Disabled,Enabled","Enable/Disable this USB Physical Connector (physical port).  Once disabled, any USB devices plug into the connector will not be detected by BIOS or OS.","sif 534=0;sif 535=0;sif 1072=0"
*,8493fc30bc249fd7,3ed,1,e98e,TCSS CPU USB SS Physical Connector #3,Enabled,"Disabled,Enabled","Enable/Disable this USB Physical Connector (physical port).  Once disabled, any USB devices plug into the connector will not be detected by BIOS or OS.","sif 534=0;sif 535=0;sif 1071=0"
Form 4168 (Memory Thermal Configuration),,,,,,,,,
Memory Thermal Configuration,,,,,,,,,
>Memory Power and Thermal Throttling,,,,,,,,,
,8493fc30bc249fd7,22c,1,e9de,Memory Thermal Management,Enabled,"Disabled,Enabled","Enable/Disable Memory Thermal Management.",""
*,8493fc30bc249fd7,22d,1,ea07,PECI Injected Temperature,Disabled,"Disabled,Enabled","Enable/Disable memory temperatures to be injected to the processor via PECI.","sif 53b=0"
*,8493fc30bc249fd7,22e,1,ea28,EXTTS# via TS-on-Board,Disabled,"Disabled,Enabled","Enable/Disable routing TS-on-Board's ALERT# and THERM# to EXTTS# pins on the PCH.","sif 53b=0"
*,8493fc30bc249fd7,22f,1,ea49,EXTTS# via TS-on-DIMM,Disabled,"Disabled,Enabled","Enable/Disable routing TS-on-DIMM's ALERT# to EXTTS# pin on the PCH.","sif 53b=0"
*,8493fc30bc249fd7,230,1,ea6a,Virtual Temperature Sensor (VTS),Disabled,"Disabled,Enabled","Enable/Disable Virtual Temperature Sensor (VTS).","sif 53b=0"
Form 4328 (Memory Power and Thermal Throttling),,,,,,,,,
Memory Power and Thermal Throttling,,,,,,,,,
,8493fc30bc249fd7,21f,1,eaa7,DDR PowerDown and idle counter,BIOS,"PCODE,BIOS","BIOS: BIOS is in control of DDR CKE mode and idle timer value. PCODE: pcode will manage the modes.",""
,8493fc30bc249fd7,220,1,eac8,For LPDDR Only: DDR PowerDown and idle counter,BIOS,"PCODE,BIOS","For LPDDR Only: BIOS: BIOS is in control of DDR CKE mode and idle timer value. PCODE: pcode will manage the modes.",""
,8493fc30bc249fd7,221,1,eae9,REFRESH_2X_MODE,Disabled,"Disabled,1- Enabled for WARM or HOT,2- Enabled HOT only","0- Disabled 1-iMC enables 2xRef when Warm and Hot 2- iMC enables 2xRef when Hot",""
,8493fc30bc249fd7,223,1,eb11,SelfRefresh Enable,Enabled,"Disabled,Enabled","Enable, Disable(Enable= Def)",""
,8493fc30bc249fd7,224,2,eb32,SelfRefresh IdleTimer,512,"Step=1,Min=512,Max=65535","range [64K-1;512]in DLCK800s, (512= Def)",""
,8493fc30bc249fd7,226,1,eb4f,Throttler CKEMin Defeature,Enabled,"Enabled,Disabled","On, Off",""
,8493fc30bc249fd7,227,1,eb70,Throttler CKEMin Timer,0,"Step=1,Min=0,Max=255","Timer value for CKEMin, range[255;0]. Req'd min of SC_ROUND_T + BYTE_LENGTH (4)",""
,8493fc30bc249fd7,22a,1,eb89,Allow Opp Ref Below Write Threhold,Disabled,"Disabled,Enabled","Allow opportunistic refreshes while we don't exit power down.",""
,8493fc30bc249fd7,22b,1,ebaa,Write Threshold,0,"Step=1,Min=0,Max=63","Number of writes that can be accumulated while CKE is low before CKE is asserted.",""
*,8493fc30bc249fd7,228,1,ebcf,For LPDDR Only: Throttler CKEMin Defeature,Enabled,"Enabled,Disabled","For LPDDR Only: On, Off","sif 1017=2 !"
*,8493fc30bc249fd7,229,1,ebf0,For LPDDR Only: Throttler CKEMin Timer,0,"Step=1,Min=0,Max=255","For LPDDR Only: Timer value for CKEMin, range[255;0]. Req'd min of SC_ROUND_T + BYTE_LENGTH (4)","sif 1017=2 !"
Form 5042 (MIPI Camera Configuration),,,,,,,,,
,2a9481a84954a43e,9cb,1,ec13,CVF Support,Disabled,"Native IOs,Disabled,USB Bridge","Disables/Enables CVF using either Native IOs or USB IOs Expansion. ",""
,2a9481a84954a43e,4f,1,ec3b,Control Logic 1,Disabled,"Disabled,Enabled","Control Logic 1",""
>Control Logic options,,,,,,,,,
,2a9481a84954a43e,50,1,ec7b,Control Logic 2,Disabled,"Disabled,Enabled","Control Logic 2",""
>Control Logic options,,,,,,,,,
,2a9481a84954a43e,51,1,ecb5,Control Logic 3,Disabled,"Disabled,Enabled","Control Logic 3",""
>Control Logic options,,,,,,,,,
,2a9481a84954a43e,52,1,ecef,Control Logic 4,Disabled,"Disabled,Enabled","Control Logic 4",""
>Control Logic options,,,,,,,,,
*,2a9481a84954a43e,53,1,ed35,Control Logic 5,Disabled,"Disabled,Enabled","Control Logic 5","sif 1070=1 !"
>Control Logic options,,,,,,,,,
*,2a9481a84954a43e,54,1,ed7d,Control Logic 6,Disabled,"Disabled,Enabled","Control Logic 6","sif 106f=1 !"
>Control Logic options,,,,,,,,,
,2a9481a84954a43e,55,1,edb9,Camera1,Disabled,"Disabled,Enabled","Camera1",""
>Link options,,,,,,,,,
>Flash Options,,,,,,,,,
,2a9481a84954a43e,56,1,ee12,Camera2,Disabled,"Disabled,Enabled","Camera2",""
>Link options,,,,,,,,,
>Flash Options,,,,,,,,,
,2a9481a84954a43e,57,1,ee65,Camera3,Disabled,"Disabled,Enabled","Camera3",""
>Link options,,,,,,,,,
>Flash Options,,,,,,,,,
,2a9481a84954a43e,58,1,eeb8,Camera4,Disabled,"Disabled,Enabled","Camera4",""
>Link options,,,,,,,,,
>Flash Options,,,,,,,,,
*,2a9481a84954a43e,59,1,ef17,Camera5,Disabled,"Disabled,Enabled","Camera5","sif 1070=1 !"
>Link options,,,,,,,,,
>Flash Options,,,,,,,,,
*,2a9481a84954a43e,5a,1,ef78,Camera6,Disabled,"Disabled,Enabled","Camera6","sif 106f=1 !"
>Link options,,,,,,,,,
>Flash Options,,,,,,,,,
Form 141 (Link0 options),,,,,,,,,
Camera1,,,,,,,,,
,2a9481a84954a43e,184,1,efde,Sensor Model,OVTID858,"IMX135,OV5693,IMX179,OV8858,OV2740-IVCAM,OV9728,IMX188,IMX208,OV5670,OV8865,HM2051,OV2742,OV9234,OV8856,OV16860,IMX362,OVTID858,IMX488,OVTI01AS,OVTI01A0,OVTI5678,OVTI9738,HIMAX11B1,User Custom","Sensor Model",""
,2a9481a84954a43e,a84,1,f0b9,Lanes Clock division,4 4 2 2,"4 4 2 2,4 4 3 1,4 4 4 0,8 0 2 2,8 0 3 1,8 0 4 0","Lanes Clock division",""
,2a9481a84954a43e,1f5,1,f0f6,CRD Version,CRD-D,"PTC,CRD-G,Kilshon-PPV,CRD-D,CRD-G2","CRD Version",""
,2a9481a84954a43e,203,1,f12c,GPIO control,Control Logic 2,"No Control Logic,Control Logic 1,Control Logic 2,Control Logic 3,Control Logic 4,Control Logic 5,Control Logic 6","GPIO control",""
,2a9481a84954a43e,1ad,1,f192,Camera position,Back,"Front,Back","Camera position",""
,2a9481a84954a43e,204,1,f1b3,Flash Support,Enabled,"Driver default,Disabled,Enabled","Flash Support",""
,2a9481a84954a43e,205,1,f1db,Privacy LED,Driver default,"Driver default,ILEDA, 16mA,ILEDB, 2mA,ILEDB, 4mA,ILEDB, 8mA,ILEDB, 16mA","Privacy LED",""
,2a9481a84954a43e,206,1,f218,Rotation,0,"0,90,180,270","Rotation",""
*,2a9481a84954a43e,207,1,f253,PMIC Position,Position 1,"Position 1,Position 2","PMIC Position
Position 1 indicates the current module is placed on the left side of the CRD-G2 card
Position 2 indicates the current module is placed on the right side of the CRD-G2 card","sif 56d=80 !"
*,2a9481a84954a43e,208,1,f282,Voltage Rail,3 voltage rail,"3 voltage rail,2 voltage rail","Voltage Rail","sif 573=1 !"
,2a9481a84954a43e,1f6,1,f2be,MIPI port,2,"Step=1,Min=0,Max=10","LinkUsed",""
,2a9481a84954a43e,1f7,1,f2d7,LaneUsed,x4,"x1,x2,x3,x4,x8","LaneUsed",""
,2a9481a84954a43e,1f8,1,f30d,PortSpeed,2,"0,1,2,3,4,5,6","PortSpeed: 0:Sensor Default, 1:<416Mbps, 2:<1.5Gbps, 3:<2Gbps, 4:<2.5Gbps, 5:<4Gbps, 6:>4Gbps",""
,2a9481a84954a43e,1ff,4,f351,MCLK,19200000,"Step=100000,Min=6000000,Max=27000000","MCLK",""
,2a9481a84954a43e,1f9,1,f376,EEPROM Type,ROM_EEPROM_CAT24C08,"ROM_OTP,ROM_EEPROM_16K_64,ROM_EEPROM_16K_16,ROM_OTP_ACPI_ACPI,ROM_ACPI,ROM_EEPROM_BRCA016GWZ,ROM_EEPROM_24AA32,ROM_EEPROM_M24C64,ROM_EEPROM_DW9806B,ROM_EEPROM_CAT24C16,ROM_EEPROM_CAT24C64,ROM_EEPROM_24AA16,ROM_NONE,ROM_EEPROM_CAT24C08","EEPROM Type
0x00: ROM_NONE
0x01: ROM_OTP
0x02: ROM_EEPROM_16K_64
0x03: ROM_EEPROM_16K_16
0x04: ROM_OTP_ACPI_ACPI
0x05: ROM_ACPI
0x06: ROM_EEPROM_BRCA016GWZ
0x07: ROM_EEPROM_24AA32
0x08: ROM_EEPROM_CAT24C08
0x09: ROM_M24C64
0x0A: ROM_DW9806B
0x10: ROM_EEPROM_CAT24C16
0x11: ROM_EEPROM_CAT24C64
0x12: ROM_EEPROM_24AA16",""
,2a9481a84954a43e,1fa,1,f3eb,VCM Type,VCM_DW9714,"VCM_NONE,VCM_AD5823,VCM_AD5816,VCM_DW9719,VCM_DW9718,VCM_DW9806B,VCM_WV517S,VCM_LC898122XA,VCM_LC898212AXB,VCM_RESERVED1,VCM_RESERVED2,VCM_BU64297GWZ,VCM_DW9714,VCM_AK7371","VCM Type
0x00: VCM_NONE
0x01: VCM_AD5823
0x02: VCM_DW9714
0x03: VCM_AD5816
0x04: VCM_DW9719
0x05: VCM_DW9718
0x06: VCM_DW9806B
0x07: VCM_WV517S
0x08: VCM_LC898122XA
0x09: VCM_LC898212AXB
0x0F: VCM_AK7371
0x10: VCM_BU64297GWZ",""
,2a9481a84954a43e,1ce,1,f460,Number of I2C Components,6,"Step=1,Min=0,Max=12","Number of I2C Components",""
*,2a9481a84954a43e,1cf,1,f481,I2C Channel,I2C5,"I2C0,I2C1,I2C2,I2C4,I2C3,I2C5,I2C6,I2C7","I2C Channel","sif 57c=0"
  Device 0,,,,,,,,,
*,2a9481a84954a43e,1d0,2,f4d5,I2C Address,0x10,"Step=0x1,Min=0x0,Max=0x7f","I2C Address","sif 57c=0"
*,2a9481a84954a43e,1e8,1,f4f2,Device Type,Sensor,"Sensor,VCM,EEPROM,EEPROM_EXT1,EEPROM_EXT2,EEPROM_EXT3,EEPROM_EXT4,EEPROM_EXT5,EEPROM_EXT6,EEPROM_EXT7,IO Expander,Flash","  Device Type","sif 57c=0"
  Device 1,,,,,,,,,
*,2a9481a84954a43e,1d2,2,f570,I2C Address,0xc,"Step=0x1,Min=0x0,Max=0x7f","I2C Address","sif 57c=0,1"
*,2a9481a84954a43e,1e9,1,f58d,Device Type,VCM,"Sensor,VCM,EEPROM,EEPROM_EXT1,EEPROM_EXT2,EEPROM_EXT3,EEPROM_EXT4,EEPROM_EXT5,EEPROM_EXT6,EEPROM_EXT7,IO Expander,Flash","  Device Type","sif 57c=0,1"
  Device 2,,,,,,,,,
*,2a9481a84954a43e,1d4,2,f60d,I2C Address,0x50,"Step=0x1,Min=0x0,Max=0x7f","I2C Address","sif 57c=0,1,2"
*,2a9481a84954a43e,1ea,1,f62a,Device Type,EEPROM,"Sensor,VCM,EEPROM,EEPROM_EXT1,EEPROM_EXT2,EEPROM_EXT3,EEPROM_EXT4,EEPROM_EXT5,EEPROM_EXT6,EEPROM_EXT7,IO Expander,Flash","  Device Type","sif 57c=0,1,2"
  Device 3,,,,,,,,,
*,2a9481a84954a43e,1d6,2,f6ac,I2C Address,0x51,"Step=0x1,Min=0x0,Max=0x7f","I2C Address","sif 57c=0,1,2,3"
*,2a9481a84954a43e,1eb,1,f6c9,Device Type,EEPROM_EXT1,"Sensor,VCM,EEPROM,EEPROM_EXT1,EEPROM_EXT2,EEPROM_EXT3,EEPROM_EXT4,EEPROM_EXT5,EEPROM_EXT6,EEPROM_EXT7,IO Expander,Flash","  Device Type","sif 57c=0,1,2,3"
  Device 4,,,,,,,,,
*,2a9481a84954a43e,1d8,2,f74d,I2C Address,0x52,"Step=0x1,Min=0x0,Max=0x7f","I2C Address","sif 57c=0,1,2,3,4"
*,2a9481a84954a43e,1ec,1,f76a,Device Type,EEPROM_EXT2,"Sensor,VCM,EEPROM,EEPROM_EXT1,EEPROM_EXT2,EEPROM_EXT3,EEPROM_EXT4,EEPROM_EXT5,EEPROM_EXT6,EEPROM_EXT7,IO Expander,Flash","  Device Type","sif 57c=0,1,2,3,4"
  Device 5,,,,,,,,,
*,2a9481a84954a43e,1da,2,f7f0,I2C Address,0x53,"Step=0x1,Min=0x0,Max=0x7f","I2C Address","sif 57c=0,1,2,3,4,5"
*,2a9481a84954a43e,1ed,1,f80d,Device Type,EEPROM_EXT3,"Sensor,VCM,EEPROM,EEPROM_EXT1,EEPROM_EXT2,EEPROM_EXT3,EEPROM_EXT4,EEPROM_EXT5,EEPROM_EXT6,EEPROM_EXT7,IO Expander,Flash","  Device Type","sif 57c=0,1,2,3,4,5"
  Device 6,,,,,,,,,
*,2a9481a84954a43e,1dc,2,f895,I2C Address,0x54,"Step=0x1,Min=0x0,Max=0x7f","I2C Address","sif 57c=0,1,2,3,4,5,6"
*,2a9481a84954a43e,1ee,1,f8b2,Device Type,EEPROM_EXT4,"Sensor,VCM,EEPROM,EEPROM_EXT1,EEPROM_EXT2,EEPROM_EXT3,EEPROM_EXT4,EEPROM_EXT5,EEPROM_EXT6,EEPROM_EXT7,IO Expander,Flash","  Device Type","sif 57c=0,1,2,3,4,5,6"
  Device 7,,,,,,,,,
*,2a9481a84954a43e,1de,2,f93c,I2C Address,0x55,"Step=0x1,Min=0x0,Max=0x7f","I2C Address","sif 57c=0,1,2,3,4,5,6,7"
*,2a9481a84954a43e,1ef,1,f959,Device Type,EEPROM_EXT5,"Sensor,VCM,EEPROM,EEPROM_EXT1,EEPROM_EXT2,EEPROM_EXT3,EEPROM_EXT4,EEPROM_EXT5,EEPROM_EXT6,EEPROM_EXT7,IO Expander,Flash","  Device Type","sif 57c=0,1,2,3,4,5,6,7"
  Device 8,,,,,,,,,
*,2a9481a84954a43e,1e0,2,f9e5,I2C Address,0x56,"Step=0x1,Min=0x0,Max=0x7f","I2C Address","sif 57c=0,1,2,3,4,5,6,7,8"
*,2a9481a84954a43e,1f0,1,fa02,Device Type,EEPROM_EXT6,"Sensor,VCM,EEPROM,EEPROM_EXT1,EEPROM_EXT2,EEPROM_EXT3,EEPROM_EXT4,EEPROM_EXT5,EEPROM_EXT6,EEPROM_EXT7,IO Expander,Flash","  Device Type","sif 57c=0,1,2,3,4,5,6,7,8"
  Device 9,,,,,,,,,
*,2a9481a84954a43e,1e2,2,fa90,I2C Address,0x57,"Step=0x1,Min=0x0,Max=0x7f","I2C Address","sif 57c=0,1,2,3,4,5,6,7,8,9"
*,2a9481a84954a43e,1f1,1,faad,Device Type,EEPROM_EXT7,"Sensor,VCM,EEPROM,EEPROM_EXT1,EEPROM_EXT2,EEPROM_EXT3,EEPROM_EXT4,EEPROM_EXT5,EEPROM_EXT6,EEPROM_EXT7,IO Expander,Flash","  Device Type","sif 57c=0,1,2,3,4,5,6,7,8,9"
  Device 10,,,,,,,,,
*,2a9481a84954a43e,1e4,2,fb3d,I2C Address,0x58,"Step=0x1,Min=0x0,Max=0x7f","I2C Address","sif 57c=0,1,2,3,4,5,6,7,8,9,10"
*,2a9481a84954a43e,1f2,1,fb5a,Device Type,IO Expander,"Sensor,VCM,EEPROM,EEPROM_EXT1,EEPROM_EXT2,EEPROM_EXT3,EEPROM_EXT4,EEPROM_EXT5,EEPROM_EXT6,EEPROM_EXT7,IO Expander,Flash","  Device Type","sif 57c=0,1,2,3,4,5,6,7,8,9,10"
  Device 11,,,,,,,,,
*,2a9481a84954a43e,1e6,2,fbec,I2C Address,0x59,"Step=0x1,Min=0x0,Max=0x7f","I2C Address","sif 57c=0,1,2,3,4,5,6,7,8,9,10,11"
*,2a9481a84954a43e,1f3,1,fc09,Device Type,Sensor,"Sensor,VCM,EEPROM,EEPROM_EXT1,EEPROM_EXT2,EEPROM_EXT3,EEPROM_EXT4,EEPROM_EXT5,EEPROM_EXT6,EEPROM_EXT7,IO Expander,Flash","  Device Type","sif 57c=0,1,2,3,4,5,6,7,8,9,10,11"
,2a9481a84954a43e,20b,1,fc72,Flash Driver Selection,Disabled,"Disabled,External,Internal PMIC","Select the Flash Driver as External or Internal PMIC ",""
*,2a9481a84954a43e,ae8,1,fca6,Flash Driver Selection,Flash1,"Flash1,Flash2,Flash3,Flash4,Flash5,Flash6","Select the Flash Driver as External or Internal PMIC ","sif 596=1 !"
Form 142 (Link1 options),,,,,,,,,
Camera2,,,,,,,,,
,2a9481a84954a43e,20c,1,fcf6,Sensor Model,OVTI01AF,"IMX135,OV5693,IMX179,OV8858,OV2740-IVCAM,OV9728,IMX188,IMX208,OV5670,OV8865,HM2051,OV2742,OV9234,OV8856,OV16860,IMX362,IMX488,OVTI01AF,OVTI01AS,OVTI01A0,OVTI5678,OVTI9738,HIMAX11B1,OVTID858,User Custom","Sensor Model",""
,2a9481a84954a43e,a85,1,fdd8,Lanes Clock division,4 4 2 2,"4 4 2 2,4 4 3 1,4 4 4 0,8 0 2 2,8 0 3 1,8 0 4 0","Lanes Clock division",""
,2a9481a84954a43e,27e,1,fe15,CRD Version,CRD-D,"PTC,CRD-G,Kilshon-PPV,CRD-D,CRD-G2","CRD Version",""
,2a9481a84954a43e,28b,1,fe4b,GPIO control,Control Logic 1,"No Control Logic,Control Logic 1,Control Logic 2,Control Logic 3,Control Logic 4,Control Logic 5,Control Logic 6","GPIO control",""
,2a9481a84954a43e,235,1,feab,Camera position,Front,"Front,Back","Camera position",""
,2a9481a84954a43e,28c,1,fecc,Flash Support,Enabled,"Driver default,Disabled,Enabled","Flash Support",""
,2a9481a84954a43e,28d,1,fef4,Privacy LED,Driver default,"Driver default,ILEDA, 16mA,ILEDB, 2mA,ILEDB, 4mA,ILEDB, 8mA,ILEDB, 16mA","Privacy LED",""
,2a9481a84954a43e,28e,1,ff31,Rotation,0,"0,90,180,270","Rotation",""
*,2a9481a84954a43e,28f,1,ff6c,PMIC Position,Position 1,"Position 1,Position 2","PMIC Position
Position 1 indicates the current module is placed on the left side of the CRD-G2 card
Position 2 indicates the current module is placed on the right side of the CRD-G2 card","sif 59b=80 !"
*,2a9481a84954a43e,290,1,ff9b,Voltage Rail,3 voltage rail,"3 voltage rail,2 voltage rail","Voltage Rail","sif 5a1=1 !"
,2a9481a84954a43e,27d,1,ffd7,MIPI port,1,"Step=1,Min=0,Max=10","LinkUsed",""
,2a9481a84954a43e,27f,1,fff0,LaneUsed,x1,"x1,x2,x3,x4","LaneUsed",""
,2a9481a84954a43e,280,1,1001f,PortSpeed,1,"0,1,2,3,4,5,6","PortSpeed: 0:Sensor Default, 1:<416Mbps, 2:<1.5Gbps, 3:<2Gbps, 4:<2.5Gbps, 5:<4Gbps, 6:>4Gbps",""
,2a9481a84954a43e,287,4,10063,MCLK,19200000,"Step=100000,Min=6000000,Max=27000000","MCLK",""
,2a9481a84954a43e,281,1,10088,EEPROM Type,ROM_NONE,"ROM_NONE,ROM_OTP,ROM_EEPROM_16K_64,ROM_EEPROM_16K_16,ROM_OTP_ACPI_ACPI,ROM_ACPI,ROM_EEPROM_BRCA016GWZ,ROM_EEPROM_24AA32,ROM_EEPROM_CAT24C08,ROM_EEPROM_M24C64,ROM_EEPROM_DW9806B,ROM_EEPROM_CAT24C16,ROM_EEPROM_CAT24C64,ROM_EEPROM_24AA16","EEPROM Type
0x00: ROM_NONE
0x01: ROM_OTP
0x02: ROM_EEPROM_16K_64
0x03: ROM_EEPROM_16K_16
0x04: ROM_OTP_ACPI_ACPI
0x05: ROM_ACPI
0x06: ROM_EEPROM_BRCA016GWZ
0x07: ROM_EEPROM_24AA32
0x08: ROM_EEPROM_CAT24C08
0x09: ROM_M24C64
0x0A: ROM_DW9806B
0x10: ROM_EEPROM_CAT24C16
0x11: ROM_EEPROM_CAT24C64
0x12: ROM_EEPROM_24AA16",""
,2a9481a84954a43e,282,1,100fd,VCM Type,VCM_NONE,"VCM_NONE,VCM_AD5823,VCM_DW9714,VCM_AD5816,VCM_DW9719,VCM_DW9718,VCM_DW9806B,VCM_WV517S,VCM_LC898122XA,VCM_LC898212AXB,VCM_RESERVED1,VCM_RESERVED2,VCM_AK7371,VCM_BU64297GWZ","VCM Type
0x00: VCM_NONE
0x01: VCM_AD5823
0x02: VCM_DW9714
0x03: VCM_AD5816
0x04: VCM_DW9719
0x05: VCM_DW9718
0x06: VCM_DW9806B
0x07: VCM_WV517S
0x08: VCM_LC898122XA
0x09: VCM_LC898212AXB
0x0F: VCM_AK7371
0x10: VCM_BU64297GWZ",""
,2a9481a84954a43e,256,1,10172,Number of I2C Components,1,"Step=1,Min=0,Max=12","Number of I2C Components",""
*,2a9481a84954a43e,257,1,10193,I2C Channel,I2C1,"I2C0,I2C2,I2C4,I2C5,I2C1,I2C3,I2C6,I2C7","I2C Channel","sif 5aa=0"
  Device 0,,,,,,,,,
*,2a9481a84954a43e,258,2,101e7,I2C Address,0x36,"Step=0x1,Min=0x0,Max=0x7f","I2C Address","sif 5aa=0"
*,2a9481a84954a43e,270,1,10204,Device Type,Sensor,"Sensor,VCM,EEPROM,EEPROM_EXT1,EEPROM_EXT2,EEPROM_EXT3,EEPROM_EXT4,EEPROM_EXT5,EEPROM_EXT6,EEPROM_EXT7,IO Expander,Flash","  Device Type","sif 5aa=0"
  Device 1,,,,,,,,,
*,2a9481a84954a43e,25a,2,10282,I2C Address,0xc,"Step=0x1,Min=0x0,Max=0x7f","I2C Address","sif 5aa=0,1"
*,2a9481a84954a43e,271,1,1029f,Device Type,VCM,"Sensor,VCM,EEPROM,EEPROM_EXT1,EEPROM_EXT2,EEPROM_EXT3,EEPROM_EXT4,EEPROM_EXT5,EEPROM_EXT6,EEPROM_EXT7,IO Expander,Flash","  Device Type","sif 5aa=0,1"
  Device 2,,,,,,,,,
*,2a9481a84954a43e,25c,2,1031f,I2C Address,0x50,"Step=0x1,Min=0x0,Max=0x7f","I2C Address","sif 5aa=0,1,2"
*,2a9481a84954a43e,272,1,1033c,Device Type,EEPROM,"Sensor,VCM,EEPROM,EEPROM_EXT1,EEPROM_EXT2,EEPROM_EXT3,EEPROM_EXT4,EEPROM_EXT5,EEPROM_EXT6,EEPROM_EXT7,IO Expander,Flash","  Device Type","sif 5aa=0,1,2"
  Device 3,,,,,,,,,
*,2a9481a84954a43e,25e,2,103be,I2C Address,0x51,"Step=0x1,Min=0x0,Max=0x7f","I2C Address","sif 5aa=0,1,2,3"
*,2a9481a84954a43e,273,1,103db,Device Type,EEPROM_EXT1,"Sensor,VCM,EEPROM,EEPROM_EXT1,EEPROM_EXT2,EEPROM_EXT3,EEPROM_EXT4,EEPROM_EXT5,EEPROM_EXT6,EEPROM_EXT7,IO Expander,Flash","  Device Type","sif 5aa=0,1,2,3"
  Device 4,,,,,,,,,
*,2a9481a84954a43e,260,2,1045f,I2C Address,0x52,"Step=0x1,Min=0x0,Max=0x7f","I2C Address","sif 5aa=0,1,2,3,4"
*,2a9481a84954a43e,274,1,1047c,Device Type,EEPROM_EXT2,"Sensor,VCM,EEPROM,EEPROM_EXT1,EEPROM_EXT2,EEPROM_EXT3,EEPROM_EXT4,EEPROM_EXT5,EEPROM_EXT6,EEPROM_EXT7,IO Expander,Flash","  Device Type","sif 5aa=0,1,2,3,4"
  Device 5,,,,,,,,,
*,2a9481a84954a43e,262,2,10502,I2C Address,0x53,"Step=0x1,Min=0x0,Max=0x7f","I2C Address","sif 5aa=0,1,2,3,4,5"
*,2a9481a84954a43e,275,1,1051f,Device Type,EEPROM_EXT3,"Sensor,VCM,EEPROM,EEPROM_EXT1,EEPROM_EXT2,EEPROM_EXT3,EEPROM_EXT4,EEPROM_EXT5,EEPROM_EXT6,EEPROM_EXT7,IO Expander,Flash","  Device Type","sif 5aa=0,1,2,3,4,5"
  Device 6,,,,,,,,,
*,2a9481a84954a43e,264,2,105a7,I2C Address,0x54,"Step=0x1,Min=0x0,Max=0x7f","I2C Address","sif 5aa=0,1,2,3,4,5,6"
*,2a9481a84954a43e,276,1,105c4,Device Type,EEPROM_EXT4,"Sensor,VCM,EEPROM,EEPROM_EXT1,EEPROM_EXT2,EEPROM_EXT3,EEPROM_EXT4,EEPROM_EXT5,EEPROM_EXT6,EEPROM_EXT7,IO Expander,Flash","  Device Type","sif 5aa=0,1,2,3,4,5,6"
  Device 7,,,,,,,,,
*,2a9481a84954a43e,266,2,1064e,I2C Address,0x55,"Step=0x1,Min=0x0,Max=0x7f","I2C Address","sif 5aa=0,1,2,3,4,5,6,7"
*,2a9481a84954a43e,277,1,1066b,Device Type,EEPROM_EXT5,"Sensor,VCM,EEPROM,EEPROM_EXT1,EEPROM_EXT2,EEPROM_EXT3,EEPROM_EXT4,EEPROM_EXT5,EEPROM_EXT6,EEPROM_EXT7,IO Expander,Flash","  Device Type","sif 5aa=0,1,2,3,4,5,6,7"
  Device 8,,,,,,,,,
*,2a9481a84954a43e,268,2,106f7,I2C Address,0x56,"Step=0x1,Min=0x0,Max=0x7f","I2C Address","sif 5aa=0,1,2,3,4,5,6,7,8"
*,2a9481a84954a43e,278,1,10714,Device Type,EEPROM_EXT6,"Sensor,VCM,EEPROM,EEPROM_EXT1,EEPROM_EXT2,EEPROM_EXT3,EEPROM_EXT4,EEPROM_EXT5,EEPROM_EXT6,EEPROM_EXT7,IO Expander,Flash","  Device Type","sif 5aa=0,1,2,3,4,5,6,7,8"
  Device 9,,,,,,,,,
*,2a9481a84954a43e,26a,2,107a2,I2C Address,0x57,"Step=0x1,Min=0x0,Max=0x7f","I2C Address","sif 5aa=0,1,2,3,4,5,6,7,8,9"
*,2a9481a84954a43e,279,1,107bf,Device Type,EEPROM_EXT7,"Sensor,VCM,EEPROM,EEPROM_EXT1,EEPROM_EXT2,EEPROM_EXT3,EEPROM_EXT4,EEPROM_EXT5,EEPROM_EXT6,EEPROM_EXT7,IO Expander,Flash","  Device Type","sif 5aa=0,1,2,3,4,5,6,7,8,9"
  Device 10,,,,,,,,,
*,2a9481a84954a43e,26c,2,1084f,I2C Address,0x58,"Step=0x1,Min=0x0,Max=0x7f","I2C Address","sif 5aa=0,1,2,3,4,5,6,7,8,9,10"
*,2a9481a84954a43e,27a,1,1086c,Device Type,IO Expander,"Sensor,VCM,EEPROM,EEPROM_EXT1,EEPROM_EXT2,EEPROM_EXT3,EEPROM_EXT4,EEPROM_EXT5,EEPROM_EXT6,EEPROM_EXT7,IO Expander,Flash","  Device Type","sif 5aa=0,1,2,3,4,5,6,7,8,9,10"
  Device 11,,,,,,,,,
*,2a9481a84954a43e,26e,2,108fe,I2C Address,0x59,"Step=0x1,Min=0x0,Max=0x7f","I2C Address","sif 5aa=0,1,2,3,4,5,6,7,8,9,10,11"
*,2a9481a84954a43e,27b,1,1091b,Device Type,Flash,"Sensor,VCM,EEPROM,EEPROM_EXT1,EEPROM_EXT2,EEPROM_EXT3,EEPROM_EXT4,EEPROM_EXT5,EEPROM_EXT6,EEPROM_EXT7,IO Expander,Flash","  Device Type","sif 5aa=0,1,2,3,4,5,6,7,8,9,10,11"
,2a9481a84954a43e,293,1,10984,Flash Driver Selection,Disabled,"Disabled,External,Internal PMIC","Select the Flash Driver as External or Internal PMIC ",""
*,2a9481a84954a43e,ae9,1,109b8,Flash Driver Selection,Flash2,"Flash1,Flash2,Flash3,Flash4,Flash5,Flash6","Select the Flash Driver as External or Internal PMIC ","sif 5c4=1 !"
Form 143 (Link2 options),,,,,,,,,
Camera3,,,,,,,,,
,2a9481a84954a43e,294,1,10a08,Sensor Model,OVTI01AS,"IMX135,OV5693,IMX179,OV8858,OV2740-IVCAM,OV9728,IMX188,IMX208,OV5670,OV8865,HM2051,OV2742,OV9234,OV8856,OV16860,IMX362,IMX488,OVTI01AS,OVTI01A0,OVTI5678,OVTI9738,HIMAX11B1,OVTID858,User Custom","Sensor Model",""
,2a9481a84954a43e,a86,1,10ae3,Lanes Clock division,4 4 2 2,"4 4 2 2,4 4 3 1,4 4 4 0,8 0 2 2,8 0 3 1,8 0 4 0","Lanes Clock division",""
,2a9481a84954a43e,305,1,10b20,CRD Version,CRD-D,"PTC,CRD-D,CRD-G,Kilshon-PPV,CRD-G2","CRD Version",""
,2a9481a84954a43e,313,1,10b56,GPIO control,Control Logic 2,"No Control Logic,Control Logic 1,Control Logic 2,Control Logic 3,Control Logic 4,Control Logic 5,Control Logic 6","GPIO control",""
,2a9481a84954a43e,2bd,1,10bb6,Camera position,Front,"Front,Back","Camera position",""
,2a9481a84954a43e,314,1,10bd7,Flash Support,Disabled,"Driver default,Disabled,Enabled","Flash Support",""
,2a9481a84954a43e,315,1,10bff,Privacy LED,Driver default,"Driver default,ILEDA, 16mA,ILEDB, 2mA,ILEDB, 4mA,ILEDB, 8mA,ILEDB, 16mA","Privacy LED",""
,2a9481a84954a43e,316,1,10c3c,Rotation,0,"0,90,180,270","Rotation",""
*,2a9481a84954a43e,317,1,10c77,PMIC Position,Position 1,"Position 1,Position 2","PMIC Position
Position 1 indicates the current module is placed on the left side of the CRD-G2 card
Position 2 indicates the current module is placed on the right side of the CRD-G2 card","sif 5c9=80 !"
*,2a9481a84954a43e,318,1,10ca6,Voltage Rail,3 voltage rail,"3 voltage rail,2 voltage rail","Voltage Rail","sif 5cf=1 !"
,2a9481a84954a43e,306,1,10ce2,MIPI port,4,"Step=1,Min=0,Max=10","LinkUsed",""
,2a9481a84954a43e,307,1,10cfb,LaneUsed,x2,"x1,x2,x3,x4","LaneUsed",""
,2a9481a84954a43e,308,1,10d2a,PortSpeed,2,"0,1,2,3,4,5,6","PortSpeed: 0:Sensor Default, 1:<416Mbps, 2:<1.5Gbps, 3:<2Gbps, 4:<2.5Gbps, 5:<4Gbps, 6:>4Gbps",""
,2a9481a84954a43e,30f,4,10d6e,MCLK,19200000,"Step=100000,Min=6000000,Max=27000000","MCLK",""
,2a9481a84954a43e,309,1,10d93,EEPROM Type,ROM_NONE,"ROM_NONE,ROM_OTP,ROM_EEPROM_16K_64,ROM_EEPROM_16K_16,ROM_OTP_ACPI_ACPI,ROM_ACPI,ROM_EEPROM_BRCA016GWZ,ROM_EEPROM_24AA32,ROM_EEPROM_CAT24C08,ROM_EEPROM_M24C64,ROM_EEPROM_DW9806B,ROM_EEPROM_CAT24C16,ROM_EEPROM_CAT24C64,ROM_EEPROM_24AA16","EEPROM Type
0x00: ROM_NONE
0x01: ROM_OTP
0x02: ROM_EEPROM_16K_64
0x03: ROM_EEPROM_16K_16
0x04: ROM_OTP_ACPI_ACPI
0x05: ROM_ACPI
0x06: ROM_EEPROM_BRCA016GWZ
0x07: ROM_EEPROM_24AA32
0x08: ROM_EEPROM_CAT24C08
0x09: ROM_M24C64
0x0A: ROM_DW9806B
0x10: ROM_EEPROM_CAT24C16
0x11: ROM_EEPROM_CAT24C64
0x12: ROM_EEPROM_24AA16",""
,2a9481a84954a43e,30a,1,10e08,VCM Type,VCM_NONE,"VCM_NONE,VCM_AD5823,VCM_DW9714,VCM_AD5816,VCM_DW9719,VCM_DW9718,VCM_DW9806B,VCM_WV517S,VCM_LC898122XA,VCM_LC898212AXB,VCM_RESERVED1,VCM_RESERVED2,VCM_AK7371,VCM_BU64297GWZ","VCM Type
0x00: VCM_NONE
0x01: VCM_AD5823
0x02: VCM_DW9714
0x03: VCM_AD5816
0x04: VCM_DW9719
0x05: VCM_DW9718
0x06: VCM_DW9806B
0x07: VCM_WV517S
0x08: VCM_LC898122XA
0x09: VCM_LC898212AXB
0x0F: VCM_AK7371
0x10: VCM_BU64297GWZ",""
,2a9481a84954a43e,2de,1,10e7d,Number of I2C Components,1,"Step=1,Min=0,Max=12","Number of I2C Components",""
*,2a9481a84954a43e,2df,1,10e9e,I2C Channel,I2C2,"I2C0,I2C1,I2C2,I2C3,I2C4,I2C5,I2C6,I2C7","I2C Channel","sif 5d8=0"
  Device 0,,,,,,,,,
*,2a9481a84954a43e,2e0,2,10ef2,I2C Address,0x1a,"Step=0x1,Min=0x0,Max=0x7f","I2C Address","sif 5d8=0"
*,2a9481a84954a43e,2f8,1,10f0f,Device Type,Sensor,"Sensor,VCM,EEPROM,EEPROM_EXT1,EEPROM_EXT2,EEPROM_EXT3,EEPROM_EXT4,EEPROM_EXT5,EEPROM_EXT6,EEPROM_EXT7,IO Expander,Flash","  Device Type","sif 5d8=0"
  Device 1,,,,,,,,,
*,2a9481a84954a43e,2e2,2,10f8d,I2C Address,0xe,"Step=0x1,Min=0x0,Max=0x7f","I2C Address","sif 5d8=0,1"
*,2a9481a84954a43e,2f9,1,10faa,Device Type,VCM,"Sensor,VCM,EEPROM,EEPROM_EXT1,EEPROM_EXT2,EEPROM_EXT3,EEPROM_EXT4,EEPROM_EXT5,EEPROM_EXT6,EEPROM_EXT7,IO Expander,Flash","  Device Type","sif 5d8=0,1"
  Device 2,,,,,,,,,
*,2a9481a84954a43e,2e4,2,1102a,I2C Address,0x50,"Step=0x1,Min=0x0,Max=0x7f","I2C Address","sif 5d8=0,1,2"
*,2a9481a84954a43e,2fa,1,11047,Device Type,EEPROM,"Sensor,VCM,EEPROM,EEPROM_EXT1,EEPROM_EXT2,EEPROM_EXT3,EEPROM_EXT4,EEPROM_EXT5,EEPROM_EXT6,EEPROM_EXT7,IO Expander,Flash","  Device Type","sif 5d8=0,1,2"
  Device 3,,,,,,,,,
*,2a9481a84954a43e,2e6,2,110c9,I2C Address,0x51,"Step=0x1,Min=0x0,Max=0x7f","I2C Address","sif 5d8=0,1,2,3"
*,2a9481a84954a43e,2fb,1,110e6,Device Type,EEPROM_EXT1,"Sensor,VCM,EEPROM,EEPROM_EXT1,EEPROM_EXT2,EEPROM_EXT3,EEPROM_EXT4,EEPROM_EXT5,EEPROM_EXT6,EEPROM_EXT7,IO Expander,Flash","  Device Type","sif 5d8=0,1,2,3"
  Device 4,,,,,,,,,
*,2a9481a84954a43e,2e8,2,1116a,I2C Address,0x52,"Step=0x1,Min=0x0,Max=0x7f","I2C Address","sif 5d8=0,1,2,3,4"
*,2a9481a84954a43e,2fc,1,11187,Device Type,EEPROM_EXT2,"Sensor,VCM,EEPROM,EEPROM_EXT1,EEPROM_EXT2,EEPROM_EXT3,EEPROM_EXT4,EEPROM_EXT5,EEPROM_EXT6,EEPROM_EXT7,IO Expander,Flash","  Device Type","sif 5d8=0,1,2,3,4"
  Device 5,,,,,,,,,
*,2a9481a84954a43e,2ea,2,1120d,I2C Address,0x53,"Step=0x1,Min=0x0,Max=0x7f","I2C Address","sif 5d8=0,1,2,3,4,5"
*,2a9481a84954a43e,2fd,1,1122a,Device Type,EEPROM_EXT3,"Sensor,VCM,EEPROM,EEPROM_EXT1,EEPROM_EXT2,EEPROM_EXT3,EEPROM_EXT4,EEPROM_EXT5,EEPROM_EXT6,EEPROM_EXT7,IO Expander,Flash","  Device Type","sif 5d8=0,1,2,3,4,5"
  Device 6,,,,,,,,,
*,2a9481a84954a43e,2ec,2,112b2,I2C Address,0x54,"Step=0x1,Min=0x0,Max=0x7f","I2C Address","sif 5d8=0,1,2,3,4,5,6"
*,2a9481a84954a43e,2fe,1,112cf,Device Type,EEPROM_EXT4,"Sensor,VCM,EEPROM,EEPROM_EXT1,EEPROM_EXT2,EEPROM_EXT3,EEPROM_EXT4,EEPROM_EXT5,EEPROM_EXT6,EEPROM_EXT7,IO Expander,Flash","  Device Type","sif 5d8=0,1,2,3,4,5,6"
  Device 7,,,,,,,,,
*,2a9481a84954a43e,2ee,2,11359,I2C Address,0x55,"Step=0x1,Min=0x0,Max=0x7f","I2C Address","sif 5d8=0,1,2,3,4,5,6,7"
*,2a9481a84954a43e,2ff,1,11376,Device Type,EEPROM_EXT5,"Sensor,VCM,EEPROM,EEPROM_EXT1,EEPROM_EXT2,EEPROM_EXT3,EEPROM_EXT4,EEPROM_EXT5,EEPROM_EXT6,EEPROM_EXT7,IO Expander,Flash","  Device Type","sif 5d8=0,1,2,3,4,5,6,7"
  Device 8,,,,,,,,,
*,2a9481a84954a43e,2f0,2,11402,I2C Address,0x56,"Step=0x1,Min=0x0,Max=0x7f","I2C Address","sif 5d8=0,1,2,3,4,5,6,7,8"
*,2a9481a84954a43e,300,1,1141f,Device Type,Sensor,"Sensor,VCM,EEPROM,EEPROM_EXT1,EEPROM_EXT2,EEPROM_EXT3,EEPROM_EXT4,EEPROM_EXT5,EEPROM_EXT6,EEPROM_EXT7,IO Expander,Flash","  Device Type","sif 5d8=0,1,2,3,4,5,6,7,8"
  Device 9,,,,,,,,,
*,2a9481a84954a43e,2f2,2,114ad,I2C Address,0x57,"Step=0x1,Min=0x0,Max=0x7f","I2C Address","sif 5d8=0,1,2,3,4,5,6,7,8,9"
*,2a9481a84954a43e,301,1,114ca,Device Type,Sensor,"Sensor,VCM,EEPROM,EEPROM_EXT1,EEPROM_EXT2,EEPROM_EXT3,EEPROM_EXT4,EEPROM_EXT5,EEPROM_EXT6,EEPROM_EXT7,IO Expander,Flash","  Device Type","sif 5d8=0,1,2,3,4,5,6,7,8,9"
  Device 10,,,,,,,,,
*,2a9481a84954a43e,2f4,2,1155a,I2C Address,0x58,"Step=0x1,Min=0x0,Max=0x7f","I2C Address","sif 5d8=0,1,2,3,4,5,6,7,8,9,10"
*,2a9481a84954a43e,302,1,11577,Device Type,Sensor,"Sensor,VCM,EEPROM,EEPROM_EXT1,EEPROM_EXT2,EEPROM_EXT3,EEPROM_EXT4,EEPROM_EXT5,EEPROM_EXT6,EEPROM_EXT7,IO Expander,Flash","  Device Type","sif 5d8=0,1,2,3,4,5,6,7,8,9,10"
  Device 11,,,,,,,,,
*,2a9481a84954a43e,2f6,2,11609,I2C Address,0x59,"Step=0x1,Min=0x0,Max=0x7f","I2C Address","sif 5d8=0,1,2,3,4,5,6,7,8,9,10,11"
*,2a9481a84954a43e,303,1,11626,Device Type,Sensor,"Sensor,VCM,EEPROM,EEPROM_EXT1,EEPROM_EXT2,EEPROM_EXT3,EEPROM_EXT4,EEPROM_EXT5,EEPROM_EXT6,EEPROM_EXT7,IO Expander,Flash","  Device Type","sif 5d8=0,1,2,3,4,5,6,7,8,9,10,11"
,2a9481a84954a43e,31b,1,1168f,Flash Driver Selection,Disabled,"Disabled,External,Internal PMIC","Select the Flash Driver as External or Internal PMIC ",""
*,2a9481a84954a43e,aea,1,116c9,Flash Driver Selection,Flash1,"Flash1,Flash2,Flash3,Flash4,Flash5,Flash6","Select the Flash Driver as External or Internal PMIC ","sif 5f2=1 !"
Form 144 (Link3 options),,,,,,,,,
Camera4,,,,,,,,,
,2a9481a84954a43e,31c,1,11719,Sensor Model,OV5693,"IMX135,OV5693,IMX179,OV8858,OV2740-IVCAM,OV9728,IMX188,IMX208,OV5670,OV8865,HM2051,OV2742,OV9234,OV8856,OV16860,IMX362,IMX488,OVTI01AS,OVTI01A0,OVTI5678,OVTI9738,HIMAX11B1,OVTID858,User Custom","Sensor Model",""
,2a9481a84954a43e,a87,1,117f4,Lanes Clock division,4 4 2 2,"4 4 2 2,4 4 3 1,4 4 4 0,8 0 2 2,8 0 3 1,8 0 4 0","Lanes Clock division",""
,2a9481a84954a43e,38d,1,11831,CRD Version,CRD-G,"PTC,CRD-D,CRD-G,Kilshon-PPV,CRD-G2","CRD Version",""
,2a9481a84954a43e,39b,1,11867,GPIO control,No Control Logic,"No Control Logic,Control Logic 1,Control Logic 2,Control Logic 3,Control Logic 4,Control Logic 5,Control Logic 6","GPIO control",""
,2a9481a84954a43e,345,1,118c7,Camera position,Back,"Front,Back","Camera position",""
,2a9481a84954a43e,39c,1,118e8,Flash Support,Driver default,"Driver default,Disabled,Enabled","Flash Support",""
,2a9481a84954a43e,39d,1,11910,Privacy LED,Driver default,"Driver default,ILEDA, 16mA,ILEDB, 2mA,ILEDB, 4mA,ILEDB, 8mA,ILEDB, 16mA","Privacy LED",""
,2a9481a84954a43e,39e,1,1194d,Rotation,0,"0,90,180,270","Rotation",""
*,2a9481a84954a43e,39f,1,11988,PMIC Position,Position 1,"Position 1,Position 2","PMIC Position
Position 1 indicates the current module is placed on the left side of the CRD-G2 card
Position 2 indicates the current module is placed on the right side of the CRD-G2 card","sif 5f7=80 !"
*,2a9481a84954a43e,3a0,1,119b7,Voltage Rail,3 voltage rail,"3 voltage rail,2 voltage rail","Voltage Rail","sif 5fd=1 !"
,2a9481a84954a43e,38e,1,119ec,MIPI port,7,"Step=1,Min=0,Max=10","LinkUsed",""
,2a9481a84954a43e,38f,1,11a05,LaneUsed,x4,"x1,x2,x3,x4","LaneUsed",""
,2a9481a84954a43e,390,1,11a34,PortSpeed,2,"0,1,2,3,4,5,6","PortSpeed: 0:Sensor Default, 1:<416Mbps, 2:<1.5Gbps, 3:<2Gbps, 4:<2.5Gbps, 5:<4Gbps, 6:>4Gbps",""
,2a9481a84954a43e,397,4,11a78,MCLK,19200000,"Step=100000,Min=6000000,Max=27000000","MCLK",""
,2a9481a84954a43e,391,1,11a9d,EEPROM Type,ROM_NONE,"ROM_NONE,ROM_OTP,ROM_EEPROM_16K_64,ROM_EEPROM_16K_16,ROM_OTP_ACPI_ACPI,ROM_ACPI,ROM_EEPROM_BRCA016GWZ,ROM_EEPROM_24AA32,ROM_EEPROM_CAT24C08,ROM_EEPROM_M24C64,ROM_EEPROM_DW9806B,ROM_EEPROM_CAT24C16,ROM_EEPROM_CAT24C64,ROM_EEPROM_24AA16","EEPROM Type
0x00: ROM_NONE
0x01: ROM_OTP
0x02: ROM_EEPROM_16K_64
0x03: ROM_EEPROM_16K_16
0x04: ROM_OTP_ACPI_ACPI
0x05: ROM_ACPI
0x06: ROM_EEPROM_BRCA016GWZ
0x07: ROM_EEPROM_24AA32
0x08: ROM_EEPROM_CAT24C08
0x09: ROM_M24C64
0x0A: ROM_DW9806B
0x10: ROM_EEPROM_CAT24C16
0x11: ROM_EEPROM_CAT24C64
0x12: ROM_EEPROM_24AA16",""
,2a9481a84954a43e,392,1,11b12,VCM Type,VCM_NONE,"VCM_NONE,VCM_AD5823,VCM_DW9714,VCM_AD5816,VCM_DW9719,VCM_DW9718,VCM_DW9806B,VCM_WV517S,VCM_LC898122XA,VCM_LC898212AXB,VCM_RESERVED1,VCM_RESERVED2,VCM_AK7371,VCM_BU64297GWZ","VCM Type
0x00: VCM_NONE
0x01: VCM_AD5823
0x02: VCM_DW9714
0x03: VCM_AD5816
0x04: VCM_DW9719
0x05: VCM_DW9718
0x06: VCM_DW9806B
0x07: VCM_WV517S
0x08: VCM_LC898122XA
0x09: VCM_LC898212AXB
0x0F: VCM_AK7371
0x10: VCM_BU64297GWZ",""
,2a9481a84954a43e,366,1,11b87,Number of I2C Components,6,"Step=1,Min=0,Max=12","Number of I2C Components",""
*,2a9481a84954a43e,367,1,11ba8,I2C Channel,I2C3,"I2C0,I2C1,I2C2,I2C3,I2C4,I2C5,I2C6,I2C7","I2C Channel","sif 606=0"
  Device 0,,,,,,,,,
*,2a9481a84954a43e,368,2,11bfc,I2C Address,0x10,"Step=0x1,Min=0x0,Max=0x7f","I2C Address","sif 606=0"
*,2a9481a84954a43e,380,1,11c19,Device Type,Sensor,"Sensor,VCM,EEPROM,EEPROM_EXT1,EEPROM_EXT2,EEPROM_EXT3,EEPROM_EXT4,EEPROM_EXT5,EEPROM_EXT6,EEPROM_EXT7,IO Expander,Flash","  Device Type","sif 606=0"
  Device 1,,,,,,,,,
*,2a9481a84954a43e,36a,2,11c97,I2C Address,0xc,"Step=0x1,Min=0x0,Max=0x7f","I2C Address","sif 606=0,1"
*,2a9481a84954a43e,381,1,11cb4,Device Type,VCM,"Sensor,VCM,EEPROM,EEPROM_EXT1,EEPROM_EXT2,EEPROM_EXT3,EEPROM_EXT4,EEPROM_EXT5,EEPROM_EXT6,EEPROM_EXT7,IO Expander,Flash","  Device Type","sif 606=0,1"
  Device 2,,,,,,,,,
*,2a9481a84954a43e,36c,2,11d34,I2C Address,0x50,"Step=0x1,Min=0x0,Max=0x7f","I2C Address","sif 606=0,1,2"
*,2a9481a84954a43e,382,1,11d51,Device Type,EEPROM,"Sensor,VCM,EEPROM,EEPROM_EXT1,EEPROM_EXT2,EEPROM_EXT3,EEPROM_EXT4,EEPROM_EXT5,EEPROM_EXT6,EEPROM_EXT7,IO Expander,Flash","  Device Type","sif 606=0,1,2"
  Device 3,,,,,,,,,
*,2a9481a84954a43e,36e,2,11dd3,I2C Address,0x51,"Step=0x1,Min=0x0,Max=0x7f","I2C Address","sif 606=0,1,2,3"
*,2a9481a84954a43e,383,1,11df0,Device Type,EEPROM_EXT1,"Sensor,VCM,EEPROM,EEPROM_EXT1,EEPROM_EXT2,EEPROM_EXT3,EEPROM_EXT4,EEPROM_EXT5,EEPROM_EXT6,EEPROM_EXT7,IO Expander,Flash","  Device Type","sif 606=0,1,2,3"
  Device 4,,,,,,,,,
*,2a9481a84954a43e,370,2,11e74,I2C Address,0x52,"Step=0x1,Min=0x0,Max=0x7f","I2C Address","sif 606=0,1,2,3,4"
*,2a9481a84954a43e,384,1,11e91,Device Type,EEPROM_EXT2,"Sensor,VCM,EEPROM,EEPROM_EXT1,EEPROM_EXT2,EEPROM_EXT3,EEPROM_EXT4,EEPROM_EXT5,EEPROM_EXT6,EEPROM_EXT7,IO Expander,Flash","  Device Type","sif 606=0,1,2,3,4"
  Device 5,,,,,,,,,
*,2a9481a84954a43e,372,2,11f17,I2C Address,0x53,"Step=0x1,Min=0x0,Max=0x7f","I2C Address","sif 606=0,1,2,3,4,5"
*,2a9481a84954a43e,385,1,11f34,Device Type,EEPROM_EXT3,"Sensor,VCM,EEPROM,EEPROM_EXT1,EEPROM_EXT2,EEPROM_EXT3,EEPROM_EXT4,EEPROM_EXT5,EEPROM_EXT6,EEPROM_EXT7,IO Expander,Flash","  Device Type","sif 606=0,1,2,3,4,5"
  Device 6,,,,,,,,,
*,2a9481a84954a43e,374,2,11fbc,I2C Address,0x54,"Step=0x1,Min=0x0,Max=0x7f","I2C Address","sif 606=0,1,2,3,4,5,6"
*,2a9481a84954a43e,386,1,11fd9,Device Type,EEPROM_EXT4,"Sensor,VCM,EEPROM,EEPROM_EXT1,EEPROM_EXT2,EEPROM_EXT3,EEPROM_EXT4,EEPROM_EXT5,EEPROM_EXT6,EEPROM_EXT7,IO Expander,Flash","  Device Type","sif 606=0,1,2,3,4,5,6"
  Device 7,,,,,,,,,
*,2a9481a84954a43e,376,2,12063,I2C Address,0x55,"Step=0x1,Min=0x0,Max=0x7f","I2C Address","sif 606=0,1,2,3,4,5,6,7"
*,2a9481a84954a43e,387,1,12080,Device Type,EEPROM_EXT5,"Sensor,VCM,EEPROM,EEPROM_EXT1,EEPROM_EXT2,EEPROM_EXT3,EEPROM_EXT4,EEPROM_EXT5,EEPROM_EXT6,EEPROM_EXT7,IO Expander,Flash","  Device Type","sif 606=0,1,2,3,4,5,6,7"
  Device 8,,,,,,,,,
*,2a9481a84954a43e,378,2,1210c,I2C Address,0x56,"Step=0x1,Min=0x0,Max=0x7f","I2C Address","sif 606=0,1,2,3,4,5,6,7,8"
*,2a9481a84954a43e,388,1,12129,Device Type,EEPROM_EXT6,"Sensor,VCM,EEPROM,EEPROM_EXT1,EEPROM_EXT2,EEPROM_EXT3,EEPROM_EXT4,EEPROM_EXT5,EEPROM_EXT6,EEPROM_EXT7,IO Expander,Flash","  Device Type","sif 606=0,1,2,3,4,5,6,7,8"
  Device 9,,,,,,,,,
*,2a9481a84954a43e,37a,2,121b7,I2C Address,0x57,"Step=0x1,Min=0x0,Max=0x7f","I2C Address","sif 606=0,1,2,3,4,5,6,7,8,9"
*,2a9481a84954a43e,389,1,121d4,Device Type,EEPROM_EXT7,"Sensor,VCM,EEPROM,EEPROM_EXT1,EEPROM_EXT2,EEPROM_EXT3,EEPROM_EXT4,EEPROM_EXT5,EEPROM_EXT6,EEPROM_EXT7,IO Expander,Flash","  Device Type","sif 606=0,1,2,3,4,5,6,7,8,9"
  Device 10,,,,,,,,,
*,2a9481a84954a43e,37c,2,12264,I2C Address,0x58,"Step=0x1,Min=0x0,Max=0x7f","I2C Address","sif 606=0,1,2,3,4,5,6,7,8,9,10"
*,2a9481a84954a43e,38a,1,12281,Device Type,IO Expander,"Sensor,VCM,EEPROM,EEPROM_EXT1,EEPROM_EXT2,EEPROM_EXT3,EEPROM_EXT4,EEPROM_EXT5,EEPROM_EXT6,EEPROM_EXT7,IO Expander,Flash","  Device Type","sif 606=0,1,2,3,4,5,6,7,8,9,10"
  Device 11,,,,,,,,,
*,2a9481a84954a43e,37e,2,12313,I2C Address,0x59,"Step=0x1,Min=0x0,Max=0x7f","I2C Address","sif 606=0,1,2,3,4,5,6,7,8,9,10,11"
*,2a9481a84954a43e,38b,1,12330,Device Type,Flash,"Sensor,VCM,EEPROM,EEPROM_EXT1,EEPROM_EXT2,EEPROM_EXT3,EEPROM_EXT4,EEPROM_EXT5,EEPROM_EXT6,EEPROM_EXT7,IO Expander,Flash","  Device Type","sif 606=0,1,2,3,4,5,6,7,8,9,10,11"
,2a9481a84954a43e,3a3,1,12399,Flash Driver Selection,Disabled,"Disabled,External,Internal PMIC","Select the Flash Driver as External or Internal PMIC ",""
*,2a9481a84954a43e,aeb,1,123cd,Flash Driver Selection,Flash1,"Flash1,Flash2,Flash3,Flash4,Flash5,Flash6","Select the Flash Driver as External or Internal PMIC ","sif 620=1 !"
Form 145 (Link4 options),,,,,,,,,
Camera5,,,,,,,,,
,2a9481a84954a43e,3a4,1,1241d,Sensor Model,OV5693,"IMX135,OV5693,IMX179,OV8858,OV2740-IVCAM,OV9728,IMX188,IMX208,OV5670,OV8865,HM2051,OV2742,OV9234,OV8856,OV16860,IMX362,IMX488,OVTI01AS,OVTI01A0,OVTI5678,OVTI9738,HIMAX11B1,OVTID858,User Custom","Sensor Model",""
,2a9481a84954a43e,a88,1,124f8,Lanes Clock division,4 4 2 2,"4 4 2 2,4 4 3 1,4 4 4 0,8 0 2 2,8 0 3 1,8 0 4 0","Lanes Clock division",""
,2a9481a84954a43e,415,1,12535,CRD Version,CRD-G,"PTC,CRD-D,CRD-G,Kilshon-PPV,CRD-G2","CRD Version",""
,2a9481a84954a43e,423,1,1256b,GPIO control,No Control Logic,"No Control Logic,Control Logic 1,Control Logic 2,Control Logic 3,Control Logic 4,Control Logic 5,Control Logic 6","GPIO control",""
,2a9481a84954a43e,3cd,1,125cb,Camera position,Back,"Front,Back","Camera position",""
,2a9481a84954a43e,424,1,125ec,Flash Support,Driver default,"Driver default,Disabled,Enabled","Flash Support",""
,2a9481a84954a43e,425,1,12614,Privacy LED,Driver default,"Driver default,ILEDA, 16mA,ILEDB, 2mA,ILEDB, 4mA,ILEDB, 8mA,ILEDB, 16mA","Privacy LED",""
,2a9481a84954a43e,426,1,12651,Rotation,0,"0,90,180,270","Rotation",""
*,2a9481a84954a43e,427,1,1268c,PMIC Position,Position 1,"Position 1,Position 2","PMIC Position
Position 1 indicates the current module is placed on the left side of the CRD-G2 card
Position 2 indicates the current module is placed on the right side of the CRD-G2 card","sif 625=80 !"
*,2a9481a84954a43e,428,1,126bb,Voltage Rail,3 voltage rail,"3 voltage rail,2 voltage rail","Voltage Rail","sif 62b=1 !"
,2a9481a84954a43e,416,1,126f0,MIPI port,2,"Step=1,Min=0,Max=10","LinkUsed",""
,2a9481a84954a43e,417,1,12709,LaneUsed,x4,"x1,x2,x3,x4","LaneUsed",""
,2a9481a84954a43e,418,1,12738,PortSpeed,2,"0,1,2,3,4,5,6","PortSpeed: 0:Sensor Default, 1:<416Mbps, 2:<1.5Gbps, 3:<2Gbps, 4:<2.5Gbps, 5:<4Gbps, 6:>4Gbps",""
,2a9481a84954a43e,41f,4,1277c,MCLK,19200000,"Step=100000,Min=6000000,Max=27000000","MCLK",""
,2a9481a84954a43e,419,1,127a1,EEPROM Type,ROM_NONE,"ROM_NONE,ROM_OTP,ROM_EEPROM_16K_64,ROM_EEPROM_16K_16,ROM_OTP_ACPI_ACPI,ROM_ACPI,ROM_EEPROM_BRCA016GWZ,ROM_EEPROM_24AA32,ROM_EEPROM_CAT24C08,ROM_EEPROM_M24C64,ROM_EEPROM_DW9806B,ROM_EEPROM_CAT24C16,ROM_EEPROM_CAT24C64,ROM_EEPROM_24AA16","EEPROM Type
0x00: ROM_NONE
0x01: ROM_OTP
0x02: ROM_EEPROM_16K_64
0x03: ROM_EEPROM_16K_16
0x04: ROM_OTP_ACPI_ACPI
0x05: ROM_ACPI
0x06: ROM_EEPROM_BRCA016GWZ
0x07: ROM_EEPROM_24AA32
0x08: ROM_EEPROM_CAT24C08
0x09: ROM_M24C64
0x0A: ROM_DW9806B
0x10: ROM_EEPROM_CAT24C16
0x11: ROM_EEPROM_CAT24C64
0x12: ROM_EEPROM_24AA16",""
,2a9481a84954a43e,41a,1,12816,VCM Type,VCM_NONE,"VCM_NONE,VCM_AD5823,VCM_DW9714,VCM_AD5816,VCM_DW9719,VCM_DW9718,VCM_DW9806B,VCM_WV517S,VCM_LC898122XA,VCM_LC898212AXB,VCM_RESERVED1,VCM_RESERVED2,VCM_AK7371,VCM_BU64297GWZ","VCM Type
0x00: VCM_NONE
0x01: VCM_AD5823
0x02: VCM_DW9714
0x03: VCM_AD5816
0x04: VCM_DW9719
0x05: VCM_DW9718
0x06: VCM_DW9806B
0x07: VCM_WV517S
0x08: VCM_LC898122XA
0x09: VCM_LC898212AXB
0x0F: VCM_AK7371
0x10: VCM_BU64297GWZ",""
,2a9481a84954a43e,3ee,1,1288b,Number of I2C Components,6,"Step=1,Min=0,Max=12","Number of I2C Components",""
*,2a9481a84954a43e,3ef,1,128ac,I2C Channel,I2C3,"I2C0,I2C1,I2C2,I2C3,I2C4,I2C5,I2C6,I2C7","I2C Channel","sif 634=0"
  Device 0,,,,,,,,,
*,2a9481a84954a43e,3f0,2,12900,I2C Address,0x10,"Step=0x1,Min=0x0,Max=0x7f","I2C Address","sif 634=0"
*,2a9481a84954a43e,408,1,1291d,Device Type,Sensor,"Sensor,VCM,EEPROM,EEPROM_EXT1,EEPROM_EXT2,EEPROM_EXT3,EEPROM_EXT4,EEPROM_EXT5,EEPROM_EXT6,EEPROM_EXT7,IO Expander,Flash","  Device Type","sif 634=0"
  Device 1,,,,,,,,,
*,2a9481a84954a43e,3f2,2,1299b,I2C Address,0xc,"Step=0x1,Min=0x0,Max=0x7f","I2C Address","sif 634=0,1"
*,2a9481a84954a43e,409,1,129b8,Device Type,VCM,"Sensor,VCM,EEPROM,EEPROM_EXT1,EEPROM_EXT2,EEPROM_EXT3,EEPROM_EXT4,EEPROM_EXT5,EEPROM_EXT6,EEPROM_EXT7,IO Expander,Flash","  Device Type","sif 634=0,1"
  Device 2,,,,,,,,,
*,2a9481a84954a43e,3f4,2,12a38,I2C Address,0x50,"Step=0x1,Min=0x0,Max=0x7f","I2C Address","sif 634=0,1,2"
*,2a9481a84954a43e,40a,1,12a55,Device Type,EEPROM,"Sensor,VCM,EEPROM,EEPROM_EXT1,EEPROM_EXT2,EEPROM_EXT3,EEPROM_EXT4,EEPROM_EXT5,EEPROM_EXT6,EEPROM_EXT7,IO Expander,Flash","  Device Type","sif 634=0,1,2"
  Device 3,,,,,,,,,
*,2a9481a84954a43e,3f6,2,12ad7,I2C Address,0x51,"Step=0x1,Min=0x0,Max=0x7f","I2C Address","sif 634=0,1,2,3"
*,2a9481a84954a43e,40b,1,12af4,Device Type,EEPROM_EXT1,"Sensor,VCM,EEPROM,EEPROM_EXT1,EEPROM_EXT2,EEPROM_EXT3,EEPROM_EXT4,EEPROM_EXT5,EEPROM_EXT6,EEPROM_EXT7,IO Expander,Flash","  Device Type","sif 634=0,1,2,3"
  Device 4,,,,,,,,,
*,2a9481a84954a43e,3f8,2,12b78,I2C Address,0x52,"Step=0x1,Min=0x0,Max=0x7f","I2C Address","sif 634=0,1,2,3,4"
*,2a9481a84954a43e,40c,1,12b95,Device Type,EEPROM_EXT2,"Sensor,VCM,EEPROM,EEPROM_EXT1,EEPROM_EXT2,EEPROM_EXT3,EEPROM_EXT4,EEPROM_EXT5,EEPROM_EXT6,EEPROM_EXT7,IO Expander,Flash","  Device Type","sif 634=0,1,2,3,4"
  Device 5,,,,,,,,,
*,2a9481a84954a43e,3fa,2,12c1b,I2C Address,0x53,"Step=0x1,Min=0x0,Max=0x7f","I2C Address","sif 634=0,1,2,3,4,5"
*,2a9481a84954a43e,40d,1,12c38,Device Type,EEPROM_EXT3,"Sensor,VCM,EEPROM,EEPROM_EXT1,EEPROM_EXT2,EEPROM_EXT3,EEPROM_EXT4,EEPROM_EXT5,EEPROM_EXT6,EEPROM_EXT7,IO Expander,Flash","  Device Type","sif 634=0,1,2,3,4,5"
  Device 6,,,,,,,,,
*,2a9481a84954a43e,3fc,2,12cc0,I2C Address,0x54,"Step=0x1,Min=0x0,Max=0x7f","I2C Address","sif 634=0,1,2,3,4,5,6"
*,2a9481a84954a43e,40e,1,12cdd,Device Type,EEPROM_EXT4,"Sensor,VCM,EEPROM,EEPROM_EXT1,EEPROM_EXT2,EEPROM_EXT3,EEPROM_EXT4,EEPROM_EXT5,EEPROM_EXT6,EEPROM_EXT7,IO Expander,Flash","  Device Type","sif 634=0,1,2,3,4,5,6"
  Device 7,,,,,,,,,
*,2a9481a84954a43e,3fe,2,12d67,I2C Address,0x55,"Step=0x1,Min=0x0,Max=0x7f","I2C Address","sif 634=0,1,2,3,4,5,6,7"
*,2a9481a84954a43e,40f,1,12d84,Device Type,EEPROM_EXT5,"Sensor,VCM,EEPROM,EEPROM_EXT1,EEPROM_EXT2,EEPROM_EXT3,EEPROM_EXT4,EEPROM_EXT5,EEPROM_EXT6,EEPROM_EXT7,IO Expander,Flash","  Device Type","sif 634=0,1,2,3,4,5,6,7"
  Device 8,,,,,,,,,
*,2a9481a84954a43e,400,2,12e10,I2C Address,0x56,"Step=0x1,Min=0x0,Max=0x7f","I2C Address","sif 634=0,1,2,3,4,5,6,7,8"
*,2a9481a84954a43e,410,1,12e2d,Device Type,EEPROM_EXT6,"Sensor,VCM,EEPROM,EEPROM_EXT1,EEPROM_EXT2,EEPROM_EXT3,EEPROM_EXT4,EEPROM_EXT5,EEPROM_EXT6,EEPROM_EXT7,IO Expander,Flash","  Device Type","sif 634=0,1,2,3,4,5,6,7,8"
  Device 9,,,,,,,,,
*,2a9481a84954a43e,402,2,12ebb,I2C Address,0x57,"Step=0x1,Min=0x0,Max=0x7f","I2C Address","sif 634=0,1,2,3,4,5,6,7,8,9"
*,2a9481a84954a43e,411,1,12ed8,Device Type,EEPROM_EXT7,"Sensor,VCM,EEPROM,EEPROM_EXT1,EEPROM_EXT2,EEPROM_EXT3,EEPROM_EXT4,EEPROM_EXT5,EEPROM_EXT6,EEPROM_EXT7,IO Expander,Flash","  Device Type","sif 634=0,1,2,3,4,5,6,7,8,9"
  Device 10,,,,,,,,,
*,2a9481a84954a43e,404,2,12f68,I2C Address,0x58,"Step=0x1,Min=0x0,Max=0x7f","I2C Address","sif 634=0,1,2,3,4,5,6,7,8,9,10"
*,2a9481a84954a43e,412,1,12f85,Device Type,IO Expander,"Sensor,VCM,EEPROM,EEPROM_EXT1,EEPROM_EXT2,EEPROM_EXT3,EEPROM_EXT4,EEPROM_EXT5,EEPROM_EXT6,EEPROM_EXT7,IO Expander,Flash","  Device Type","sif 634=0,1,2,3,4,5,6,7,8,9,10"
  Device 11,,,,,,,,,
*,2a9481a84954a43e,406,2,13017,I2C Address,0x59,"Step=0x1,Min=0x0,Max=0x7f","I2C Address","sif 634=0,1,2,3,4,5,6,7,8,9,10,11"
*,2a9481a84954a43e,413,1,13034,Device Type,Flash,"Sensor,VCM,EEPROM,EEPROM_EXT1,EEPROM_EXT2,EEPROM_EXT3,EEPROM_EXT4,EEPROM_EXT5,EEPROM_EXT6,EEPROM_EXT7,IO Expander,Flash","  Device Type","sif 634=0,1,2,3,4,5,6,7,8,9,10,11"
,2a9481a84954a43e,42b,1,1309d,Flash Driver Selection,Disabled,"Disabled,External,Internal PMIC","Select the Flash Driver as External or Internal PMIC ",""
*,2a9481a84954a43e,aec,1,130d1,Flash Driver Selection,Flash1,"Flash1,Flash2,Flash3,Flash4,Flash5,Flash6","Select the Flash Driver as External or Internal PMIC ","sif 64e=1 !"
Form 146 (Link5 options),,,,,,,,,
Camera6,,,,,,,,,
,2a9481a84954a43e,42c,1,13121,Sensor Model,OV5693,"IMX135,OV5693,IMX179,OV8858,OV2740-IVCAM,OV9728,IMX188,IMX208,OV5670,OV8865,HM2051,OV2742,OV9234,OV8856,OV16860,IMX362,IMX488,OVTI01AS,OVTI01A0,OVTI5678,OVTI9738,HIMAX11B1,OVTID858,User Custom","Sensor Model",""
,2a9481a84954a43e,a89,1,131fc,Lanes Clock division,4 4 2 2,"4 4 2 2,4 4 3 1,4 4 4 0,8 0 2 2,8 0 3 1,8 0 4 0","Lanes Clock division",""
,2a9481a84954a43e,49d,1,13239,CRD Version,CRD-G,"PTC,CRD-D,CRD-G,Kilshon-PPV,CRD-G2","CRD Version",""
,2a9481a84954a43e,4ab,1,1326f,GPIO control,No Control Logic,"No Control Logic,Control Logic 1,Control Logic 2,Control Logic 3,Control Logic 4,Control Logic 5,Control Logic 6","GPIO control",""
,2a9481a84954a43e,455,1,132cf,Camera position,Back,"Front,Back","Camera position",""
,2a9481a84954a43e,4ac,1,132f0,Flash Support,Driver default,"Driver default,Disabled,Enabled","Flash Support",""
,2a9481a84954a43e,4ad,1,13318,Privacy LED,Driver default,"Driver default,ILEDA, 16mA,ILEDB, 2mA,ILEDB, 4mA,ILEDB, 8mA,ILEDB, 16mA","Privacy LED",""
,2a9481a84954a43e,4ae,1,13355,Rotation,0,"0,90,180,270","Rotation",""
*,2a9481a84954a43e,4af,1,13390,PMIC Position,Position 1,"Position 1,Position 2","PMIC Position
Position 1 indicates the current module is placed on the left side of the CRD-G2 card
Position 2 indicates the current module is placed on the right side of the CRD-G2 card","sif 653=80 !"
*,2a9481a84954a43e,4b0,1,133bf,Voltage Rail,3 voltage rail,"3 voltage rail,2 voltage rail","Voltage Rail","sif 659=1 !"
,2a9481a84954a43e,49e,1,133f4,MIPI port,1,"Step=1,Min=0,Max=10","LinkUsed",""
,2a9481a84954a43e,49f,1,1340d,LaneUsed,x4,"x1,x2,x3,x4","LaneUsed",""
,2a9481a84954a43e,4a0,1,1343c,PortSpeed,2,"0,1,2,3,4,5,6","PortSpeed: 0:Sensor Default, 1:<416Mbps, 2:<1.5Gbps, 3:<2Gbps, 4:<2.5Gbps, 5:<4Gbps, 6:>4Gbps",""
,2a9481a84954a43e,4a7,4,13480,MCLK,19200000,"Step=100000,Min=6000000,Max=27000000","MCLK",""
,2a9481a84954a43e,4a1,1,134a5,EEPROM Type,ROM_NONE,"ROM_NONE,ROM_OTP,ROM_EEPROM_16K_64,ROM_EEPROM_16K_16,ROM_OTP_ACPI_ACPI,ROM_ACPI,ROM_EEPROM_BRCA016GWZ,ROM_EEPROM_24AA32,ROM_EEPROM_CAT24C08,ROM_EEPROM_M24C64,ROM_EEPROM_DW9806B,ROM_EEPROM_CAT24C16,ROM_EEPROM_CAT24C64,ROM_EEPROM_24AA16","EEPROM Type
0x00: ROM_NONE
0x01: ROM_OTP
0x02: ROM_EEPROM_16K_64
0x03: ROM_EEPROM_16K_16
0x04: ROM_OTP_ACPI_ACPI
0x05: ROM_ACPI
0x06: ROM_EEPROM_BRCA016GWZ
0x07: ROM_EEPROM_24AA32
0x08: ROM_EEPROM_CAT24C08
0x09: ROM_M24C64
0x0A: ROM_DW9806B
0x10: ROM_EEPROM_CAT24C16
0x11: ROM_EEPROM_CAT24C64
0x12: ROM_EEPROM_24AA16",""
,2a9481a84954a43e,4a2,1,1351a,VCM Type,VCM_NONE,"VCM_NONE,VCM_AD5823,VCM_DW9714,VCM_AD5816,VCM_DW9719,VCM_DW9718,VCM_DW9806B,VCM_WV517S,VCM_LC898122XA,VCM_LC898212AXB,VCM_RESERVED1,VCM_RESERVED2,VCM_AK7371,VCM_BU64297GWZ","VCM Type
0x00: VCM_NONE
0x01: VCM_AD5823
0x02: VCM_DW9714
0x03: VCM_AD5816
0x04: VCM_DW9719
0x05: VCM_DW9718
0x06: VCM_DW9806B
0x07: VCM_WV517S
0x08: VCM_LC898122XA
0x09: VCM_LC898212AXB
0x0F: VCM_AK7371
0x10: VCM_BU64297GWZ",""
,2a9481a84954a43e,476,1,1358f,Number of I2C Components,6,"Step=1,Min=0,Max=12","Number of I2C Components",""
*,2a9481a84954a43e,477,1,135b0,I2C Channel,I2C3,"I2C0,I2C1,I2C2,I2C3,I2C4,I2C5,I2C6,I2C7","I2C Channel","sif 662=0"
  Device 0,,,,,,,,,
*,2a9481a84954a43e,478,2,13604,I2C Address,0x10,"Step=0x1,Min=0x0,Max=0x7f","I2C Address","sif 662=0"
*,2a9481a84954a43e,490,1,13621,Device Type,Sensor,"Sensor,VCM,EEPROM,EEPROM_EXT1,EEPROM_EXT2,EEPROM_EXT3,EEPROM_EXT4,EEPROM_EXT5,EEPROM_EXT6,EEPROM_EXT7,IO Expander,Flash","  Device Type","sif 662=0"
  Device 1,,,,,,,,,
*,2a9481a84954a43e,47a,2,1369f,I2C Address,0xc,"Step=0x1,Min=0x0,Max=0x7f","I2C Address","sif 662=0,1"
*,2a9481a84954a43e,491,1,136bc,Device Type,VCM,"Sensor,VCM,EEPROM,EEPROM_EXT1,EEPROM_EXT2,EEPROM_EXT3,EEPROM_EXT4,EEPROM_EXT5,EEPROM_EXT6,EEPROM_EXT7,IO Expander,Flash","  Device Type","sif 662=0,1"
  Device 2,,,,,,,,,
*,2a9481a84954a43e,47c,2,1373c,I2C Address,0x50,"Step=0x1,Min=0x0,Max=0x7f","I2C Address","sif 662=0,1,2"
*,2a9481a84954a43e,492,1,13759,Device Type,EEPROM,"Sensor,VCM,EEPROM,EEPROM_EXT1,EEPROM_EXT2,EEPROM_EXT3,EEPROM_EXT4,EEPROM_EXT5,EEPROM_EXT6,EEPROM_EXT7,IO Expander,Flash","  Device Type","sif 662=0,1,2"
  Device 3,,,,,,,,,
*,2a9481a84954a43e,47e,2,137db,I2C Address,0x51,"Step=0x1,Min=0x0,Max=0x7f","I2C Address","sif 662=0,1,2,3"
*,2a9481a84954a43e,493,1,137f8,Device Type,EEPROM_EXT1,"Sensor,VCM,EEPROM,EEPROM_EXT1,EEPROM_EXT2,EEPROM_EXT3,EEPROM_EXT4,EEPROM_EXT5,EEPROM_EXT6,EEPROM_EXT7,IO Expander,Flash","  Device Type","sif 662=0,1,2,3"
  Device 4,,,,,,,,,
*,2a9481a84954a43e,480,2,1387c,I2C Address,0x52,"Step=0x1,Min=0x0,Max=0x7f","I2C Address","sif 662=0,1,2,3,4"
*,2a9481a84954a43e,494,1,13899,Device Type,EEPROM_EXT2,"Sensor,VCM,EEPROM,EEPROM_EXT1,EEPROM_EXT2,EEPROM_EXT3,EEPROM_EXT4,EEPROM_EXT5,EEPROM_EXT6,EEPROM_EXT7,IO Expander,Flash","  Device Type","sif 662=0,1,2,3,4"
  Device 5,,,,,,,,,
*,2a9481a84954a43e,482,2,1391f,I2C Address,0x53,"Step=0x1,Min=0x0,Max=0x7f","I2C Address","sif 662=0,1,2,3,4,5"
*,2a9481a84954a43e,495,1,1393c,Device Type,EEPROM_EXT3,"Sensor,VCM,EEPROM,EEPROM_EXT1,EEPROM_EXT2,EEPROM_EXT3,EEPROM_EXT4,EEPROM_EXT5,EEPROM_EXT6,EEPROM_EXT7,IO Expander,Flash","  Device Type","sif 662=0,1,2,3,4,5"
  Device 6,,,,,,,,,
*,2a9481a84954a43e,484,2,139c4,I2C Address,0x54,"Step=0x1,Min=0x0,Max=0x7f","I2C Address","sif 662=0,1,2,3,4,5,6"
*,2a9481a84954a43e,496,1,139e1,Device Type,EEPROM_EXT4,"Sensor,VCM,EEPROM,EEPROM_EXT1,EEPROM_EXT2,EEPROM_EXT3,EEPROM_EXT4,EEPROM_EXT5,EEPROM_EXT6,EEPROM_EXT7,IO Expander,Flash","  Device Type","sif 662=0,1,2,3,4,5,6"
  Device 7,,,,,,,,,
*,2a9481a84954a43e,486,2,13a6b,I2C Address,0x55,"Step=0x1,Min=0x0,Max=0x7f","I2C Address","sif 662=0,1,2,3,4,5,6,7"
*,2a9481a84954a43e,497,1,13a88,Device Type,EEPROM_EXT5,"Sensor,VCM,EEPROM,EEPROM_EXT1,EEPROM_EXT2,EEPROM_EXT3,EEPROM_EXT4,EEPROM_EXT5,EEPROM_EXT6,EEPROM_EXT7,IO Expander,Flash","  Device Type","sif 662=0,1,2,3,4,5,6,7"
  Device 8,,,,,,,,,
*,2a9481a84954a43e,488,2,13b14,I2C Address,0x56,"Step=0x1,Min=0x0,Max=0x7f","I2C Address","sif 662=0,1,2,3,4,5,6,7,8"
*,2a9481a84954a43e,498,1,13b31,Device Type,EEPROM_EXT6,"Sensor,VCM,EEPROM,EEPROM_EXT1,EEPROM_EXT2,EEPROM_EXT3,EEPROM_EXT4,EEPROM_EXT5,EEPROM_EXT6,EEPROM_EXT7,IO Expander,Flash","  Device Type","sif 662=0,1,2,3,4,5,6,7,8"
  Device 9,,,,,,,,,
*,2a9481a84954a43e,48a,2,13bbf,I2C Address,0x57,"Step=0x1,Min=0x0,Max=0x7f","I2C Address","sif 662=0,1,2,3,4,5,6,7,8,9"
*,2a9481a84954a43e,499,1,13bdc,Device Type,EEPROM_EXT7,"Sensor,VCM,EEPROM,EEPROM_EXT1,EEPROM_EXT2,EEPROM_EXT3,EEPROM_EXT4,EEPROM_EXT5,EEPROM_EXT6,EEPROM_EXT7,IO Expander,Flash","  Device Type","sif 662=0,1,2,3,4,5,6,7,8,9"
  Device 10,,,,,,,,,
*,2a9481a84954a43e,48c,2,13c6c,I2C Address,0x58,"Step=0x1,Min=0x0,Max=0x7f","I2C Address","sif 662=0,1,2,3,4,5,6,7,8,9,10"
*,2a9481a84954a43e,49a,1,13c89,Device Type,IO Expander,"Sensor,VCM,EEPROM,EEPROM_EXT1,EEPROM_EXT2,EEPROM_EXT3,EEPROM_EXT4,EEPROM_EXT5,EEPROM_EXT6,EEPROM_EXT7,IO Expander,Flash","  Device Type","sif 662=0,1,2,3,4,5,6,7,8,9,10"
  Device 11,,,,,,,,,
*,2a9481a84954a43e,48e,2,13d1b,I2C Address,0x59,"Step=0x1,Min=0x0,Max=0x7f","I2C Address","sif 662=0,1,2,3,4,5,6,7,8,9,10,11"
*,2a9481a84954a43e,49b,1,13d38,Device Type,Flash,"Sensor,VCM,EEPROM,EEPROM_EXT1,EEPROM_EXT2,EEPROM_EXT3,EEPROM_EXT4,EEPROM_EXT5,EEPROM_EXT6,EEPROM_EXT7,IO Expander,Flash","  Device Type","sif 662=0,1,2,3,4,5,6,7,8,9,10,11"
,2a9481a84954a43e,4b3,1,13da1,Flash Driver Selection,Disabled,"Disabled,External,Internal PMIC","Select the Flash Driver as External or Internal PMIC ",""
*,2a9481a84954a43e,aed,1,13dd5,Flash Driver Selection,Flash1,"Flash1,Flash2,Flash3,Flash4,Flash5,Flash6","Select the Flash Driver as External or Internal PMIC ","sif 67c=1 !"
Form 147 (Control Logic options),,,,,,,,,
Control Logic options,,,,,,,,,
,2a9481a84954a43e,5e,1,13e25,Control Logic Type,Discrete,"Discrete,PMIC_TPS68470,PMIC_UP6641,PMIC_USER0,PMIC_USER1","Control Logic Type",""
,2a9481a84954a43e,5f,1,13e5b,CRD Version,CRD-D,"PTC,CRD-G,Kilshon-PPV,CRD-D,CRD-G2","CRD Version",""
,2a9481a84954a43e,60,4,13e91,Input Clock,19.2 MHz,"24 MHz,26 MHz,20 MHz,19.2 MHz","Input Clock",""
,2a9481a84954a43e,64,1,13ed5,PCH Clock Source,IMGCLKOUT_0,"IMGCLKOUT_0,IMGCLKOUT_1,IMGCLKOUT_2,IMGCLKOUT_3,IMGCLKOUT_4","This option specifies which IMGCLKOUT is chosen",""
*,2a9481a84954a43e,69,1,13f1b,PMIC Flash Panel,Back,"Front,Back","PMIC Flash Panel","sif 67f=48,80 !"
*,2a9481a84954a43e,66,1,13f46,I2C Channel,I2C3,"I2C0,I2C1,I2C2,I2C3,I2C4,I2C5,I2C6,I2C7","I2C Channel","sif 67e=1"
*,2a9481a84954a43e,67,2,13f91,I2C Address,0x4d,"Step=0x1,Min=0x0,Max=0x7f","I2C Address","sif 67e=1"
*,2a9481a84954a43e,6f,1,13fbe,WLED1 Type,White Led,"Disabled,White Led,Warm Led,IR Led,Xeon Led","WLED Type","sif 67e=1;sif 67e=2,3 !"
*,2a9481a84954a43e,6a,1,13ff4,WLED1 Flash Max Current,0x0,"Step=0x1,Min=0x0,Max=0x1f","WLED Flash Max Current
Valid range is 0x00-0x1F
0x00 for HW default max current","sif 67e=1;sif 67e=2,3 !"
*,2a9481a84954a43e,6b,1,1400d,WLED1 Torch Max Current,0x0,"Step=0x1,Min=0x0,Max=0x7","WLED Torch Max Current
Valid range is 0x00-0x07
0x00 for HW default max current","sif 67e=1;sif 67e=2,3 !"
*,2a9481a84954a43e,70,1,14026,WLED2 Type,IR Led,"Disabled,White Led,Warm Led,IR Led,Xeon Led","WLED Type","sif 67e=1;sif 67e=2,3 !"
*,2a9481a84954a43e,6c,1,1405c,WLED2 Flash Max Current,0x0,"Step=0x1,Min=0x0,Max=0x1f","WLED Flash Max Current
Valid range is 0x00-0x1F
0x00 for HW default max current","sif 67e=1;sif 67e=2,3 !"
*,2a9481a84954a43e,6d,1,14075,WLED2 Torch Max Current,0x0,"Step=0x1,Min=0x0,Max=0x7","WLED Torch Max Current
Valid range is 0x00-0x07
0x00 for HW default max current","sif 67e=1;sif 67e=2,3 !"
*,2a9481a84954a43e,6e,1,1408e,SubPlatformId,0x0,"Step=0x1,Min=0x0,Max=0xf","SubPlatformId","sif 67e=1;sif 67e=2,3 !"
*,2a9481a84954a43e,65,1,140b7,Number of GPIO Pins,0,"Step=1,Min=0,Max=6","Number of GPIO Pins","sif 67e=253,254"
GPIO 0,,,,,,,,,
*,2a9481a84954a43e,71,1,140e1,Group Pad Number,5,"Step=1,Min=0,Max=23","  Group Pad Number","sif 67e=253,254;sif 68c=0"
*,2a9481a84954a43e,77,1,140fa,Group Number,R,"A,B,C,E,F,H,S,T,U,D,R","  Group Number","sif 67e=253,254;sif 68c=0"
*,2a9481a84954a43e,7d,1,1415a,Function,Reset,"Reset,Power_En,Clock_En,pLED_En,Strobe_En,Handshake_En","  Function","sif 67e=253,254;sif 68c=0"
*,2a9481a84954a43e,83,1,14197,Active Value,1,"Step=1,Min=0,Max=1","  Active Value","sif 67e=253,254;sif 68c=0"
*,2a9481a84954a43e,89,1,141b0,Initial Value,0,"Step=1,Min=0,Max=1","  Initial Value","sif 67e=253,254;sif 68c=0"
GPIO 1,,,,,,,,,
*,2a9481a84954a43e,72,1,141e0,Group Pad Number,11,"Step=1,Min=0,Max=23","  Group Pad Number","sif 67e=253,254;sif 68c=0,1"
*,2a9481a84954a43e,78,1,141f9,Group Number,D,"A,B,C,D,E,F,H,R,S,T,U","  Group Number","sif 67e=253,254;sif 68c=0,1"
*,2a9481a84954a43e,7e,1,14259,Function,Reset,"Reset,Power_En,Clock_En,pLED_En,Strobe_En,Handshake_En","  Function","sif 67e=253,254;sif 68c=0,1"
*,2a9481a84954a43e,84,1,14296,Active Value,1,"Step=1,Min=0,Max=1","  Active Value","sif 67e=253,254;sif 68c=0,1"
*,2a9481a84954a43e,8a,1,142af,Initial Value,0,"Step=1,Min=0,Max=1","  Initial Value","sif 67e=253,254;sif 68c=0,1"
GPIO 2,,,,,,,,,
*,2a9481a84954a43e,73,1,142e1,Group Pad Number,11,"Step=1,Min=0,Max=23","  Group Pad Number","sif 67e=253,254;sif 68c=0,1,2"
*,2a9481a84954a43e,79,1,142fa,Group Number,D,"A,B,C,D,E,F,H,R,S,T,U","  Group Number","sif 67e=253,254;sif 68c=0,1,2"
*,2a9481a84954a43e,7f,1,1435a,Function,Clock_En,"Reset,Power_En,Clock_En,pLED_En,Strobe_En,Handshake_En","  Function","sif 67e=253,254;sif 68c=0,1,2"
*,2a9481a84954a43e,85,1,14397,Active Value,1,"Step=1,Min=0,Max=1","  Active Value","sif 67e=253,254;sif 68c=0,1,2"
*,2a9481a84954a43e,8b,1,143b0,Initial Value,0,"Step=1,Min=0,Max=1","  Initial Value","sif 67e=253,254;sif 68c=0,1,2"
GPIO 3,,,,,,,,,
*,2a9481a84954a43e,74,1,143e4,Group Pad Number,11,"Step=1,Min=0,Max=23","  Group Pad Number","sif 67e=253,254;sif 68c=0,1,2,3"
*,2a9481a84954a43e,7a,1,143fd,Group Number,D,"A,B,C,D,E,F,H,R,S,T,U","  Group Number","sif 67e=253,254;sif 68c=0,1,2,3"
*,2a9481a84954a43e,80,1,1445d,Function,Reset,"Reset,Power_En,Clock_En,pLED_En,Strobe_En,Handshake_En","  Function","sif 67e=253,254;sif 68c=0,1,2,3"
*,2a9481a84954a43e,86,1,1449a,Active Value,1,"Step=1,Min=0,Max=1","  Active Value","sif 67e=253,254;sif 68c=0,1,2,3"
*,2a9481a84954a43e,8c,1,144b3,Initial Value,0,"Step=1,Min=0,Max=1","  Initial Value","sif 67e=253,254;sif 68c=0,1,2,3"
GPIO 4,,,,,,,,,
*,2a9481a84954a43e,75,1,144e9,Group Pad Number,11,"Step=1,Min=0,Max=23","  Group Pad Number","sif 67e=253,254;sif 68c=0,1,2,3,4"
*,2a9481a84954a43e,7b,1,14502,Group Number,D,"A,B,C,D,E,F,H,R,S,T,U","  Group Number","sif 67e=253,254;sif 68c=0,1,2,3,4"
*,2a9481a84954a43e,81,1,14562,Function,Reset,"Reset,Power_En,Clock_En,pLED_En,Strobe_En,Handshake_En","  Function","sif 67e=253,254;sif 68c=0,1,2,3,4"
*,2a9481a84954a43e,87,1,1459f,Active Value,1,"Step=1,Min=0,Max=1","  Active Value","sif 67e=253,254;sif 68c=0,1,2,3,4"
*,2a9481a84954a43e,8d,1,145b8,Initial Value,0,"Step=1,Min=0,Max=1","  Initial Value","sif 67e=253,254;sif 68c=0,1,2,3,4"
GPIO 5,,,,,,,,,
*,2a9481a84954a43e,76,1,145f0,Group Pad Number,11,"Step=1,Min=0,Max=23","  Group Pad Number","sif 67e=253,254;sif 68c=0,1,2,3,4,5"
*,2a9481a84954a43e,7c,1,14609,Group Number,D,"A,B,C,D,E,F,H,R,S,T,U","  Group Number","sif 67e=253,254;sif 68c=0,1,2,3,4,5"
*,2a9481a84954a43e,82,1,14669,Function,Reset,"Reset,Power_En,Clock_En,pLED_En,Strobe_En,Handshake_En","  Function","sif 67e=253,254;sif 68c=0,1,2,3,4,5"
*,2a9481a84954a43e,88,1,146a6,Active Value,1,"Step=1,Min=0,Max=1","  Active Value","sif 67e=253,254;sif 68c=0,1,2,3,4,5"
*,2a9481a84954a43e,8e,1,146bf,Initial Value,0,"Step=1,Min=0,Max=1","  Initial Value","sif 67e=253,254;sif 68c=0,1,2,3,4,5"
Form 148 (Control Logic options),,,,,,,,,
Control Logic options,,,,,,,,,
,2a9481a84954a43e,8f,1,146ed,Control Logic Type,Discrete,"Discrete,PMIC_TPS68470,PMIC_UP6641,PMIC_USER0,PMIC_USER1","Control Logic Type",""
,2a9481a84954a43e,90,1,14723,CRD Version,CRD-D,"PTC,CRD-D,CRD-G,Kilshon-PPV,CRD-G2","CRD Version",""
,2a9481a84954a43e,91,4,14759,Input Clock,19.2 MHz,"24 MHz,26 MHz,20 MHz,19.2 MHz","Input Clock",""
,2a9481a84954a43e,95,1,1479d,PCH Clock Source,IMGCLKOUT_1,"IMGCLKOUT_0,IMGCLKOUT_1,IMGCLKOUT_2,IMGCLKOUT_3,IMGCLKOUT_4","This option specifies which IMGCLKOUT is chosen",""
*,2a9481a84954a43e,9a,1,147e3,PMIC Flash Panel,Back,"Front,Back","PMIC Flash Panel","sif 6ac=48,80 !"
*,2a9481a84954a43e,97,1,1480e,I2C Channel,I2C3,"I2C0,I2C1,I2C2,I2C3,I2C4,I2C5,I2C6,I2C7","I2C Channel","sif 6ab=1"
*,2a9481a84954a43e,98,2,14859,I2C Address,0x49,"Step=0x1,Min=0x0,Max=0x7f","I2C Address","sif 6ab=1"
*,2a9481a84954a43e,a0,1,14886,WLED1 Type,Disabled,"Disabled,White Led,Warm Led,IR Led,Xeon Led","WLED Type","sif 6ab=1;sif 6ab=2,3 !"
*,2a9481a84954a43e,9b,1,148bc,WLED1 Flash Max Current,0x0,"Step=0x1,Min=0x0,Max=0x1f","WLED Flash Max Current
Valid range is 0x00-0x1F
0x00 for HW default max current","sif 6ab=1;sif 6ab=2,3 !"
*,2a9481a84954a43e,9c,1,148d5,WLED1 Torch Max Current,0x0,"Step=0x1,Min=0x0,Max=0x7","WLED Torch Max Current
Valid range is 0x00-0x07
0x00 for HW default max current","sif 6ab=1;sif 6ab=2,3 !"
*,2a9481a84954a43e,a1,1,148ee,WLED2 Type,Disabled,"Disabled,White Led,Warm Led,IR Led,Xeon Led","WLED Type","sif 6ab=1;sif 6ab=2,3 !"
*,2a9481a84954a43e,9d,1,14924,WLED2 Flash Max Current,0x0,"Step=0x1,Min=0x0,Max=0x1f","WLED Flash Max Current
Valid range is 0x00-0x1F
0x00 for HW default max current","sif 6ab=1;sif 6ab=2,3 !"
*,2a9481a84954a43e,9e,1,1493d,WLED2 Torch Max Current,0x0,"Step=0x1,Min=0x0,Max=0x7","WLED Torch Max Current
Valid range is 0x00-0x07
0x00 for HW default max current","sif 6ab=1;sif 6ab=2,3 !"
*,2a9481a84954a43e,9f,1,14956,SubPlatformId,0x0,"Step=0x1,Min=0x0,Max=0xf","SubPlatformId","sif 6ab=1;sif 6ab=2,3 !"
*,2a9481a84954a43e,96,1,1497f,Number of GPIO Pins,2,"Step=1,Min=0,Max=6","Number of GPIO Pins","sif 6ab=253,254"
GPIO 0,,,,,,,,,
*,2a9481a84954a43e,a2,1,149a9,Group Pad Number,15,"Step=1,Min=0,Max=23","  Group Pad Number","sif 6ab=253,254;sif 6b9=0"
*,2a9481a84954a43e,a8,1,149c2,Group Number,E,"A,B,C,D,F,R,S,T,U,E,H","  Group Number","sif 6ab=253,254;sif 6b9=0"
*,2a9481a84954a43e,ae,1,14a22,Function,Reset,"Reset,Power_En,Clock_En,pLED_En,Strobe_En,Handshake_En","  Function","sif 6ab=253,254;sif 6b9=0"
*,2a9481a84954a43e,b4,1,14a5f,Active Value,1,"Step=1,Min=0,Max=1","  Active Value","sif 6ab=253,254;sif 6b9=0"
*,2a9481a84954a43e,ba,1,14a78,Initial Value,0,"Step=1,Min=0,Max=1","  Initial Value","sif 6ab=253,254;sif 6b9=0"
GPIO 1,,,,,,,,,
*,2a9481a84954a43e,a3,1,14aa8,Group Pad Number,16,"Step=1,Min=0,Max=23","  Group Pad Number","sif 6ab=253,254;sif 6b9=0,1"
*,2a9481a84954a43e,a9,1,14ac1,Group Number,E,"A,B,C,D,F,R,S,T,U,E,H","  Group Number","sif 6ab=253,254;sif 6b9=0,1"
*,2a9481a84954a43e,af,1,14b21,Function,Power_En,"Reset,Power_En,Clock_En,pLED_En,Strobe_En,Handshake_En","  Function","sif 6ab=253,254;sif 6b9=0,1"
*,2a9481a84954a43e,b5,1,14b5e,Active Value,1,"Step=1,Min=0,Max=1","  Active Value","sif 6ab=253,254;sif 6b9=0,1"
*,2a9481a84954a43e,bb,1,14b77,Initial Value,0,"Step=1,Min=0,Max=1","  Initial Value","sif 6ab=253,254;sif 6b9=0,1"
GPIO 2,,,,,,,,,
*,2a9481a84954a43e,a4,1,14ba9,Group Pad Number,11,"Step=1,Min=0,Max=23","  Group Pad Number","sif 6ab=253,254;sif 6b9=0,1,2"
*,2a9481a84954a43e,aa,1,14bc2,Group Number,D,"A,B,C,D,E,F,H,R,S,T,U","  Group Number","sif 6ab=253,254;sif 6b9=0,1,2"
*,2a9481a84954a43e,b0,1,14c22,Function,Reset,"Reset,Power_En,Clock_En,pLED_En,Strobe_En,Handshake_En","  Function","sif 6ab=253,254;sif 6b9=0,1,2"
*,2a9481a84954a43e,b6,1,14c5f,Active Value,1,"Step=1,Min=0,Max=1","  Active Value","sif 6ab=253,254;sif 6b9=0,1,2"
*,2a9481a84954a43e,bc,1,14c78,Initial Value,0,"Step=1,Min=0,Max=1","  Initial Value","sif 6ab=253,254;sif 6b9=0,1,2"
GPIO 3,,,,,,,,,
*,2a9481a84954a43e,a5,1,14cac,Group Pad Number,11,"Step=1,Min=0,Max=23","  Group Pad Number","sif 6ab=253,254;sif 6b9=0,1,2,3"
*,2a9481a84954a43e,ab,1,14cc5,Group Number,D,"A,B,C,D,E,F,H,R,S,T,U","  Group Number","sif 6ab=253,254;sif 6b9=0,1,2,3"
*,2a9481a84954a43e,b1,1,14d25,Function,Reset,"Reset,Power_En,Clock_En,pLED_En,Strobe_En,Handshake_En","  Function","sif 6ab=253,254;sif 6b9=0,1,2,3"
*,2a9481a84954a43e,b7,1,14d62,Active Value,1,"Step=1,Min=0,Max=1","  Active Value","sif 6ab=253,254;sif 6b9=0,1,2,3"
*,2a9481a84954a43e,bd,1,14d7b,Initial Value,0,"Step=1,Min=0,Max=1","  Initial Value","sif 6ab=253,254;sif 6b9=0,1,2,3"
GPIO 4,,,,,,,,,
*,2a9481a84954a43e,a6,1,14db1,Group Pad Number,11,"Step=1,Min=0,Max=23","  Group Pad Number","sif 6ab=253,254;sif 6b9=0,1,2,3,4"
*,2a9481a84954a43e,ac,1,14dca,Group Number,D,"A,B,C,D,E,F,H,R,S,T,U","  Group Number","sif 6ab=253,254;sif 6b9=0,1,2,3,4"
*,2a9481a84954a43e,b2,1,14e2a,Function,Reset,"Reset,Power_En,Clock_En,pLED_En,Strobe_En,Handshake_En","  Function","sif 6ab=253,254;sif 6b9=0,1,2,3,4"
*,2a9481a84954a43e,b8,1,14e67,Active Value,1,"Step=1,Min=0,Max=1","  Active Value","sif 6ab=253,254;sif 6b9=0,1,2,3,4"
*,2a9481a84954a43e,be,1,14e80,Initial Value,0,"Step=1,Min=0,Max=1","  Initial Value","sif 6ab=253,254;sif 6b9=0,1,2,3,4"
GPIO 5,,,,,,,,,
*,2a9481a84954a43e,a7,1,14eb8,Group Pad Number,11,"Step=1,Min=0,Max=23","  Group Pad Number","sif 6ab=253,254;sif 6b9=0,1,2,3,4,5"
*,2a9481a84954a43e,ad,1,14ed1,Group Number,D,"A,B,C,D,E,F,H,R,S,T,U","  Group Number","sif 6ab=253,254;sif 6b9=0,1,2,3,4,5"
*,2a9481a84954a43e,b3,1,14f31,Function,Reset,"Reset,Power_En,Clock_En,pLED_En,Strobe_En,Handshake_En","  Function","sif 6ab=253,254;sif 6b9=0,1,2,3,4,5"
*,2a9481a84954a43e,b9,1,14f6e,Active Value,1,"Step=1,Min=0,Max=1","  Active Value","sif 6ab=253,254;sif 6b9=0,1,2,3,4,5"
*,2a9481a84954a43e,bf,1,14f87,Initial Value,0,"Step=1,Min=0,Max=1","  Initial Value","sif 6ab=253,254;sif 6b9=0,1,2,3,4,5"
Form 149 (Control Logic options),,,,,,,,,
Control Logic options,,,,,,,,,
,2a9481a84954a43e,c0,1,14fb5,Control Logic Type,PMIC_TPS68470,"Discrete,PMIC_TPS68470,PMIC_UP6641,PMIC_USER0,PMIC_USER1","Control Logic Type",""
,2a9481a84954a43e,c1,1,14feb,CRD Version,CRD-G,"PTC,CRD-D,CRD-G,Kilshon-PPV,CRD-G2","CRD Version",""
,2a9481a84954a43e,c2,4,15021,Input Clock,20 MHz,"20 MHz,24 MHz,26 MHz,19.2 MHz","Input Clock",""
,2a9481a84954a43e,c6,1,15065,PCH Clock Source,IMGCLKOUT_0,"IMGCLKOUT_0,IMGCLKOUT_1,IMGCLKOUT_2,IMGCLKOUT_3,IMGCLKOUT_4","This option specifies which IMGCLKOUT is chosen",""
*,2a9481a84954a43e,cb,1,150ab,PMIC Flash Panel,Back,"Front,Back","PMIC Flash Panel","sif 6d9=48,80 !"
*,2a9481a84954a43e,c8,1,150d6,I2C Channel,I2C3,"I2C0,I2C1,I2C2,I2C3,I2C4,I2C5,I2C6,I2C7","I2C Channel","sif 6d8=1"
*,2a9481a84954a43e,c9,2,15121,I2C Address,0x49,"Step=0x1,Min=0x0,Max=0x7f","I2C Address","sif 6d8=1"
*,2a9481a84954a43e,d1,1,1514e,WLED1 Type,Disabled,"Disabled,White Led,Warm Led,IR Led,Xeon Led","WLED Type","sif 6d8=1;sif 6d8=2,3 !"
*,2a9481a84954a43e,cc,1,15184,WLED1 Flash Max Current,0x0,"Step=0x1,Min=0x0,Max=0x1f","WLED Flash Max Current
Valid range is 0x00-0x1F
0x00 for HW default max current","sif 6d8=1;sif 6d8=2,3 !"
*,2a9481a84954a43e,cd,1,1519d,WLED1 Torch Max Current,0x0,"Step=0x1,Min=0x0,Max=0x7","WLED Torch Max Current
Valid range is 0x00-0x07
0x00 for HW default max current","sif 6d8=1;sif 6d8=2,3 !"
*,2a9481a84954a43e,d2,1,151b6,WLED2 Type,Disabled,"Disabled,White Led,Warm Led,IR Led,Xeon Led","WLED Type","sif 6d8=1;sif 6d8=2,3 !"
*,2a9481a84954a43e,ce,1,151ec,WLED2 Flash Max Current,0x0,"Step=0x1,Min=0x0,Max=0x1f","WLED Flash Max Current
Valid range is 0x00-0x1F
0x00 for HW default max current","sif 6d8=1;sif 6d8=2,3 !"
*,2a9481a84954a43e,cf,1,15205,WLED2 Torch Max Current,0x0,"Step=0x1,Min=0x0,Max=0x7","WLED Torch Max Current
Valid range is 0x00-0x07
0x00 for HW default max current","sif 6d8=1;sif 6d8=2,3 !"
*,2a9481a84954a43e,d0,1,1521e,SubPlatformId,0x0,"Step=0x1,Min=0x0,Max=0xf","SubPlatformId","sif 6d8=1;sif 6d8=2,3 !"
*,2a9481a84954a43e,c7,1,15247,Number of GPIO Pins,2,"Step=1,Min=0,Max=6","Number of GPIO Pins","sif 6d8=253,254"
GPIO 0,,,,,,,,,
*,2a9481a84954a43e,d3,1,15271,Group Pad Number,22,"Step=1,Min=0,Max=23","  Group Pad Number","sif 6d8=253,254;sif 6e6=0"
*,2a9481a84954a43e,d9,1,1528a,Group Number,D,"A,B,C,D,E,F,H,R,S,T,U","  Group Number","sif 6d8=253,254;sif 6e6=0"
*,2a9481a84954a43e,df,1,152ea,Function,Reset,"Reset,Power_En,Clock_En,pLED_En,Strobe_En,Handshake_En","  Function","sif 6d8=253,254;sif 6e6=0"
*,2a9481a84954a43e,e5,1,15327,Active Value,1,"Step=1,Min=0,Max=1","  Active Value","sif 6d8=253,254;sif 6e6=0"
*,2a9481a84954a43e,eb,1,15340,Initial Value,0,"Step=1,Min=0,Max=1","  Initial Value","sif 6d8=253,254;sif 6e6=0"
GPIO 1,,,,,,,,,
*,2a9481a84954a43e,d4,1,15370,Group Pad Number,11,"Step=1,Min=0,Max=23","  Group Pad Number","sif 6d8=253,254;sif 6e6=0,1"
*,2a9481a84954a43e,da,1,15389,Group Number,D,"A,B,C,D,E,F,H,R,S,T,U","  Group Number","sif 6d8=253,254;sif 6e6=0,1"
*,2a9481a84954a43e,e0,1,153e9,Function,Reset,"Reset,Power_En,Clock_En,pLED_En,Strobe_En,Handshake_En","  Function","sif 6d8=253,254;sif 6e6=0,1"
*,2a9481a84954a43e,e6,1,15426,Active Value,1,"Step=1,Min=0,Max=1","  Active Value","sif 6d8=253,254;sif 6e6=0,1"
*,2a9481a84954a43e,ec,1,1543f,Initial Value,0,"Step=1,Min=0,Max=1","  Initial Value","sif 6d8=253,254;sif 6e6=0,1"
GPIO 2,,,,,,,,,
*,2a9481a84954a43e,d5,1,15471,Group Pad Number,11,"Step=1,Min=0,Max=23","  Group Pad Number","sif 6d8=253,254;sif 6e6=0,1,2"
*,2a9481a84954a43e,db,1,1548a,Group Number,D,"A,B,C,D,E,F,H,R,S,T,U","  Group Number","sif 6d8=253,254;sif 6e6=0,1,2"
*,2a9481a84954a43e,e1,1,154ea,Function,Reset,"Reset,Power_En,Clock_En,pLED_En,Strobe_En,Handshake_En","  Function","sif 6d8=253,254;sif 6e6=0,1,2"
*,2a9481a84954a43e,e7,1,15527,Active Value,1,"Step=1,Min=0,Max=1","  Active Value","sif 6d8=253,254;sif 6e6=0,1,2"
*,2a9481a84954a43e,ed,1,15540,Initial Value,0,"Step=1,Min=0,Max=1","  Initial Value","sif 6d8=253,254;sif 6e6=0,1,2"
GPIO 3,,,,,,,,,
*,2a9481a84954a43e,d6,1,15574,Group Pad Number,11,"Step=1,Min=0,Max=23","  Group Pad Number","sif 6d8=253,254;sif 6e6=0,1,2,3"
*,2a9481a84954a43e,dc,1,1558d,Group Number,D,"A,B,C,D,E,F,H,R,S,T,U","  Group Number","sif 6d8=253,254;sif 6e6=0,1,2,3"
*,2a9481a84954a43e,e2,1,155ed,Function,Reset,"Reset,Power_En,Clock_En,pLED_En,Strobe_En,Handshake_En","  Function","sif 6d8=253,254;sif 6e6=0,1,2,3"
*,2a9481a84954a43e,e8,1,1562a,Active Value,1,"Step=1,Min=0,Max=1","  Active Value","sif 6d8=253,254;sif 6e6=0,1,2,3"
*,2a9481a84954a43e,ee,1,15643,Initial Value,0,"Step=1,Min=0,Max=1","  Initial Value","sif 6d8=253,254;sif 6e6=0,1,2,3"
GPIO 4,,,,,,,,,
*,2a9481a84954a43e,d7,1,15679,Group Pad Number,11,"Step=1,Min=0,Max=23","  Group Pad Number","sif 6d8=253,254;sif 6b9=0,1,2,3,4"
*,2a9481a84954a43e,dd,1,15692,Group Number,D,"A,B,C,D,E,F,H,R,S,T,U","  Group Number","sif 6d8=253,254;sif 6b9=0,1,2,3,4"
*,2a9481a84954a43e,e3,1,156f2,Function,Reset,"Reset,Power_En,Clock_En,pLED_En,Strobe_En,Handshake_En","  Function","sif 6d8=253,254;sif 6b9=0,1,2,3,4"
*,2a9481a84954a43e,e9,1,1572f,Active Value,1,"Step=1,Min=0,Max=1","  Active Value","sif 6d8=253,254;sif 6b9=0,1,2,3,4"
*,2a9481a84954a43e,ef,1,15748,Initial Value,0,"Step=1,Min=0,Max=1","  Initial Value","sif 6d8=253,254;sif 6b9=0,1,2,3,4"
GPIO 5,,,,,,,,,
*,2a9481a84954a43e,d8,1,15780,Group Pad Number,11,"Step=1,Min=0,Max=23","  Group Pad Number","sif 6d8=253,254;sif 6b9=0,1,2,3,4,5"
*,2a9481a84954a43e,de,1,15799,Group Number,D,"A,B,C,D,E,F,H,R,S,T,U","  Group Number","sif 6d8=253,254;sif 6b9=0,1,2,3,4,5"
*,2a9481a84954a43e,e4,1,157f9,Function,Reset,"Reset,Power_En,Clock_En,pLED_En,Strobe_En,Handshake_En","  Function","sif 6d8=253,254;sif 6b9=0,1,2,3,4,5"
*,2a9481a84954a43e,ea,1,15836,Active Value,1,"Step=1,Min=0,Max=1","  Active Value","sif 6d8=253,254;sif 6b9=0,1,2,3,4,5"
*,2a9481a84954a43e,f0,1,1584f,Initial Value,0,"Step=1,Min=0,Max=1","  Initial Value","sif 6d8=253,254;sif 6b9=0,1,2,3,4,5"
Form 150 (Control Logic options),,,,,,,,,
Control Logic options,,,,,,,,,
,2a9481a84954a43e,f1,1,1587d,Control Logic Type,PMIC_TPS68470,"Discrete,PMIC_TPS68470,PMIC_UP6641,PMIC_USER0,PMIC_USER1","Control Logic Type",""
,2a9481a84954a43e,f2,1,158b3,CRD Version,CRD-G,"PTC,CRD-D,CRD-G,Kilshon-PPV,CRD-G2","CRD Version",""
,2a9481a84954a43e,f3,4,158e9,Input Clock,20 MHz,"20 MHz,24 MHz,26 MHz,19.2 MHz","Input Clock",""
,2a9481a84954a43e,f7,1,1592d,PCH Clock Source,IMGCLKOUT_0,"IMGCLKOUT_0,IMGCLKOUT_1,IMGCLKOUT_2,IMGCLKOUT_3,IMGCLKOUT_4","This option specifies which IMGCLKOUT is chosen",""
*,2a9481a84954a43e,fc,1,15973,PMIC Flash Panel,Back,"Front,Back","PMIC Flash Panel","sif 706=48,80 !"
*,2a9481a84954a43e,f9,1,1599e,I2C Channel,I2C3,"I2C0,I2C1,I2C2,I2C3,I2C4,I2C5,I2C6,I2C7","I2C Channel","sif 705=1"
*,2a9481a84954a43e,fa,2,159e9,I2C Address,0x49,"Step=0x1,Min=0x0,Max=0x7f","I2C Address","sif 705=1"
*,2a9481a84954a43e,102,1,15a16,WLED1 Type,Disabled,"Disabled,White Led,Warm Led,IR Led,Xeon Led","WLED Type","sif 705=1;sif 705=2,3 !"
*,2a9481a84954a43e,fd,1,15a4c,WLED1 Flash Max Current,0x0,"Step=0x1,Min=0x0,Max=0x1f","WLED Flash Max Current
Valid range is 0x00-0x1F
0x00 for HW default max current","sif 705=1;sif 705=2,3 !"
*,2a9481a84954a43e,fe,1,15a65,WLED1 Torch Max Current,0x0,"Step=0x1,Min=0x0,Max=0x7","WLED Torch Max Current
Valid range is 0x00-0x07
0x00 for HW default max current","sif 705=1;sif 705=2,3 !"
*,2a9481a84954a43e,103,1,15a7e,WLED2 Type,Disabled,"Disabled,White Led,Warm Led,IR Led,Xeon Led","WLED Type","sif 705=1;sif 705=2,3 !"
*,2a9481a84954a43e,ff,1,15ab4,WLED2 Flash Max Current,0x0,"Step=0x1,Min=0x0,Max=0x1f","WLED Flash Max Current
Valid range is 0x00-0x1F
0x00 for HW default max current","sif 705=1;sif 705=2,3 !"
*,2a9481a84954a43e,100,1,15acd,WLED2 Torch Max Current,0x0,"Step=0x1,Min=0x0,Max=0x7","WLED Torch Max Current
Valid range is 0x00-0x07
0x00 for HW default max current","sif 705=1;sif 705=2,3 !"
*,2a9481a84954a43e,101,1,15ae6,SubPlatformId,0x0,"Step=0x1,Min=0x0,Max=0xf","SubPlatformId","sif 705=1;sif 705=2,3 !"
*,2a9481a84954a43e,f8,1,15b0f,Number of GPIO Pins,2,"Step=1,Min=0,Max=6","Number of GPIO Pins","sif 705=253,254"
GPIO 0,,,,,,,,,
*,2a9481a84954a43e,104,1,15b39,Group Pad Number,22,"Step=1,Min=0,Max=23","  Group Pad Number","sif 705=253,254;sif 713=0"
*,2a9481a84954a43e,10a,1,15b52,Group Number,D,"A,B,C,D,E,F,H,R,S,T,U","  Group Number","sif 705=253,254;sif 713=0"
*,2a9481a84954a43e,110,1,15bb2,Function,Reset,"Reset,Power_En,Clock_En,pLED_En,Strobe_En,Handshake_En","  Function","sif 705=253,254;sif 713=0"
*,2a9481a84954a43e,116,1,15bef,Active Value,1,"Step=1,Min=0,Max=1","  Active Value","sif 705=253,254;sif 713=0"
*,2a9481a84954a43e,11c,1,15c08,Initial Value,0,"Step=1,Min=0,Max=1","  Initial Value","sif 705=253,254;sif 713=0"
GPIO 1,,,,,,,,,
*,2a9481a84954a43e,105,1,15c38,Group Pad Number,11,"Step=1,Min=0,Max=23","  Group Pad Number","sif 705=253,254;sif 713=0,1"
*,2a9481a84954a43e,10b,1,15c51,Group Number,D,"A,B,C,D,E,F,H,R,S,T,U","  Group Number","sif 705=253,254;sif 713=0,1"
*,2a9481a84954a43e,111,1,15cb1,Function,Reset,"Reset,Power_En,Clock_En,pLED_En,Strobe_En,Handshake_En","  Function","sif 705=253,254;sif 713=0,1"
*,2a9481a84954a43e,117,1,15cee,Active Value,1,"Step=1,Min=0,Max=1","  Active Value","sif 705=253,254;sif 713=0,1"
*,2a9481a84954a43e,11d,1,15d07,Initial Value,0,"Step=1,Min=0,Max=1","  Initial Value","sif 705=253,254;sif 713=0,1"
GPIO 2,,,,,,,,,
*,2a9481a84954a43e,106,1,15d39,Group Pad Number,11,"Step=1,Min=0,Max=23","  Group Pad Number","sif 705=253,254;sif 713=0,1,2"
*,2a9481a84954a43e,10c,1,15d52,Group Number,D,"A,B,C,D,E,F,H,R,S,T,U","  Group Number","sif 705=253,254;sif 713=0,1,2"
*,2a9481a84954a43e,112,1,15db2,Function,Reset,"Reset,Power_En,Clock_En,pLED_En,Strobe_En,Handshake_En","  Function","sif 705=253,254;sif 713=0,1,2"
*,2a9481a84954a43e,118,1,15def,Active Value,1,"Step=1,Min=0,Max=1","  Active Value","sif 705=253,254;sif 713=0,1,2"
*,2a9481a84954a43e,11e,1,15e08,Initial Value,0,"Step=1,Min=0,Max=1","  Initial Value","sif 705=253,254;sif 713=0,1,2"
GPIO 3,,,,,,,,,
*,2a9481a84954a43e,107,1,15e3c,Group Pad Number,11,"Step=1,Min=0,Max=23","  Group Pad Number","sif 705=253,254;sif 713=0,1,2,3"
*,2a9481a84954a43e,10d,1,15e55,Group Number,D,"A,B,C,D,E,F,H,R,S,T,U","  Group Number","sif 705=253,254;sif 713=0,1,2,3"
*,2a9481a84954a43e,113,1,15eb5,Function,Reset,"Reset,Power_En,Clock_En,pLED_En,Strobe_En,Handshake_En","  Function","sif 705=253,254;sif 713=0,1,2,3"
*,2a9481a84954a43e,119,1,15ef2,Active Value,1,"Step=1,Min=0,Max=1","  Active Value","sif 705=253,254;sif 713=0,1,2,3"
*,2a9481a84954a43e,11f,1,15f0b,Initial Value,0,"Step=1,Min=0,Max=1","  Initial Value","sif 705=253,254;sif 713=0,1,2,3"
GPIO 4,,,,,,,,,
*,2a9481a84954a43e,108,1,15f41,Group Pad Number,11,"Step=1,Min=0,Max=23","  Group Pad Number","sif 705=253,254;sif 6b9=0,1,2,3,4"
*,2a9481a84954a43e,10e,1,15f5a,Group Number,D,"A,B,C,D,E,F,H,R,S,T,U","  Group Number","sif 705=253,254;sif 6b9=0,1,2,3,4"
*,2a9481a84954a43e,114,1,15fba,Function,Reset,"Reset,Power_En,Clock_En,pLED_En,Strobe_En,Handshake_En","  Function","sif 705=253,254;sif 6b9=0,1,2,3,4"
*,2a9481a84954a43e,11a,1,15ff7,Active Value,1,"Step=1,Min=0,Max=1","  Active Value","sif 705=253,254;sif 6b9=0,1,2,3,4"
*,2a9481a84954a43e,120,1,16010,Initial Value,0,"Step=1,Min=0,Max=1","  Initial Value","sif 705=253,254;sif 6b9=0,1,2,3,4"
GPIO 5,,,,,,,,,
*,2a9481a84954a43e,109,1,16048,Group Pad Number,11,"Step=1,Min=0,Max=23","  Group Pad Number","sif 705=253,254;sif 6b9=0,1,2,3,4,5"
*,2a9481a84954a43e,10f,1,16061,Group Number,D,"A,B,C,D,E,F,H,R,S,T,U","  Group Number","sif 705=253,254;sif 6b9=0,1,2,3,4,5"
*,2a9481a84954a43e,115,1,160c1,Function,Reset,"Reset,Power_En,Clock_En,pLED_En,Strobe_En,Handshake_En","  Function","sif 705=253,254;sif 6b9=0,1,2,3,4,5"
*,2a9481a84954a43e,11b,1,160fe,Active Value,1,"Step=1,Min=0,Max=1","  Active Value","sif 705=253,254;sif 6b9=0,1,2,3,4,5"
*,2a9481a84954a43e,121,1,16117,Initial Value,0,"Step=1,Min=0,Max=1","  Initial Value","sif 705=253,254;sif 6b9=0,1,2,3,4,5"
Form 151 (Control Logic options),,,,,,,,,
Control Logic options,,,,,,,,,
,2a9481a84954a43e,122,1,16145,Control Logic Type,PMIC_TPS68470,"Discrete,PMIC_TPS68470,PMIC_UP6641,PMIC_USER0,PMIC_USER1","Control Logic Type",""
,2a9481a84954a43e,123,1,1617b,CRD Version,CRD-G,"PTC,CRD-D,CRD-G,Kilshon-PPV,CRD-G2","CRD Version",""
,2a9481a84954a43e,124,4,161b1,Input Clock,20 MHz,"20 MHz,24 MHz,26 MHz,19.2 MHz","Input Clock",""
,2a9481a84954a43e,128,1,161f5,PCH Clock Source,IMGCLKOUT_0,"IMGCLKOUT_0,IMGCLKOUT_1,IMGCLKOUT_2,IMGCLKOUT_3,IMGCLKOUT_4","This option specifies which IMGCLKOUT is chosen",""
*,2a9481a84954a43e,12d,1,1623b,PMIC Flash Panel,Back,"Front,Back","PMIC Flash Panel","sif 733=48,80 !"
*,2a9481a84954a43e,12a,1,16266,I2C Channel,I2C3,"I2C0,I2C1,I2C2,I2C3,I2C4,I2C5,I2C6,I2C7","I2C Channel","sif 732=1"
*,2a9481a84954a43e,12b,2,162b1,I2C Address,0x49,"Step=0x1,Min=0x0,Max=0x7f","I2C Address","sif 732=1"
*,2a9481a84954a43e,133,1,162de,WLED1 Type,Disabled,"Disabled,White Led,Warm Led,IR Led,Xeon Led","WLED Type","sif 732=1;sif 732=2,3 !"
*,2a9481a84954a43e,12e,1,16314,WLED1 Flash Max Current,0x0,"Step=0x1,Min=0x0,Max=0x1f","WLED Flash Max Current
Valid range is 0x00-0x1F
0x00 for HW default max current","sif 732=1;sif 732=2,3 !"
*,2a9481a84954a43e,12f,1,1632d,WLED1 Torch Max Current,0x0,"Step=0x1,Min=0x0,Max=0x7","WLED Torch Max Current
Valid range is 0x00-0x07
0x00 for HW default max current","sif 732=1;sif 732=2,3 !"
*,2a9481a84954a43e,134,1,16346,WLED2 Type,Disabled,"Disabled,White Led,Warm Led,IR Led,Xeon Led","WLED Type","sif 732=1;sif 732=2,3 !"
*,2a9481a84954a43e,130,1,1637c,WLED2 Flash Max Current,0x0,"Step=0x1,Min=0x0,Max=0x1f","WLED Flash Max Current
Valid range is 0x00-0x1F
0x00 for HW default max current","sif 732=1;sif 732=2,3 !"
*,2a9481a84954a43e,131,1,16395,WLED2 Torch Max Current,0x0,"Step=0x1,Min=0x0,Max=0x7","WLED Torch Max Current
Valid range is 0x00-0x07
0x00 for HW default max current","sif 732=1;sif 732=2,3 !"
*,2a9481a84954a43e,132,1,163ae,SubPlatformId,0x0,"Step=0x1,Min=0x0,Max=0xf","SubPlatformId","sif 732=1;sif 732=2,3 !"
*,2a9481a84954a43e,129,1,163d7,Number of GPIO Pins,2,"Step=1,Min=0,Max=6","Number of GPIO Pins","sif 732=253,254"
GPIO 0,,,,,,,,,
*,2a9481a84954a43e,135,1,16401,Group Pad Number,22,"Step=1,Min=0,Max=23","  Group Pad Number","sif 732=253,254;sif 740=0"
*,2a9481a84954a43e,13b,1,1641a,Group Number,D,"A,B,C,D,E,F,H,R,S,T,U","  Group Number","sif 732=253,254;sif 740=0"
*,2a9481a84954a43e,141,1,1647a,Function,Reset,"Reset,Power_En,Clock_En,pLED_En,Strobe_En,Handshake_En","  Function","sif 732=253,254;sif 740=0"
*,2a9481a84954a43e,147,1,164b7,Active Value,1,"Step=1,Min=0,Max=1","  Active Value","sif 732=253,254;sif 740=0"
*,2a9481a84954a43e,14d,1,164d0,Initial Value,0,"Step=1,Min=0,Max=1","  Initial Value","sif 732=253,254;sif 740=0"
GPIO 1,,,,,,,,,
*,2a9481a84954a43e,136,1,16500,Group Pad Number,11,"Step=1,Min=0,Max=23","  Group Pad Number","sif 732=253,254;sif 740=0,1"
*,2a9481a84954a43e,13c,1,16519,Group Number,D,"A,B,C,D,E,F,H,R,S,T,U","  Group Number","sif 732=253,254;sif 740=0,1"
*,2a9481a84954a43e,142,1,16579,Function,Reset,"Reset,Power_En,Clock_En,pLED_En,Strobe_En,Handshake_En","  Function","sif 732=253,254;sif 740=0,1"
*,2a9481a84954a43e,148,1,165b6,Active Value,1,"Step=1,Min=0,Max=1","  Active Value","sif 732=253,254;sif 740=0,1"
*,2a9481a84954a43e,14e,1,165cf,Initial Value,0,"Step=1,Min=0,Max=1","  Initial Value","sif 732=253,254;sif 740=0,1"
GPIO 2,,,,,,,,,
*,2a9481a84954a43e,137,1,16601,Group Pad Number,11,"Step=1,Min=0,Max=23","  Group Pad Number","sif 732=253,254;sif 740=0,1,2"
*,2a9481a84954a43e,13d,1,1661a,Group Number,D,"A,B,C,D,E,F,H,R,S,T,U","  Group Number","sif 732=253,254;sif 740=0,1,2"
*,2a9481a84954a43e,143,1,1667a,Function,Reset,"Reset,Power_En,Clock_En,pLED_En,Strobe_En,Handshake_En","  Function","sif 732=253,254;sif 740=0,1,2"
*,2a9481a84954a43e,149,1,166b7,Active Value,1,"Step=1,Min=0,Max=1","  Active Value","sif 732=253,254;sif 740=0,1,2"
*,2a9481a84954a43e,14f,1,166d0,Initial Value,0,"Step=1,Min=0,Max=1","  Initial Value","sif 732=253,254;sif 740=0,1,2"
GPIO 3,,,,,,,,,
*,2a9481a84954a43e,138,1,16704,Group Pad Number,11,"Step=1,Min=0,Max=23","  Group Pad Number","sif 732=253,254;sif 740=0,1,2,3"
*,2a9481a84954a43e,13e,1,1671d,Group Number,D,"A,B,C,D,E,F,H,R,S,T,U","  Group Number","sif 732=253,254;sif 740=0,1,2,3"
*,2a9481a84954a43e,144,1,1677d,Function,Reset,"Reset,Power_En,Clock_En,pLED_En,Strobe_En,Handshake_En","  Function","sif 732=253,254;sif 740=0,1,2,3"
*,2a9481a84954a43e,14a,1,167ba,Active Value,1,"Step=1,Min=0,Max=1","  Active Value","sif 732=253,254;sif 740=0,1,2,3"
*,2a9481a84954a43e,150,1,167d3,Initial Value,0,"Step=1,Min=0,Max=1","  Initial Value","sif 732=253,254;sif 740=0,1,2,3"
GPIO 4,,,,,,,,,
*,2a9481a84954a43e,139,1,16809,Group Pad Number,11,"Step=1,Min=0,Max=23","  Group Pad Number","sif 732=253,254;sif 740=0,1,2,3,4"
*,2a9481a84954a43e,13f,1,16822,Group Number,D,"A,B,C,D,E,F,H,R,S,T,U","  Group Number","sif 732=253,254;sif 740=0,1,2,3,4"
*,2a9481a84954a43e,145,1,16882,Function,Reset,"Reset,Power_En,Clock_En,pLED_En,Strobe_En,Handshake_En","  Function","sif 732=253,254;sif 740=0,1,2,3,4"
*,2a9481a84954a43e,14b,1,168bf,Active Value,1,"Step=1,Min=0,Max=1","  Active Value","sif 732=253,254;sif 740=0,1,2,3,4"
*,2a9481a84954a43e,151,1,168d8,Initial Value,0,"Step=1,Min=0,Max=1","  Initial Value","sif 732=253,254;sif 740=0,1,2,3,4"
GPIO 5,,,,,,,,,
*,2a9481a84954a43e,13a,1,16910,Group Pad Number,11,"Step=1,Min=0,Max=23","  Group Pad Number","sif 732=253,254;sif 740=0,1,2,3,4,5"
*,2a9481a84954a43e,140,1,16929,Group Number,D,"A,B,C,D,E,F,H,R,S,T,U","  Group Number","sif 732=253,254;sif 740=0,1,2,3,4,5"
*,2a9481a84954a43e,146,1,16989,Function,Reset,"Reset,Power_En,Clock_En,pLED_En,Strobe_En,Handshake_En","  Function","sif 732=253,254;sif 740=0,1,2,3,4,5"
*,2a9481a84954a43e,14c,1,169c6,Active Value,1,"Step=1,Min=0,Max=1","  Active Value","sif 732=253,254;sif 740=0,1,2,3,4,5"
*,2a9481a84954a43e,152,1,169df,Initial Value,0,"Step=1,Min=0,Max=1","  Initial Value","sif 732=253,254;sif 740=0,1,2,3,4,5"
Form 152 (Control Logic options),,,,,,,,,
Control Logic options,,,,,,,,,
,2a9481a84954a43e,153,1,16a0d,Control Logic Type,PMIC_TPS68470,"Discrete,PMIC_TPS68470,PMIC_UP6641,PMIC_USER0,PMIC_USER1","Control Logic Type",""
,2a9481a84954a43e,154,1,16a43,CRD Version,CRD-G,"PTC,CRD-D,CRD-G,Kilshon-PPV,CRD-G2","CRD Version",""
,2a9481a84954a43e,155,4,16a79,Input Clock,20 MHz,"20 MHz,24 MHz,26 MHz,19.2 MHz","Input Clock",""
,2a9481a84954a43e,159,1,16abd,PCH Clock Source,IMGCLKOUT_0,"IMGCLKOUT_0,IMGCLKOUT_1,IMGCLKOUT_2,IMGCLKOUT_3,IMGCLKOUT_4","This option specifies which IMGCLKOUT is chosen",""
*,2a9481a84954a43e,15e,1,16b03,PMIC Flash Panel,Back,"Front,Back","PMIC Flash Panel","sif 760=48,80 !"
*,2a9481a84954a43e,15b,1,16b2e,I2C Channel,I2C3,"I2C0,I2C1,I2C2,I2C3,I2C4,I2C5,I2C6,I2C7","I2C Channel","sif 75f=1"
*,2a9481a84954a43e,15c,2,16b79,I2C Address,0x49,"Step=0x1,Min=0x0,Max=0x7f","I2C Address","sif 75f=1"
*,2a9481a84954a43e,164,1,16ba6,WLED1 Type,Disabled,"Disabled,White Led,Warm Led,IR Led,Xeon Led","WLED Type","sif 75f=1;sif 75f=2,3 !"
*,2a9481a84954a43e,15f,1,16bdc,WLED1 Flash Max Current,0x0,"Step=0x1,Min=0x0,Max=0x1f","WLED Flash Max Current
Valid range is 0x00-0x1F
0x00 for HW default max current","sif 75f=1;sif 75f=2,3 !"
*,2a9481a84954a43e,160,1,16bf5,WLED1 Torch Max Current,0x0,"Step=0x1,Min=0x0,Max=0x7","WLED Torch Max Current
Valid range is 0x00-0x07
0x00 for HW default max current","sif 75f=1;sif 75f=2,3 !"
*,2a9481a84954a43e,165,1,16c0e,WLED2 Type,Disabled,"Disabled,White Led,Warm Led,IR Led,Xeon Led","WLED Type","sif 75f=1;sif 75f=2,3 !"
*,2a9481a84954a43e,161,1,16c44,WLED2 Flash Max Current,0x0,"Step=0x1,Min=0x0,Max=0x1f","WLED Flash Max Current
Valid range is 0x00-0x1F
0x00 for HW default max current","sif 75f=1;sif 75f=2,3 !"
*,2a9481a84954a43e,162,1,16c5d,WLED2 Torch Max Current,0x0,"Step=0x1,Min=0x0,Max=0x7","WLED Torch Max Current
Valid range is 0x00-0x07
0x00 for HW default max current","sif 75f=1;sif 75f=2,3 !"
*,2a9481a84954a43e,163,1,16c76,SubPlatformId,0x0,"Step=0x1,Min=0x0,Max=0xf","SubPlatformId","sif 75f=1;sif 75f=2,3 !"
*,2a9481a84954a43e,15a,1,16c9f,Number of GPIO Pins,2,"Step=1,Min=0,Max=6","Number of GPIO Pins","sif 75f=253,254"
GPIO 0,,,,,,,,,
*,2a9481a84954a43e,166,1,16cc9,Group Pad Number,22,"Step=1,Min=0,Max=23","  Group Pad Number","sif 75f=253,254;sif 76d=0"
*,2a9481a84954a43e,16c,1,16ce2,Group Number,D,"A,B,C,D,E,F,H,R,S,T,U","  Group Number","sif 75f=253,254;sif 76d=0"
*,2a9481a84954a43e,172,1,16d42,Function,Reset,"Reset,Power_En,Clock_En,pLED_En,Strobe_En,Handshake_En","  Function","sif 75f=253,254;sif 76d=0"
*,2a9481a84954a43e,178,1,16d7f,Active Value,1,"Step=1,Min=0,Max=1","  Active Value","sif 75f=253,254;sif 76d=0"
*,2a9481a84954a43e,17e,1,16d98,Initial Value,0,"Step=1,Min=0,Max=1","  Initial Value","sif 75f=253,254;sif 76d=0"
GPIO 1,,,,,,,,,
*,2a9481a84954a43e,167,1,16dc8,Group Pad Number,11,"Step=1,Min=0,Max=23","  Group Pad Number","sif 75f=253,254;sif 76d=0,1"
*,2a9481a84954a43e,16d,1,16de1,Group Number,D,"A,B,C,D,E,F,H,R,S,T,U","  Group Number","sif 75f=253,254;sif 76d=0,1"
*,2a9481a84954a43e,173,1,16e41,Function,Reset,"Reset,Power_En,Clock_En,pLED_En,Strobe_En,Handshake_En","  Function","sif 75f=253,254;sif 76d=0,1"
*,2a9481a84954a43e,179,1,16e7e,Active Value,1,"Step=1,Min=0,Max=1","  Active Value","sif 75f=253,254;sif 76d=0,1"
*,2a9481a84954a43e,17f,1,16e97,Initial Value,0,"Step=1,Min=0,Max=1","  Initial Value","sif 75f=253,254;sif 76d=0,1"
GPIO 2,,,,,,,,,
*,2a9481a84954a43e,168,1,16ec9,Group Pad Number,11,"Step=1,Min=0,Max=23","  Group Pad Number","sif 75f=253,254;sif 76d=0,1,2"
*,2a9481a84954a43e,16e,1,16ee2,Group Number,D,"A,B,C,D,E,F,H,R,S,T,U","  Group Number","sif 75f=253,254;sif 76d=0,1,2"
*,2a9481a84954a43e,174,1,16f42,Function,Reset,"Reset,Power_En,Clock_En,pLED_En,Strobe_En,Handshake_En","  Function","sif 75f=253,254;sif 76d=0,1,2"
*,2a9481a84954a43e,17a,1,16f7f,Active Value,1,"Step=1,Min=0,Max=1","  Active Value","sif 75f=253,254;sif 76d=0,1,2"
*,2a9481a84954a43e,180,1,16f98,Initial Value,0,"Step=1,Min=0,Max=1","  Initial Value","sif 75f=253,254;sif 76d=0,1,2"
GPIO 3,,,,,,,,,
*,2a9481a84954a43e,169,1,16fcc,Group Pad Number,11,"Step=1,Min=0,Max=23","  Group Pad Number","sif 75f=253,254;sif 76d=0,1,2,3"
*,2a9481a84954a43e,16f,1,16fe5,Group Number,D,"A,B,C,D,E,F,H,R,S,T,U","  Group Number","sif 75f=253,254;sif 76d=0,1,2,3"
*,2a9481a84954a43e,175,1,17045,Function,Reset,"Reset,Power_En,Clock_En,pLED_En,Strobe_En,Handshake_En","  Function","sif 75f=253,254;sif 76d=0,1,2,3"
*,2a9481a84954a43e,17b,1,17082,Active Value,1,"Step=1,Min=0,Max=1","  Active Value","sif 75f=253,254;sif 76d=0,1,2,3"
*,2a9481a84954a43e,181,1,1709b,Initial Value,0,"Step=1,Min=0,Max=1","  Initial Value","sif 75f=253,254;sif 76d=0,1,2,3"
GPIO 4,,,,,,,,,
*,2a9481a84954a43e,16a,1,170d1,Group Pad Number,11,"Step=1,Min=0,Max=23","  Group Pad Number","sif 75f=253,254;sif 76d=0,1,2,3,4"
*,2a9481a84954a43e,170,1,170ea,Group Number,D,"A,B,C,D,E,F,H,R,S,T,U","  Group Number","sif 75f=253,254;sif 76d=0,1,2,3,4"
*,2a9481a84954a43e,176,1,1714a,Function,Reset,"Reset,Power_En,Clock_En,pLED_En,Strobe_En,Handshake_En","  Function","sif 75f=253,254;sif 76d=0,1,2,3,4"
*,2a9481a84954a43e,17c,1,17187,Active Value,1,"Step=1,Min=0,Max=1","  Active Value","sif 75f=253,254;sif 76d=0,1,2,3,4"
*,2a9481a84954a43e,182,1,171a0,Initial Value,0,"Step=1,Min=0,Max=1","  Initial Value","sif 75f=253,254;sif 76d=0,1,2,3,4"
GPIO 5,,,,,,,,,
*,2a9481a84954a43e,16b,1,171d8,Group Pad Number,11,"Step=1,Min=0,Max=23","  Group Pad Number","sif 75f=253,254;sif 76d=0,1,2,3,4,5"
*,2a9481a84954a43e,171,1,171f1,Group Number,D,"A,B,C,D,E,F,H,R,S,T,U","  Group Number","sif 75f=253,254;sif 76d=0,1,2,3,4,5"
*,2a9481a84954a43e,177,1,17251,Function,Reset,"Reset,Power_En,Clock_En,pLED_En,Strobe_En,Handshake_En","  Function","sif 75f=253,254;sif 76d=0,1,2,3,4,5"
*,2a9481a84954a43e,17d,1,1728e,Active Value,1,"Step=1,Min=0,Max=1","  Active Value","sif 75f=253,254;sif 76d=0,1,2,3,4,5"
*,2a9481a84954a43e,183,1,172a7,Initial Value,0,"Step=1,Min=0,Max=1","  Initial Value","sif 75f=253,254;sif 76d=0,1,2,3,4,5"
Form 5450 (Flash Options),,,,,,,,,
Flash1,,,,,,,,,
,2a9481a84954a43e,4b4,1,172d5,Flash Model,External - LM3643,"External - LM3643,PMIC - WRC","Flash Model",""
,2a9481a84954a43e,9be,1,172f6,Flash Mode,White Led,"Disabled,White Led,Warm Led,IR Led,Xeon Led","Select Flash Mode White LED/Warm LED/IR LED/Xeon LED",""
,2a9481a84954a43e,4d5,1,17345,I2C Channel,I2C5,"I2C0,I2C1,I2C2,I2C3,I2C4,I2C5,I2C6,I2C7","I2C Channel",""
,2a9481a84954a43e,4d6,2,17390,I2C Address,0x67,"Step=0x1,Min=0x0,Max=0x7f","I2C Address",""
Flash Trigger Gpio,,,,,,,,,
*,2a9481a84954a43e,4d8,1,173c2,Group Pad Number,18,"Step=1,Min=0,Max=88","  Group Pad Number","sif 67e=253,254"
*,2a9481a84954a43e,4d9,2,173db,Group Number,B,"A,C,E,F,H,R,S,T,U,B,D","  Group Number","sif 67e=253,254"
*,2a9481a84954a43e,4db,1,17449,Active Value,1,"Step=1,Min=0,Max=1","  Active Value","sif 67e=253,254"
*,2a9481a84954a43e,4dc,1,17462,Initial Value,0,"Step=1,Min=0,Max=1","  Initial Value","sif 67e=253,254"
*,2a9481a84954a43e,4dd,1,17489,Flash Driver Operating Mode,Don't flash or light up,"Don't flash or light up,Light with ITORCH current continuously,Flash with IFLASH current when TRIGGERed","Select the Flash Driver Operating Mode as Disabled , Torch or Flash","sif 596=0,1"
Form 5451 (Flash Options),,,,,,,,,
Flash2,,,,,,,,,
,2a9481a84954a43e,4de,1,174c4,Flash Model,External - LM3643,"External - LM3643,PMIC - WRC","Flash Model",""
,2a9481a84954a43e,9bf,1,174e5,Flash Mode,White Led,"Disabled,White Led,Warm Led,IR Led,Xeon Led","Select Flash Mode White LED/Warm LED/IR LED/Xeon LED",""
,2a9481a84954a43e,4ff,1,17534,I2C Channel,I2C1,"I2C0,I2C1,I2C2,I2C3,I2C4,I2C5,I2C6,I2C7","I2C Channel",""
,2a9481a84954a43e,500,2,1757f,I2C Address,0x63,"Step=0x1,Min=0x0,Max=0x7f","I2C Address",""
Flash Trigger Gpio,,,,,,,,,
*,2a9481a84954a43e,502,1,175b1,Group Pad Number,18,"Step=1,Min=0,Max=88","  Group Pad Number","sif 6ab=253,254"
*,2a9481a84954a43e,503,2,175ca,Group Number,B,"A,C,B,D,E,F,H,R,S,T,U","  Group Number","sif 6ab=253,254"
*,2a9481a84954a43e,505,1,17638,Active Value,1,"Step=1,Min=0,Max=1","  Active Value","sif 6ab=253,254"
*,2a9481a84954a43e,506,1,17651,Initial Value,0,"Step=1,Min=0,Max=1","  Initial Value","sif 6ab=253,254"
*,2a9481a84954a43e,507,1,17678,Flash Driver Operating Mode,Don't flash or light up,"Don't flash or light up,Light with ITORCH current continuously,Flash with IFLASH current when TRIGGERed","Select the Flash Driver Operating Mode as Disabled , Torch or Flash","sif 5c4=0,1"
Form 5452 (Flash Options),,,,,,,,,
Flash3,,,,,,,,,
,2a9481a84954a43e,508,1,176b3,Flash Model,External - LM3643,"External - LM3643,PMIC - WRC","Flash Model",""
,2a9481a84954a43e,9c0,1,176d4,Flash Mode,IR Led,"Disabled,White Led,Warm Led,IR Led,Xeon Led","Select Flash Mode White LED/Warm LED/IR LED/Xeon LED",""
,2a9481a84954a43e,529,1,1771c,I2C Channel,I2C2,"I2C0,I2C1,I2C2,I2C3,I2C4,I2C5,I2C6,I2C7","I2C Channel",""
,2a9481a84954a43e,52a,2,17767,I2C Address,0x63,"Step=0x1,Min=0x0,Max=0x7f","I2C Address",""
Flash Trigger Gpio,,,,,,,,,
*,2a9481a84954a43e,52c,1,17799,Group Pad Number,18,"Step=1,Min=0,Max=88","  Group Pad Number","sif 6d8=253,254"
*,2a9481a84954a43e,52d,2,177b2,Group Number,B,"A,B,C,D,E,F,H,R,S,T,U","  Group Number","sif 6d8=253,254"
*,2a9481a84954a43e,52f,1,17820,Active Value,1,"Step=1,Min=0,Max=1","  Active Value","sif 6d8=253,254"
*,2a9481a84954a43e,530,1,17839,Initial Value,0,"Step=1,Min=0,Max=1","  Initial Value","sif 6d8=253,254"
*,2a9481a84954a43e,531,1,17860,Flash Driver Operating Mode,Don't flash or light up,"Don't flash or light up,Light with ITORCH current continuously,Flash with IFLASH current when TRIGGERed","Select the Flash Driver Operating Mode as Disabled , Torch or Flash","sif 5f2=0,1"
Form 5453 (Flash Options),,,,,,,,,
Flash4,,,,,,,,,
,2a9481a84954a43e,532,1,1789b,Flash Model,PMIC - WRC,"External - LM3643,PMIC - WRC","Flash Model",""
,2a9481a84954a43e,9c1,1,178bc,Flash Mode,IR Led,"Disabled,White Led,Warm Led,IR Led,Xeon Led","Select Flash Mode White LED/Warm LED/IR LED/Xeon LED",""
,2a9481a84954a43e,553,1,17904,I2C Channel,I2C3,"I2C0,I2C1,I2C2,I2C3,I2C4,I2C5,I2C6,I2C7","I2C Channel",""
,2a9481a84954a43e,554,2,1794f,I2C Address,0x67,"Step=0x1,Min=0x0,Max=0x7f","I2C Address",""
Flash Trigger Gpio,,,,,,,,,
*,2a9481a84954a43e,556,1,17981,Group Pad Number,3,"Step=1,Min=0,Max=88","  Group Pad Number","sif 705=253,254"
*,2a9481a84954a43e,557,2,1799a,Group Number,D,"A,B,C,D,E,F,H,R,S,T,U","  Group Number","sif 705=253,254"
*,2a9481a84954a43e,559,1,17a08,Active Value,1,"Step=1,Min=0,Max=1","  Active Value","sif 705=253,254"
*,2a9481a84954a43e,55a,1,17a21,Initial Value,0,"Step=1,Min=0,Max=1","  Initial Value","sif 705=253,254"
*,2a9481a84954a43e,55b,1,17a48,Flash Driver Operating Mode,Don't flash or light up,"Don't flash or light up,Light with ITORCH current continuously,Flash with IFLASH current when TRIGGERed","Select the Flash Driver Operating Mode as Disabled , Torch or Flash","sif 620=0,1"
Form 5454 (Flash Options),,,,,,,,,
Flash5,,,,,,,,,
,2a9481a84954a43e,55c,1,17a83,Flash Model,PMIC - WRC,"External - LM3643,PMIC - WRC","Flash Model",""
,2a9481a84954a43e,9c2,1,17aa4,Flash Mode,Disabled,"Disabled,White Led,Warm Led,IR Led,Xeon Led","Select Flash Mode White LED/Warm LED/IR LED/Xeon LED",""
,2a9481a84954a43e,57d,1,17aec,I2C Channel,I2C3,"I2C0,I2C1,I2C2,I2C3,I2C4,I2C5,I2C6,I2C7","I2C Channel",""
,2a9481a84954a43e,57e,2,17b37,I2C Address,0x67,"Step=0x1,Min=0x0,Max=0x7f","I2C Address",""
Flash Trigger Gpio,,,,,,,,,
*,2a9481a84954a43e,580,1,17b69,Group Pad Number,3,"Step=1,Min=0,Max=88","  Group Pad Number","sif 732=253,254"
*,2a9481a84954a43e,581,2,17b82,Group Number,D,"A,B,C,D,E,F,H,R,S,T,U","  Group Number","sif 732=253,254"
*,2a9481a84954a43e,583,1,17bf0,Active Value,1,"Step=1,Min=0,Max=1","  Active Value","sif 732=253,254"
*,2a9481a84954a43e,584,1,17c09,Initial Value,0,"Step=1,Min=0,Max=1","  Initial Value","sif 732=253,254"
*,2a9481a84954a43e,585,1,17c30,Flash Driver Operating Mode,Don't flash or light up,"Don't flash or light up,Light with ITORCH current continuously,Flash with IFLASH current when TRIGGERed","Select the Flash Driver Operating Mode as Disabled , Torch or Flash","sif 64e=0,1"
Form 5455 (Flash Options),,,,,,,,,
Flash6,,,,,,,,,
,2a9481a84954a43e,586,1,17c6b,Flash Model,PMIC - WRC,"External - LM3643,PMIC - WRC","Flash Model",""
,2a9481a84954a43e,9c3,1,17c8c,Flash Mode,Disabled,"Disabled,White Led,Warm Led,IR Led,Xeon Led","Select Flash Mode White LED/Warm LED/IR LED/Xeon LED",""
,2a9481a84954a43e,5a7,1,17cd4,I2C Channel,I2C3,"I2C0,I2C1,I2C2,I2C3,I2C4,I2C5,I2C6,I2C7","I2C Channel",""
,2a9481a84954a43e,5a8,2,17d1f,I2C Address,0x67,"Step=0x1,Min=0x0,Max=0x7f","I2C Address",""
Flash Trigger Gpio,,,,,,,,,
*,2a9481a84954a43e,5aa,1,17d51,Group Pad Number,3,"Step=1,Min=0,Max=88","  Group Pad Number","sif 75f=253,254"
*,2a9481a84954a43e,5ab,2,17d6a,Group Number,D,"A,B,C,D,E,F,H,R,S,T,U","  Group Number","sif 75f=253,254"
*,2a9481a84954a43e,5ad,1,17dd8,Active Value,1,"Step=1,Min=0,Max=1","  Active Value","sif 75f=253,254"
*,2a9481a84954a43e,5ae,1,17df1,Initial Value,0,"Step=1,Min=0,Max=1","  Initial Value","sif 75f=253,254"
*,2a9481a84954a43e,5af,1,17e18,Flash Driver Operating Mode,Don't flash or light up,"Don't flash or light up,Light with ITORCH current continuously,Flash with IFLASH current when TRIGGERed","Select the Flash Driver Operating Mode as Disabled , Torch or Flash","sif 67c=0,1"
Form 4332 (TCSS setup menu),,,,,,,,,
TCSS Configuration,,,,,,,,,
IOM FW version: N/A,,,,,,,,,
PHY FW version: N/A,,,,,,,,,
TBT IMR Status: N/A,,,,,,,,,
TBT FW version: N/A,,,,,,,,,
Tc CState deepest stage: N/A,,,,,,,,,
,8493fc30bc249fd7,be,1,17ea4,TCSS xHCI Support,Enabled,"Disabled,Enabled","Enable/Disable TCSS xHCI",""
>TCSS USB Configuration,,,,,,,,,
*,8493fc30bc249fd7,ba,1,17eeb,ITBT PCIE0 Root Port,Enabled,"Disabled,Enabled","Enable/Disable ITBT PCIE ROOT","sif 152b=0;sif feb 1 >= !"
*,8493fc30bc249fd7,bb,1,17f1d,ITBT PCIE1 Root Port,Enabled,"Disabled,Enabled","Enable/Disable ITBT PCIE ROOT","sif 152b=0;sif feb 2 >= !"
*,8493fc30bc249fd7,bc,1,17f4f,ITBT PCIE2 Root Port,Enabled,"Disabled,Enabled","Enable/Disable ITBT PCIE ROOT","sif 152b=0;sif feb 3 >= !"
*,8493fc30bc249fd7,bd,1,17f81,ITBT PCIE3 Root Port,Enabled,"Disabled,Enabled","Enable/Disable ITBT PCIE ROOT","sif 152b=0;sif feb 4 >= !"
*,8493fc30bc249fd7,c0,1,17fb3,ITBT DMA0,Enabled,"Disabled,Enabled","Enable/Disable ITBT DMA0","sif 152b=0;sif feb 1 >= !"
*,8493fc30bc249fd7,c1,1,17fe5,ITBT DMA1,Enabled,"Disabled,Enabled","Enable/Disable ITBT DMA1","sif 152b=0;sif feb 3 >= !"
*,8493fc30bc249fd7,c2,1,18008,VCCST status of IOM,Enabled,"Disabled,Enabled","Enables/Disables VCCST. 
Enable: Sends VCCST ON message to EC or PMC  
Disable: Sends VCCST OFF message to EC or PMC","sif 152b=0"
*,8493fc30bc249fd7,c4,1,18029,D3 Cold Enable/Disable,Enabled,"Disabled,Enabled","Enables/Disables D3 Cold. 
Enable: D3 cold support for IOM is enabled   
Disable: D3 cold support for IOM is Disabled","sif 152b=0"
*,8493fc30bc249fd7,c5,1,1804a,D3Hot,Enabled,"Disabled,Enabled","Enables/Disables D3 Hot. 
Enable: D3 Hot support for IOM is enabled  
Disable: D3 Hot support for IOM is Disabled","sif 152b=0"
*,8493fc30bc249fd7,3e7,1,1806b,Tc C-State Limit,10,"Disable,1,2,4,5,6,7,10","BIOS mailbox to limit deepest TCx state","sif 152b=0"
*,8493fc30bc249fd7,430,1,180bc,TC Cold Power Saving Factor,Disabled,"Disabled,Enabled","TC Cold Power Saving Factor Switch","sif 152b=0"
*,8493fc30bc249fd7,432,1,180e5,IOM before entering TC cold,10,"Step=0,Min=0,Max=255","Represent Y in seconds for IOM before entering TC cold","sif 152b=0;sif 7cf=0"
*,8493fc30bc249fd7,431,1,180fe,IOM stay in TC cold,50,"Step=0,Min=0,Max=255","Represent X in seconds for IOM stays in TC cold","sif 152b=0;sif 7cf=0"
>PCI Express Root Port 0,,,,,,,,,
>PCI Express Root Port 1,,,,,,,,,
>PCI Express Root Port 2,,,,,,,,,
>PCI Express Root Port 3,,,,,,,,,
Form 5220 (VMD setup menu),,,,,,,,,
VMD Configuration,,,,,,,,,
,8493fc30bc249fd7,f8,1,181dd,Enable VMD controller,Disabled,"Disabled,Enabled","Enable/Disable to VMD controller",""
*,8493fc30bc249fd7,3e6,1,1820f,Enable VMD Global Mapping,Enabled,"Disabled,Enabled","Enable/Disable to VMD Global Mapping","sif 7d6=0"
*,8493fc30bc249fd7,f9,1,18240,Map this Root Port under VMD,Disabled,"Disabled,Enabled","Map/UnMap this Root Port to VMD","sif 7d6=0;gif 1465=1;sif 106e=0"
*,8493fc30bc249fd7,fa,1,18282,Map this Root Port under VMD,Disabled,"Disabled,Enabled","Map/UnMap this Root Port to VMD","sif 7d6=0;gif 1465=1;sif 106d=0"
*,8493fc30bc249fd7,fb,1,182c4,Map this Root Port under VMD,Disabled,"Disabled,Enabled","Map/UnMap this Root Port to VMD","sif 7d6=0;gif 1465=1;sif 106c=0"
*,8493fc30bc249fd7,fc,1,18306,Map this Root Port under VMD,Disabled,"Disabled,Enabled","Map/UnMap this Root Port to VMD","sif 7d6=0;gif 1465=1;sif 106b=0"
*,8493fc30bc249fd7,fd,1,18348,Map this Root Port under VMD,Disabled,"Disabled,Enabled","Map/UnMap this Root Port to VMD","sif 7d6=0;gif 1465=1;sif 106a=0"
*,8493fc30bc249fd7,fe,1,1838a,Map this Root Port under VMD,Disabled,"Disabled,Enabled","Map/UnMap this Root Port to VMD","sif 7d6=0;gif 1465=1;sif 1069=0"
*,8493fc30bc249fd7,ff,1,183cc,Map this Root Port under VMD,Disabled,"Disabled,Enabled","Map/UnMap this Root Port to VMD","sif 7d6=0;gif 1465=1;sif 1068=0"
*,8493fc30bc249fd7,100,1,1840e,Map this Root Port under VMD,Disabled,"Disabled,Enabled","Map/UnMap this Root Port to VMD","sif 7d6=0;gif 1465=1;sif 1067=0"
*,8493fc30bc249fd7,101,1,18450,Map this Root Port under VMD,Disabled,"Disabled,Enabled","Map/UnMap this Root Port to VMD","sif 7d6=0;gif 1465=1;sif 1066=0"
*,8493fc30bc249fd7,102,1,18492,Map this Root Port under VMD,Disabled,"Disabled,Enabled","Map/UnMap this Root Port to VMD","sif 7d6=0;gif 1465=1;sif 1065=0"
*,8493fc30bc249fd7,103,1,184d4,Map this Root Port under VMD,Disabled,"Disabled,Enabled","Map/UnMap this Root Port to VMD","sif 7d6=0;gif 1465=1;sif 1064=0"
*,8493fc30bc249fd7,104,1,18516,Map this Root Port under VMD,Disabled,"Disabled,Enabled","Map/UnMap this Root Port to VMD","sif 7d6=0;gif 1465=1;sif 1063=0"
*,8493fc30bc249fd7,105,1,18558,Map this Root Port under VMD,Disabled,"Disabled,Enabled","Map/UnMap this Root Port to VMD","sif 7d6=0;gif 1465=1;sif 1062=0"
*,8493fc30bc249fd7,106,1,1859a,Map this Root Port under VMD,Disabled,"Disabled,Enabled","Map/UnMap this Root Port to VMD","sif 7d6=0;gif 1465=1;sif 1061=0"
*,8493fc30bc249fd7,107,1,185dc,Map this Root Port under VMD,Disabled,"Disabled,Enabled","Map/UnMap this Root Port to VMD","sif 7d6=0;gif 1465=1;sif 1060=0"
*,8493fc30bc249fd7,108,1,1861e,Map this Root Port under VMD,Disabled,"Disabled,Enabled","Map/UnMap this Root Port to VMD","sif 7d6=0;gif 1465=1;sif 105f=0"
*,8493fc30bc249fd7,109,1,18660,Map this Root Port under VMD,Disabled,"Disabled,Enabled","Map/UnMap this Root Port to VMD","sif 7d6=0;gif 1465=1;sif 105e=0"
*,8493fc30bc249fd7,10a,1,186a2,Map this Root Port under VMD,Disabled,"Disabled,Enabled","Map/UnMap this Root Port to VMD","sif 7d6=0;gif 1465=1;sif 105d=0"
*,8493fc30bc249fd7,10b,1,186e4,Map this Root Port under VMD,Disabled,"Disabled,Enabled","Map/UnMap this Root Port to VMD","sif 7d6=0;gif 1465=1;sif 105c=0"
*,8493fc30bc249fd7,10c,1,18726,Map this Root Port under VMD,Disabled,"Disabled,Enabled","Map/UnMap this Root Port to VMD","sif 7d6=0;gif 1465=1;sif 105b=0"
*,8493fc30bc249fd7,10d,1,18768,Map this Root Port under VMD,Disabled,"Disabled,Enabled","Map/UnMap this Root Port to VMD","sif 7d6=0;gif 1465=1;sif 105a=0"
*,8493fc30bc249fd7,10e,1,187aa,Map this Root Port under VMD,Disabled,"Disabled,Enabled","Map/UnMap this Root Port to VMD","sif 7d6=0;gif 1465=1;sif 1059=0"
*,8493fc30bc249fd7,10f,1,187ec,Map this Root Port under VMD,Disabled,"Disabled,Enabled","Map/UnMap this Root Port to VMD","sif 7d6=0;gif 1465=1;sif 1058=0"
*,8493fc30bc249fd7,110,1,1882e,Map this Root Port under VMD,Disabled,"Disabled,Enabled","Map/UnMap this Root Port to VMD","sif 7d6=0;gif 1465=1;sif 1057=0"
*,8493fc30bc249fd7,111,1,18870,Map this Root Port under VMD,Disabled,"Disabled,Enabled","Map/UnMap this Root Port to VMD","sif 7d6=0;gif 1465=1;sif 1056=0"
*,8493fc30bc249fd7,112,1,188b2,Map this Root Port under VMD,Disabled,"Disabled,Enabled","Map/UnMap this Root Port to VMD","sif 7d6=0;gif 1465=1;sif 1055=0"
*,8493fc30bc249fd7,113,1,188f4,Map this Root Port under VMD,Disabled,"Disabled,Enabled","Map/UnMap this Root Port to VMD","sif 7d6=0;gif 1465=1;sif 1054=0"
*,8493fc30bc249fd7,114,1,18936,Map this Root Port under VMD,Disabled,"Disabled,Enabled","Map/UnMap this Root Port to VMD","sif 7d6=0;gif 1465=1;sif 1053=0"
*,8493fc30bc249fd7,115,1,18978,Map this Root Port under VMD,Disabled,"Disabled,Enabled","Map/UnMap this Root Port to VMD","sif 7d6=0;gif 1465=1;sif 1052=0"
*,8493fc30bc249fd7,116,1,189ba,Map this Root Port under VMD,Disabled,"Disabled,Enabled","Map/UnMap this Root Port to VMD","sif 7d6=0;gif 1465=1;sif 1051=0"
*,8493fc30bc249fd7,117,1,189fc,Map this Root Port under VMD,Disabled,"Disabled,Enabled","Map/UnMap this Root Port to VMD","sif 7d6=0;gif 1465=1;sif 1050=0"
*,8493fc30bc249fd7,175,1,18a44,VMD Config Bar Size,25,"Step=1,Min=20,Max=27","Set The VMD Config Bar Size","sif 7d6=0;sif 1"
*,8493fc30bc249fd7,176,1,18a5d,VMD Config Bar Attributes,VMD 64bit non prefetch,"VMD 64bit prefetch,VMD 32bit non prefetch,VMD 64bit non prefetch","Set The VMD Config Bar Attributes","sif 7d6=0;sif 1"
*,8493fc30bc249fd7,177,1,18a85,VMD Mem Bar1 Size,25,"Step=1,Min=20,Max=39","Set The VMD Mem Bar1 Size","sif 7d6=0;sif 1"
*,8493fc30bc249fd7,178,1,18a9e,VMD Mem Bar1 Attributes,VMD 32bit non prefetch,"VMD 32bit non prefetch,VMD 64bit non prefetch,VMD 64bit prefetch","Set The VMD Mem Bar1 Attributes","sif 7d6=0;sif 1"
*,8493fc30bc249fd7,179,1,18ac6,VMD Mem Bar2 Size,20,"Step=1,Min=20,Max=39","Set The VMD Mem Bar2 Size","sif 7d6=0;sif 1"
*,8493fc30bc249fd7,17a,1,18adf,VMD Mem Bar2 Attributes,VMD 64bit non prefetch,"VMD 32bit non prefetch,VMD 64bit non prefetch,VMD 64bit prefetch","Set The VMD Mem Bar2 Attributes","sif 7d6=0;sif 1"
*,8493fc30bc249fd7,17f,1,18b12,RAID0,Enabled,"Disabled,Enabled","Enable/Disable RAID0 support","sif 7d6=0"
*,8493fc30bc249fd7,180,1,18b33,RAID1,Enabled,"Disabled,Enabled","Enable/Disable RAID1 support","sif 7d6=0"
*,8493fc30bc249fd7,182,1,18b54,RAID5,Enabled,"Disabled,Enabled","Enable/Disable RAID5 support","sif 7d6=0"
*,8493fc30bc249fd7,181,1,18b75,RAID10,Enabled,"Disabled,Enabled","Enable/Disable RAID10 support","sif 7d6=0"
*,8493fc30bc249fd7,183,1,18b96,Intel Rapid Recovery Technology,Enabled,"Disabled,Enabled","Enable/Disable Intel Rapid Recovery Technology.","sif 7d6=0"
*,8493fc30bc249fd7,184,1,18bb7,RRT volumes can span internal and eSATA drives,Enabled,"Disabled,Enabled","Enable/Disable RRT volumes can span internal and eSATA drives.","sif 7d6=0"
*,8493fc30bc249fd7,185,1,18bd8,Intel(R) Optane(TM) Memory,Enabled,"Disabled,Enabled","Enable/Disable System Acceleration with Intel(R) Optane(TM) Memory feature.","sif 7d6=0"
Form 4333 (Display setup menu),,,,,,,,,
Display Configuration,,,,,,,,,
Form 5530 (PCI Express Configuration),,,,,,,,,
PCI Express Configuration,,,,,,,,,
,8493fc30bc249fd7,2a4,1,18c2f,Fia Programming,Enabled,"Disabled,Enabled","Load Fia Configuration if Enabled for each root port.",""
,8493fc30bc249fd7,2ad,1,18c50,Compliance Test Mode,Disabled,"Disabled,Enabled","Enable when using Compliance Load Board",""
,8493fc30bc249fd7,3ff,1,18c71,CDR Relock,Enabled,"Disabled,Enabled","Enable/Disable CDR Relock",""
,8493fc30bc249fd7,327,1,18c92,Assertion on Link Down GPIOs,Disabled,"Disabled,Enabled","GPIO Assertion on Link Down",""
,8493fc30bc249fd7,32c,1,18cb3,PCI Express Slot Selection,M2 slot,"M2 slot,CEMx4 slot","Select the PCIe M2 or CEMx4 slot",""
,8493fc30bc249fd7,42b,1,18cd4,PCIE Resizable BAR Support,Auto,"Auto,Enabled,Disabled","Enable/Disable PCIE Resizable BAR Support",""
>PCI Express Root Port 1,,,,,,,,,
>PCI Express Root Port 2,,,,,,,,,
>PCI Express Root Port 3,,,,,,,,,
Form 5506 (PCI Express Root Port 1),,,,,,,,,
,8493fc30bc249fd7,278,1,18d9d,PCI Express Root Port 1,Enabled,"Disabled,Enabled","Control the PCI Express Root Port.",""
*,8493fc30bc249fd7,331,1,18dce,Connection Type,Slot,"Built-in,Slot","Built-In: a built-in device is connected to this rootport. SlotImplemented bit will be clear. Slot: this rootport connects to user-accessible slot. SlotImplemented bit will be set.","sif 80c=0;gif 81e=1"
*,8493fc30bc249fd7,2a5,1,18df1,PCI Express Clock Gating,Enabled,"Disabled,Enabled","PCI Express Clock Gating Enable/Disable for each root port.","sif 80c=0"
*,8493fc30bc249fd7,2a9,1,18e12,PCI Express Power Gating,Enabled,"Disabled,Enabled","PCI Express Power Gating Enable/Disable for each root port.","sif 80c=0"
*,8493fc30bc249fd7,379,1,18e33,ASPM,L1,"Disabled,L0s,L1,L0sL1","PCI Express Active State Power Management settings.","sif 80c=0"
*,8493fc30bc249fd7,37d,1,18e6a,L1 Substates,L1.1 & L1.2,"Disabled,L1.1,L1.1 & L1.2","PCI Express L1 Substates settings.L1SS cannot be enabled when CLKREQMSG is disabled","sif 80c=0;gif 821=0"
*,8493fc30bc249fd7,36d,1,18e94,Gen3 Eq Phase3 Method,Hardware,"Hardware,Static Coeff.","PCIe Gen3 Equalization Phase 3 Method","sif 80c=0"
*,8493fc30bc249fd7,371,1,18eb5,Gen4 Eq Phase3 Method,Hardware,"Hardware,Static Coeff.","PCIe Gen3 Equalization Phase 3 Method","sif 80c=0"
*,8493fc30bc249fd7,33d,1,18ed6,ACS,Enabled,"Disabled,Enabled","Enable/Disable Access Control Services Extended Capability","sif 80c=0"
*,8493fc30bc249fd7,399,1,18ef7,PTM,Enabled,"Disabled,Enabled","Enable/Disable Precision Time Measurement","sif 80c=0"
*,8493fc30bc249fd7,361,1,18f18,DPC,Disabled,"Disabled,Enabled","Enable/Disable Downstream Port Containment","sif 80c=0"
*,8493fc30bc249fd7,3dd,1,18f39,FOM Scoreboard Control Policy,Auto,"Auto,Gen3,Gen4,Gen3/Gen4,Gen5","Select the FOM Scoreboard Control Policy, when set to Auto, speed is based on TLS","sif 80c=0"
*,8493fc30bc249fd7,3a5,1,18f6f,Multi-VC,Enabled,"Disabled,Enabled","Enable/Disable Multi Virtual Channel","sif 80c=0"
*,8493fc30bc249fd7,365,1,18f96,EDPC,Enabled,"Disabled,Enabled","Enable/Disable Rootport extensions for Downstream Port Containment","sif 80c=0"
*,8493fc30bc249fd7,345,1,18fb7,URR,Enabled,"Disabled,Enabled","PCI Express Unsupported Request Reporting Enable/Disable.","sif 80c=0"
*,8493fc30bc249fd7,349,1,18fde,FER,Enabled,"Disabled,Enabled","PCI Express Device Fatal Error Reporting Enable/Disable.","sif 80c=0"
*,8493fc30bc249fd7,34d,1,19005,NFER,Enabled,"Disabled,Enabled","PCI Express Device Non-Fatal Error Reporting Enable/Disable.","sif 80c=0"
*,8493fc30bc249fd7,351,1,1902c,CER,Enabled,"Disabled,Enabled","PCI Express Device Correctable Error Reporting Enable/Disable.","sif 80c=0"
*,670eeb73d338776d,1a7,1,19053,CTO,Disabled,"Disabled,Enabled","PCI Express Completion Timer TO Enable/Disable.","sif 80c=0"
*,8493fc30bc249fd7,355,1,19074,SEFE,Disabled,"Disabled,Enabled","Root PCI Express System Error on Fatal Error Enable/Disable.","sif 80c=0"
*,8493fc30bc249fd7,359,1,19095,SENFE,Disabled,"Disabled,Enabled","Root PCI Express System Error on Non-Fatal Error Enable/Disable.","sif 80c=0"
*,8493fc30bc249fd7,35d,1,190b6,SECE,Disabled,"Disabled,Enabled","Root PCI Express System Error on Correctable Error Enable/Disable.","sif 80c=0"
*,8493fc30bc249fd7,335,1,190d7,PME SCI,Enabled,"Disabled,Enabled","PCI Express PME SCI Enable/Disable.","sif 80c=0"
*,8493fc30bc249fd7,32d,1,19122,Hot Plug,Disabled,"Disabled,Enabled","PCI Express Hot Plug Enable/Disable.","sif 80c=0;sif ff3=2;sif 0 1 =;gif 80d=0"
*,8493fc30bc249fd7,341,1,19149,Advanced Error Reporting,Enabled,"Disabled,Enabled","Advanced Error Reporting Enable/Disable.","sif 80c=0"
*,8493fc30bc249fd7,369,1,1916a,PCIe Speed,Auto,"Auto,Gen1,Gen2,Gen3,Gen4,Gen5","Configure PCIe Speed","sif 80c=0"
*,8493fc30bc249fd7,328,1,191c3,Enable ClockReq Messaging,Enabled,"Enabled,Disabled","Enable or Disable ClockReq Messaging","sif 80c=0"
*,8493fc30bc249fd7,339,1,191e4,Transmitter Half Swing,Disabled,"Disabled,Enabled","Transmitter Half Swing Enable/Disable.","sif 80c=0"
*,8493fc30bc249fd7,39d,2,19205,Detect Timeout,0,"Step=1,Min=0,Max=65535","The number of milliseconds reference code will wait for link to exit Detect state for enabled ports before assuming there is no device and potentially disabling the port.","sif 80c=0"
*,8493fc30bc249fd7,3e2,1,19222,P2P Support,Disabled,"Disabled,Enabled","Program P2P Support Registers according to setup option","sif 80c=0"
*,8493fc30bc249fd7,423,1,192a7,CPU PCIE Func0 Link Disable,Disabled,"Disabled,Enabled","CPU PCIE Func0 Link Disable while Device attached into Port having Func0 and FuncN","sif 80c=0;sif 0 1 = ff3=2 and 0 1 = ff3=6 and | 0 0 = ff3=1 and | !"
SA PCIe LTR Configuration,,,,,,,,,
*,8493fc30bc249fd7,3ad,1,192dc,LTR,Enabled,"Disabled,Enabled","SA PCIE Latency Reporting Enable/Disable","sif 80c=0"
*,8493fc30bc249fd7,3b5,1,19305,Snoop Latency Override,Auto,"Disabled,Manual,Auto","Snoop Latency Override for SA PCIE.
Disabled: Disable override.
Manual: Manually enter override values.
Auto (default): Maintain default BIOS flow.","sif 80c=0;sif 826=0"
*,8493fc30bc249fd7,3bd,2,19339,Snoop Latency Value,60,"Step=1,Min=0,Max=1023","LTR Snoop Latency value of SA PCIE","sif 80c=0;sif 826=0;sif 827=1 !"
*,8493fc30bc249fd7,3b9,1,19356,Snoop Latency Multiplier,1024 ns,"1 ns,32 ns,1024 ns,32768 ns,1048576 ns,33554432 ns","LTR Snoop Latency Multiplier of SA PCIE","sif 80c=0;sif 826=0;sif 827=1 !"
*,8493fc30bc249fd7,3c5,1,19395,Non Snoop Latency Override,Auto,"Disabled,Manual,Auto","Non Snoop Latency Override for SA PCIE.
Disabled: Disable override.
Manual: Manually enter override values.
Auto (default): Maintain default BIOS flow.","sif 80c=0;sif 826=0"
*,8493fc30bc249fd7,3cd,2,193c9,Non Snoop Latency Value,60,"Step=1,Min=0,Max=1023","LTR Non Snoop Latency value of PCH PCIE","sif 80c=0;sif 826=0;sif 82a=1 !"
*,8493fc30bc249fd7,3c9,1,193e6,Non Snoop Latency Multiplier,1024 ns,"1 ns,32 ns,1024 ns,32768 ns,1048576 ns,33554432 ns","LTR Non Snoop Latency Multiplier of SA PCIE","sif 80c=0;sif 826=0;sif 82a=1 !"
*,8493fc30bc249fd7,3d5,1,19425,Force LTR Override,Disabled,"Disabled,Enabled","Force LTR Override for SA PCIE.
Disabled: LTR override values will not be forced.
Enable: LTR override values will be forced and LTR messages from the device will be ignored.","sif 80c=0;sif 826=0"
*,8493fc30bc249fd7,3b1,1,19451,LTR Lock,Disabled,"Disabled,Enabled","PCIE LTR Configuration Lock","sif 80c=0"
CPU PCIe Gen3 HWEQ Config,,,,,,,,,
,8493fc30bc249fd7,381,1,19486,UPTP,7,"Step=1,Min=0,Max=10","Upstream Port Transmitter Preset",""
,8493fc30bc249fd7,385,1,1949f,DPTP,7,"Step=1,Min=0,Max=10","Downstream Port Transmitter Preset",""
CPU PCIe Gen4 HWEQ Config,,,,,,,,,
,8493fc30bc249fd7,389,1,194ca,UPTP,8,"Step=1,Min=0,Max=10","Upstream Port Transmitter Preset",""
,8493fc30bc249fd7,38d,1,194e3,DPTP,5,"Step=1,Min=0,Max=10","Downstream Port Transmitter Preset",""
CPU PCIe Gen5 HWEQ Config,,,,,,,,,
*,8493fc30bc249fd7,391,1,19550,UPTP,5,"Step=1,Min=0,Max=10","Upstream Port Transmitter Preset","sif 0 0 = 0 2 = ff3=1 ff3=6 | and |"
*,8493fc30bc249fd7,395,1,19569,DPTP,7,"Step=1,Min=0,Max=10","Downstream Port Transmitter Preset","sif 0 0 = 0 2 = ff3=1 ff3=6 | and |"
Form 5507 (PCI Express Root Port 2),,,,,,,,,
,8493fc30bc249fd7,279,1,19595,PCI Express Root Port 2,Enabled,"Disabled,Enabled","Control the PCI Express Root Port.",""
*,8493fc30bc249fd7,332,1,195c6,Connection Type,Slot,"Built-in,Slot","Built-In: a built-in device is connected to this rootport. SlotImplemented bit will be clear. Slot: this rootport connects to user-accessible slot. SlotImplemented bit will be set.","sif 835=0;gif 847=1"
*,8493fc30bc249fd7,2a6,1,195e9,PCI Express Clock Gating,Enabled,"Disabled,Enabled","PCI Express Clock Gating Enable/Disable for each root port.","sif 835=0"
*,8493fc30bc249fd7,2aa,1,1960a,PCI Express Power Gating,Enabled,"Disabled,Enabled","PCI Express Power Gating Enable/Disable for each root port.","sif 835=0"
*,8493fc30bc249fd7,37a,1,1962b,ASPM,L1,"Disabled,L0s,L1,L0sL1","PCI Express Active State Power Management settings.","sif 835=0"
*,8493fc30bc249fd7,37e,1,19662,L1 Substates,L1.1 & L1.2,"Disabled,L1.1,L1.1 & L1.2","PCI Express L1 Substates settings.L1SS cannot be enabled when CLKREQMSG is disabled","sif 835=0;gif 84a=0"
*,8493fc30bc249fd7,36e,1,1968c,Gen3 Eq Phase3 Method,Hardware,"Hardware,Static Coeff.","PCIe Gen3 Equalization Phase 3 Method","sif 835=0"
*,8493fc30bc249fd7,372,1,196ad,Gen4 Eq Phase3 Method,Hardware,"Hardware,Static Coeff.","PCIe Gen3 Equalization Phase 3 Method","sif 835=0"
*,8493fc30bc249fd7,33e,1,196ce,ACS,Enabled,"Disabled,Enabled","Enable/Disable Access Control Services Extended Capability","sif 835=0"
*,8493fc30bc249fd7,39a,1,196ef,PTM,Enabled,"Disabled,Enabled","Enable/Disable Precision Time Measurement","sif 835=0"
*,8493fc30bc249fd7,362,1,19710,DPC,Disabled,"Disabled,Enabled","Enable/Disable Downstream Port Containment","sif 835=0"
*,8493fc30bc249fd7,3de,1,19731,FOM Scoreboard Control Policy,Auto,"Auto,Gen3,Gen4,Gen3/Gen4,Gen5","Select the FOM Scoreboard Control Policy, when set to Auto, speed is based on TLS","sif 835=0"
*,8493fc30bc249fd7,3a6,1,19767,Multi-VC,Enabled,"Disabled,Enabled","Enable/Disable Multi Virtual Channel","sif 835=0"
*,8493fc30bc249fd7,366,1,1978e,EDPC,Enabled,"Disabled,Enabled","Enable/Disable Rootport extensions for Downstream Port Containment","sif 835=0"
*,8493fc30bc249fd7,346,1,197af,URR,Enabled,"Disabled,Enabled","PCI Express Unsupported Request Reporting Enable/Disable.","sif 835=0"
*,8493fc30bc249fd7,34a,1,197d6,FER,Enabled,"Disabled,Enabled","PCI Express Device Fatal Error Reporting Enable/Disable.","sif 835=0"
*,8493fc30bc249fd7,34e,1,197fd,NFER,Enabled,"Disabled,Enabled","PCI Express Device Non-Fatal Error Reporting Enable/Disable.","sif 835=0"
*,8493fc30bc249fd7,352,1,19824,CER,Enabled,"Disabled,Enabled","PCI Express Device Correctable Error Reporting Enable/Disable.","sif 835=0"
*,670eeb73d338776d,1a8,1,1984b,CTO,Disabled,"Disabled,Enabled","PCI Express Completion Timer TO Enable/Disable.","sif 835=0"
*,8493fc30bc249fd7,356,1,1986c,SEFE,Disabled,"Disabled,Enabled","Root PCI Express System Error on Fatal Error Enable/Disable.","sif 835=0"
*,8493fc30bc249fd7,35a,1,1988d,SENFE,Disabled,"Disabled,Enabled","Root PCI Express System Error on Non-Fatal Error Enable/Disable.","sif 835=0"
*,8493fc30bc249fd7,35e,1,198ae,SECE,Disabled,"Disabled,Enabled","Root PCI Express System Error on Correctable Error Enable/Disable.","sif 835=0"
*,8493fc30bc249fd7,336,1,198cf,PME SCI,Enabled,"Disabled,Enabled","PCI Express PME SCI Enable/Disable.","sif 835=0"
*,8493fc30bc249fd7,342,1,19941,Advanced Error Reporting,Enabled,"Disabled,Enabled","Advanced Error Reporting Enable/Disable.","sif 835=0"
*,8493fc30bc249fd7,36a,1,19962,PCIe Speed,Auto,"Auto,Gen1,Gen2,Gen3,Gen4,Gen5","Configure PCIe Speed","sif 835=0"
*,8493fc30bc249fd7,329,1,199bb,Enable ClockReq Messaging,Enabled,"Enabled,Disabled","Enable or Disable ClockReq Messaging","sif 835=0"
*,8493fc30bc249fd7,33a,1,199dc,Transmitter Half Swing,Disabled,"Disabled,Enabled","Transmitter Half Swing Enable/Disable.","sif 835=0"
*,8493fc30bc249fd7,39f,2,199fd,Detect Timeout,0,"Step=1,Min=0,Max=65535","The number of milliseconds reference code will wait for link to exit Detect state for enabled ports before assuming there is no device and potentially disabling the port.","sif 835=0"
*,8493fc30bc249fd7,3e3,1,19a1a,P2P Support,Disabled,"Disabled,Enabled","Program P2P Support Registers according to setup option","sif 835=0"
*,8493fc30bc249fd7,424,1,19a9f,CPU PCIE Func0 Link Disable,Disabled,"Disabled,Enabled","CPU PCIE Func0 Link Disable while Device attached into Port having Func0 and FuncN","sif 835=0;sif 1 1 = ff3=2 and 1 1 = ff3=6 and | 1 0 = ff3=1 and | !"
SA PCIe LTR Configuration,,,,,,,,,
*,8493fc30bc249fd7,3ae,1,19ad4,LTR,Enabled,"Disabled,Enabled","SA PCIE Latency Reporting Enable/Disable","sif 835=0"
*,8493fc30bc249fd7,3b6,1,19afd,Snoop Latency Override,Auto,"Disabled,Manual,Auto","Snoop Latency Override for SA PCIE.
Disabled: Disable override.
Manual: Manually enter override values.
Auto (default): Maintain default BIOS flow.","sif 835=0;sif 84f=0"
*,8493fc30bc249fd7,3bf,2,19b31,Snoop Latency Value,60,"Step=1,Min=0,Max=1023","LTR Snoop Latency value of SA PCIE","sif 835=0;sif 84f=0;sif 850=1 !"
*,8493fc30bc249fd7,3ba,1,19b4e,Snoop Latency Multiplier,1024 ns,"1 ns,32 ns,1024 ns,32768 ns,1048576 ns,33554432 ns","LTR Snoop Latency Multiplier of SA PCIE","sif 835=0;sif 84f=0;sif 850=1 !"
*,8493fc30bc249fd7,3c6,1,19b8d,Non Snoop Latency Override,Auto,"Disabled,Manual,Auto","Non Snoop Latency Override for SA PCIE.
Disabled: Disable override.
Manual: Manually enter override values.
Auto (default): Maintain default BIOS flow.","sif 835=0;sif 84f=0"
*,8493fc30bc249fd7,3cf,2,19bc1,Non Snoop Latency Value,60,"Step=1,Min=0,Max=1023","LTR Non Snoop Latency value of PCH PCIE","sif 835=0;sif 84f=0;sif 853=1 !"
*,8493fc30bc249fd7,3ca,1,19bde,Non Snoop Latency Multiplier,1024 ns,"1 ns,32 ns,1024 ns,32768 ns,1048576 ns,33554432 ns","LTR Non Snoop Latency Multiplier of SA PCIE","sif 835=0;sif 84f=0;sif 853=1 !"
*,8493fc30bc249fd7,3d6,1,19c1d,Force LTR Override,Disabled,"Disabled,Enabled","Force LTR Override for SA PCIE.
Disabled: LTR override values will not be forced.
Enable: LTR override values will be forced and LTR messages from the device will be ignored.","sif 835=0;sif 84f=0"
*,8493fc30bc249fd7,3b2,1,19c49,LTR Lock,Disabled,"Disabled,Enabled","PCIE LTR Configuration Lock","sif 835=0"
CPU PCIe Gen3 HWEQ Config,,,,,,,,,
,8493fc30bc249fd7,382,1,19c7e,UPTP,5,"Step=1,Min=0,Max=10","Upstream Port Transmitter Preset",""
,8493fc30bc249fd7,386,1,19c97,DPTP,7,"Step=1,Min=0,Max=10","Downstream Port Transmitter Preset",""
CPU PCIe Gen4 HWEQ Config,,,,,,,,,
,8493fc30bc249fd7,38a,1,19cc2,UPTP,8,"Step=1,Min=0,Max=10","Upstream Port Transmitter Preset",""
,8493fc30bc249fd7,38e,1,19cdb,DPTP,9,"Step=1,Min=0,Max=10","Downstream Port Transmitter Preset",""
CPU PCIe Gen5 HWEQ Config,,,,,,,,,
*,8493fc30bc249fd7,392,1,19d48,UPTP,5,"Step=1,Min=0,Max=10","Upstream Port Transmitter Preset","sif 1 0 = 1 2 = ff3=1 ff3=6 | and |"
*,8493fc30bc249fd7,396,1,19d61,DPTP,7,"Step=1,Min=0,Max=10","Downstream Port Transmitter Preset","sif 1 0 = 1 2 = ff3=1 ff3=6 | and |"
Form 5508 (PCI Express Root Port 3),,,,,,,,,
,8493fc30bc249fd7,27a,1,19d8d,PCI Express Root Port 3,Enabled,"Disabled,Enabled","Control the PCI Express Root Port.",""
*,8493fc30bc249fd7,333,1,19dbe,Connection Type,Slot,"Built-in,Slot","Built-In: a built-in device is connected to this rootport. SlotImplemented bit will be clear. Slot: this rootport connects to user-accessible slot. SlotImplemented bit will be set.","sif 85e=0;gif 870=1"
*,8493fc30bc249fd7,2a7,1,19de1,PCI Express Clock Gating,Enabled,"Disabled,Enabled","PCI Express Clock Gating Enable/Disable for each root port.","sif 85e=0"
*,8493fc30bc249fd7,2ab,1,19e02,PCI Express Power Gating,Enabled,"Disabled,Enabled","PCI Express Power Gating Enable/Disable for each root port.","sif 85e=0"
*,8493fc30bc249fd7,37b,1,19e23,ASPM,L1,"Disabled,L0s,L1,L0sL1","PCI Express Active State Power Management settings.","sif 85e=0"
*,8493fc30bc249fd7,37f,1,19e5a,L1 Substates,L1.1 & L1.2,"Disabled,L1.1,L1.1 & L1.2","PCI Express L1 Substates settings.L1SS cannot be enabled when CLKREQMSG is disabled","sif 85e=0;gif 873=0"
*,8493fc30bc249fd7,36f,1,19e84,Gen3 Eq Phase3 Method,Hardware,"Hardware,Static Coeff.","PCIe Gen3 Equalization Phase 3 Method","sif 85e=0"
*,8493fc30bc249fd7,373,1,19ea5,Gen4 Eq Phase3 Method,Hardware,"Hardware,Static Coeff.","PCIe Gen3 Equalization Phase 3 Method","sif 85e=0"
*,8493fc30bc249fd7,33f,1,19ec6,ACS,Enabled,"Disabled,Enabled","Enable/Disable Access Control Services Extended Capability","sif 85e=0"
*,8493fc30bc249fd7,39b,1,19ee7,PTM,Enabled,"Disabled,Enabled","Enable/Disable Precision Time Measurement","sif 85e=0"
*,8493fc30bc249fd7,363,1,19f08,DPC,Disabled,"Disabled,Enabled","Enable/Disable Downstream Port Containment","sif 85e=0"
*,8493fc30bc249fd7,3df,1,19f29,FOM Scoreboard Control Policy,Auto,"Auto,Gen3,Gen4,Gen3/Gen4,Gen5","Select the FOM Scoreboard Control Policy, when set to Auto, speed is based on TLS","sif 85e=0"
*,8493fc30bc249fd7,3a7,1,19f5f,Multi-VC,Enabled,"Disabled,Enabled","Enable/Disable Multi Virtual Channel","sif 85e=0"
*,8493fc30bc249fd7,367,1,19f86,EDPC,Enabled,"Disabled,Enabled","Enable/Disable Rootport extensions for Downstream Port Containment","sif 85e=0"
*,8493fc30bc249fd7,347,1,19fa7,URR,Enabled,"Disabled,Enabled","PCI Express Unsupported Request Reporting Enable/Disable.","sif 85e=0"
*,8493fc30bc249fd7,34b,1,19fce,FER,Enabled,"Disabled,Enabled","PCI Express Device Fatal Error Reporting Enable/Disable.","sif 85e=0"
*,8493fc30bc249fd7,34f,1,19ff5,NFER,Enabled,"Disabled,Enabled","PCI Express Device Non-Fatal Error Reporting Enable/Disable.","sif 85e=0"
*,8493fc30bc249fd7,353,1,1a01c,CER,Enabled,"Disabled,Enabled","PCI Express Device Correctable Error Reporting Enable/Disable.","sif 85e=0"
*,670eeb73d338776d,1a9,1,1a043,CTO,Disabled,"Disabled,Enabled","PCI Express Completion Timer TO Enable/Disable.","sif 85e=0"
*,8493fc30bc249fd7,357,1,1a064,SEFE,Disabled,"Disabled,Enabled","Root PCI Express System Error on Fatal Error Enable/Disable.","sif 85e=0"
*,8493fc30bc249fd7,35b,1,1a085,SENFE,Disabled,"Disabled,Enabled","Root PCI Express System Error on Non-Fatal Error Enable/Disable.","sif 85e=0"
*,8493fc30bc249fd7,35f,1,1a0a6,SECE,Disabled,"Disabled,Enabled","Root PCI Express System Error on Correctable Error Enable/Disable.","sif 85e=0"
*,8493fc30bc249fd7,337,1,1a0c7,PME SCI,Enabled,"Disabled,Enabled","PCI Express PME SCI Enable/Disable.","sif 85e=0"
*,8493fc30bc249fd7,32f,1,1a112,Hot Plug,Disabled,"Disabled,Enabled","PCI Express Hot Plug Enable/Disable.","sif 85e=0;sif ff3=2;sif 2 1 =;gif 85f=0"
*,8493fc30bc249fd7,343,1,1a139,Advanced Error Reporting,Enabled,"Disabled,Enabled","Advanced Error Reporting Enable/Disable.","sif 85e=0"
*,8493fc30bc249fd7,36b,1,1a15a,PCIe Speed,Auto,"Auto,Gen1,Gen2,Gen3,Gen4,Gen5","Configure PCIe Speed","sif 85e=0"
*,8493fc30bc249fd7,32a,1,1a1b3,Enable ClockReq Messaging,Enabled,"Enabled,Disabled","Enable or Disable ClockReq Messaging","sif 85e=0"
*,8493fc30bc249fd7,33b,1,1a1d4,Transmitter Half Swing,Disabled,"Disabled,Enabled","Transmitter Half Swing Enable/Disable.","sif 85e=0"
*,8493fc30bc249fd7,3a1,2,1a1f5,Detect Timeout,0,"Step=1,Min=0,Max=65535","The number of milliseconds reference code will wait for link to exit Detect state for enabled ports before assuming there is no device and potentially disabling the port.","sif 85e=0"
*,8493fc30bc249fd7,3e4,1,1a212,P2P Support,Disabled,"Disabled,Enabled","Program P2P Support Registers according to setup option","sif 85e=0"
*,8493fc30bc249fd7,425,1,1a297,CPU PCIE Func0 Link Disable,Disabled,"Disabled,Enabled","CPU PCIE Func0 Link Disable while Device attached into Port having Func0 and FuncN","sif 85e=0;sif 2 1 = ff3=2 and 2 1 = ff3=6 and | 2 0 = ff3=1 and | !"
SA PCIe LTR Configuration,,,,,,,,,
*,8493fc30bc249fd7,3af,1,1a2cc,LTR,Enabled,"Disabled,Enabled","SA PCIE Latency Reporting Enable/Disable","sif 85e=0"
*,8493fc30bc249fd7,3b7,1,1a2f5,Snoop Latency Override,Auto,"Disabled,Manual,Auto","Snoop Latency Override for SA PCIE.
Disabled: Disable override.
Manual: Manually enter override values.
Auto (default): Maintain default BIOS flow.","sif 85e=0;sif 878=0"
*,8493fc30bc249fd7,3c1,2,1a329,Snoop Latency Value,60,"Step=1,Min=0,Max=1023","LTR Snoop Latency value of SA PCIE","sif 85e=0;sif 878=0;sif 879=1 !"
*,8493fc30bc249fd7,3bb,1,1a346,Snoop Latency Multiplier,1024 ns,"1 ns,32 ns,1024 ns,32768 ns,1048576 ns,33554432 ns","LTR Snoop Latency Multiplier of SA PCIE","sif 85e=0;sif 878=0;sif 879=1 !"
*,8493fc30bc249fd7,3c7,1,1a385,Non Snoop Latency Override,Auto,"Disabled,Manual,Auto","Non Snoop Latency Override for SA PCIE.
Disabled: Disable override.
Manual: Manually enter override values.
Auto (default): Maintain default BIOS flow.","sif 85e=0;sif 878=0"
*,8493fc30bc249fd7,3d1,2,1a3b9,Non Snoop Latency Value,60,"Step=1,Min=0,Max=1023","LTR Non Snoop Latency value of PCH PCIE","sif 85e=0;sif 878=0;sif 87c=1 !"
*,8493fc30bc249fd7,3cb,1,1a3d6,Non Snoop Latency Multiplier,1024 ns,"1 ns,32 ns,1024 ns,32768 ns,1048576 ns,33554432 ns","LTR Non Snoop Latency Multiplier of SA PCIE","sif 85e=0;sif 878=0;sif 87c=1 !"
*,8493fc30bc249fd7,3d7,1,1a415,Force LTR Override,Disabled,"Disabled,Enabled","Force LTR Override for SA PCIE.
Disabled: LTR override values will not be forced.
Enable: LTR override values will be forced and LTR messages from the device will be ignored.","sif 85e=0;sif 878=0"
*,8493fc30bc249fd7,3b3,1,1a441,LTR Lock,Disabled,"Disabled,Enabled","PCIE LTR Configuration Lock","sif 85e=0"
CPU PCIe Gen3 HWEQ Config,,,,,,,,,
,8493fc30bc249fd7,383,1,1a476,UPTP,7,"Step=1,Min=0,Max=10","Upstream Port Transmitter Preset",""
,8493fc30bc249fd7,387,1,1a48f,DPTP,7,"Step=1,Min=0,Max=10","Downstream Port Transmitter Preset",""
CPU PCIe Gen4 HWEQ Config,,,,,,,,,
,8493fc30bc249fd7,38b,1,1a4ba,UPTP,8,"Step=1,Min=0,Max=10","Upstream Port Transmitter Preset",""
,8493fc30bc249fd7,38f,1,1a4d3,DPTP,5,"Step=1,Min=0,Max=10","Downstream Port Transmitter Preset",""
CPU PCIe Gen5 HWEQ Config,,,,,,,,,
*,8493fc30bc249fd7,393,1,1a540,UPTP,5,"Step=1,Min=0,Max=10","Upstream Port Transmitter Preset","sif 2 0 = 2 2 = ff3=1 ff3=6 | and |"
*,8493fc30bc249fd7,397,1,1a559,DPTP,7,"Step=1,Min=0,Max=10","Downstream Port Transmitter Preset","sif 2 0 = 2 2 = ff3=1 ff3=6 | and |"
Form 5433 (PCIE Configuration),,,,,,,,,
PCIE Configuration,,,,,,,,,
>IMR Configuration,,,,,,,,,
Form 5075 (IMR Configuration),,,,,,,,,
,d4d9ea7826a6cf65,2,1,1a5b7,PCIe IMR,Disabled,"Disabled,Enabled","Enable/Disable PCIe IMR",""
*,d4d9ea7826a6cf65,3,2,1a5e0,PCIe IMR Size,0,"Step=1,Min=0,Max=1024","PCIe Reserved Memory Size to be requested in MB.
Maximum value of 1024 MB","sif 888=0"
*,d4d9ea7826a6cf65,6,1,1a626,RP index for IMR,0,"Step=1,Min=0,Max=3","Selects which root port will be associated with IMR","sif 888=0;sif 88a=1"
*,d4d9ea7826a6cf65,6,1,1a649,RP index for IMR,0,"Step=1,Min=0,Max=27","Selects which root port will be associated with IMR","sif 888=0;sif 88a=2"
Form 4143 (PCH-IO Configuration),,,,,,,,,
PCH-IO Configuration,,,,,,,,,
>PCI Express Configuration,,,,,,,,,
>SATA Configuration,,,,,,,,,
>USB Configuration,,,,,,,,,
>Security Configuration,,,,,,,,,
>HD Audio Configuration,,,,,,,,,
>THC Configuration,,,,,,,,,
>SerialIo Configuration,,,,,,,,,
>SCS Configuration,,,,,,,,,
>ISH Configuration,,,,,,,,,
>Pch Thermal Throttling Control,,,,,,,,,
,670eeb73d338776d,790,1,1a72a,Skip VCCIN_AUX Configuration,Disabled,"Disabled,Enabled","Skips VCCIN_AUX Configuration if enabled",""
>FIVR Configuration,,,,,,,,,
>PMC Configuration,,,,,,,,,
*,670eeb73d338776d,9,1,1a78b,PCH LAN Controller,Enabled,"Enabled,Disabled","Enable/Disable onboard NIC.","sif 104b=0;sif 104a=0"
*,670eeb73d338776d,5,1,1a7c0,LAN Wake From DeepSx,Enabled,"Enabled,Disabled","Wake from DeepSx by the assertion of LAN_WAKE# pin","sif 104b=0;sif 89a=0 104a=0 |"
*,670eeb73d338776d,c,1,1a7e1,Wake on LAN Enable,Enabled,"Enabled,Disabled","Enable/Disable integrated LAN to wake the system.","sif 104b=0;sif 89a=0 104a=0 |"
*,670eeb73d338776d,d,1,1a802,SLP_LAN# Low on DC Power,Enabled,"Enabled,Disabled","Enable/Disable SLP_LAN# Low on DC Power. Please notice this knob only applies to CNVd.","sif 104b=0;sif 89a=0 104a=0 |"
,2a9481a84954a43e,49,1,1a839,EFI Network,Disabled,"Onboard NIC,WiFi,Onboard NIC & WiFi,Disabled","Enable/Disable EFI Network support for onboard LAN or WiFi module.",""
*,2a9481a84954a43e,46,1,1a888,Sensor Hub Type,None,"None,I2C Sensor Hub,USB Sensor Hub","Choose the Sensor Hub Type, 'None' will Suppress 'I2C Sensor Hub' Setup Option','I2C' Will Suppress 'ALS' Setup Option and 'USB' will Suppress Both I2C and ALS.","sif ff3=1 ! ff3=6 ! and ff3=5 ! and"
,670eeb73d338776d,4,1,1a8b2,DeepSx Power Policies,Enabled in S4-S5,"Disabled,Enabled in S4-S5-Battery,Enabled in S5-Battery,Enabled in S4-S5,Enabled in S5","configure the DeepSx Mode configuration.",""
*,670eeb73d338776d,1e,1,1a910,PS_ON Enable,Disabled,"Enabled,Disabled","Enable or disable PS_ON ()support a new C10 state from the CPU on desktop SKUs that enables a lower power target that will be required by the California Energy Commission (CEC).","sif ff3=2 !"
,670eeb73d338776d,e,1,1a933,Wake on WLAN and BT Enable,Disabled,"Enabled,Disabled","Enable/Disable PCI Express Wireless LAN and Bluetooth to wake the system. ",""
*,670eeb73d338776d,f,1,1a95c,DeepSx Wake on WLAN and BT Enable,Disabled,"Enabled,Disabled","Enable/Disable PCI Express Wireless LAN and Bluetooth to wake the system from DeepSx. ","sif 8a2=0"
,670eeb73d338776d,6,1,1a97f,Disable DSX ACPRESENT PullDown,Disabled,"Enabled,Disabled","Disable PCH internal ACPRESENT PullDown when DeepSx or G3 exit.",""
,670eeb73d338776d,20,1,1a9cd,State After G3,S5 State,"S0 State,S5 State","Specify what state to go to when power is re-applied after a power failure (G3 state).",""
,670eeb73d338776d,21,1,1a9ee,Port 80h Redirection,LPC Bus,"LPC Bus,PCIE Bus","Control where the Port 80h cycles are sent.",""
*,670eeb73d338776d,22,1,1aa1b,Enhance Port 80h LPC Decoding,Enabled,"Disabled,Enabled","Support the word/dword decoding of port 80h behind LPC","gif 8a6=0 !"
*,670eeb73d338776d,12,1,1aa46,Compatible Revision ID,Disabled,"Disabled,Enabled","Enable/Disable the PCH Compatible Revision ID feature","gif 1049=0"
,670eeb73d338776d,76f,1,1aa69,Legacy IO Low Latency,Disabled,"Disabled,Enabled","Set to enable low latency of legacy IO. Some systems require lower IO latency irrespective of power. This is a tradeoff between power and IO latency.",""
,670eeb73d338776d,6be,1,1aa8a,PCH Cross Throttling,Enabled,"Disabled,Enabled","Enable/Disable the PCH Cross Throttling feature. Only ULT support this feature.",""
,670eeb73d338776d,10,1,1aaab,PCH Energy Reporting,Enabled,"Disabled,Enabled","Enable Energy Report. MUST set it as ENABLED. This is only for test purpose.",""
,670eeb73d338776d,13,1,1aacc,LPM S0i2.0,Enabled,"Disabled,Enabled","Enable/Disable S0ix sub-state. This setting is for test purpose. S0ix sub-states should be enabled for production.",""
,670eeb73d338776d,16,1,1aaed,LPM S0i3.0,Enabled,"Disabled,Enabled","Enable/Disable S0ix sub-state. This setting is for test purpose. S0ix sub-states should be enabled for production.",""
,670eeb73d338776d,77d,1,1abb9,C10 Dynamic threshold adjustment,Disabled,"Disabled,Enabled","Enable/Disable C10 dynamic threshold adjustment",""
,670eeb73d338776d,51e,1,1abda,IEH Mode,Bypass Mode,"Bypass Mode,Enabled","Enable/Bypass IEH Mode",""
,670eeb73d338776d,11,1,1abfb,Enable TCO Timer,Disabled,"Disabled,Enabled","Enable/Disable TCO timer. When disabled, it disables PCH ACPI timer, stops TCO timer, and ACPI WDAT table will not be published.",""
,670eeb73d338776d,23,1,1ac1c,Pcie Pll SSC,Auto,"Auto,0.0%,0.1%,0.2%,0.3%,0.4%,0.5%,0.6%,0.7%,0.8%,0.9%,1.0%,1.1%,1.2%,1.3%,1.4%,1.5%,1.6%,1.7%,1.8%,1.9%,2.0%,Disable","Pcie Pll SSC percentage.AUTO - Keep hw default, no BIOS override. Range is 0.0%-2.0%.",""
*,670eeb73d338776d,6bc,1,1ace6,IOAPIC 24-119 Entries,Enabled,"Disabled,Enabled","Enables/Disables IOAPIC 24-119 Entries. IRQ24-119 may be used by PCH devices. Disabling those interrupts may cause certain devices failure.","sif 1017=2 ! ff3=4 ! and"
,670eeb73d338776d,6bd,1,1ad09,Enable 8254 Clock Gate,Disabled,"Disabled,Enabled,Enabled In Runtime and S3 Resume","Enables/Disables 8254 clock gate in early phase. Set 8254CGE is necessary for SLP_S0 support. Platform is albe to disable this policy and set 8254CGE in late phase.",""
,670eeb73d338776d,73c,1,1ad31,Lock PCH Sideband Access,Enabled,"Disabled,Enabled","Lock PCH Sideband access, include SideBand interface lock and SideBand PortID mask for certain end point (e.g. PSFx). The option is invalid if POSTBOOT SAI is set.",""
,670eeb73d338776d,73d,1,1ad52,Flash Protection Range Registers (FPRR),Enabled,"Disabled,Enabled","Enable Flash Protection Range Registers",""
,670eeb73d338776d,73b,1,1ad73,SPD Write Disable,TRUE,"TRUE,FALSE","Enable/Disable setting SPD Write Disable. For security recommendations, SPD write disable bit must be set.",""
,670eeb73d338776d,739,1,1ad94,LGMR,Enabled,"Enabled,Disabled","64KB memory block for LGMR (LPC Memory Range Decode)",""
,670eeb73d338776d,73a,1,1adb5,HOST_C10 reporting to Target,Disabled,"Disabled,Enabled","This option enables HOST_C10 reporting to Target via eSPI Virtual Wire",""
,670eeb73d338776d,76e,1,1add6,OS IDLE Mode,Enabled,"Disabled,Enabled","Enable/Disable OS Idle Mode Feature",""
,670eeb73d338776d,25,1,1adf7,S0ix Auto Demotion,Enabled,"Enabled,Disabled","Enable/Disable Host Low Power Mode S0ix Auto-Demotion",""
,670eeb73d338776d,26,1,1ae18,Latch Events C10 Exit,Disabled,"Enabled,Disabled","Enable/Disable Latch Events on C10 Exit",""
,670eeb73d338776d,775,1,1ae39,Hybrid Storage Detection and Configuration Mode,Disabled,"Dynamic Configuration for Hybrid Storage Enable,Disabled","Select Hybrid Storage Detection and Configuration Mode",""
*,670eeb73d338776d,787,1,1ae62,Cpu Root port used for hybrid storage,255,"Step=1,Min=0,Max=255","Select cpu root port used for hybrid storage value between 0 to 2","sif 8c0=0"
*,670eeb73d338776d,788,1,1ae85,Pch root port used for hybrid storage,255,"Step=1,Min=0,Max=255","Select pch root port used in combination with cpu root port for hybrid storage enter value between 0 to 16","sif 8c1=255"
,670eeb73d338776d,77e,1,1aea0,Extended BIOS Range Decode,Disabled,"Disabled,Enabled","Enabling this will make memory cycles falling in a specific area to be redirected to SPI flash controller",""
,670eeb73d338776d,78a,1,1aec1,ACPI L6D PME Handling,Disabled,"Enabled,Disabled","BIOS through ACPI code can associate specific method to a particular GPE. In this case _L6D for Level-triggered Event, BIOS-ACPI can verify PMEENABLE and PMESTATUS of each device that requires GPE related wake.",""
Form 4144 (PCI Express Configuration),,,,,,,,,
PCI Express Configuration,,,,,,,,,
,670eeb73d338776d,517,1,1aefc,DMI Link ASPM Control,Auto,"Disabled,L0s,L1,L0sL1,Auto","The control of Active State Power Management of the DMI Link.",""
,670eeb73d338776d,bc,1,1af32,Port8xh Decode,Disabled,"Disabled,Enabled","PCI Express Port8xh Decode Enable/Disable.",""
*,670eeb73d338776d,bd,1,1af5b,Port8xh Decode Port#,0,"Step=1,Min=0,Max=27","Select PCI Express Port8xh Decode Root Port. User to ensure port availability","sif 8c5=0"
,670eeb73d338776d,da,1,1af76,Compliance Test Mode,Disabled,"Disabled,Enabled","Enable when using Compliance Load Board",""
,670eeb73d338776d,3bb,1,1af97,PCIe function swap,Enabled,"Disabled,Enabled","When Disabled, prevents PCIE rootport function swap. If any function other than 0th is enabled, 0th will become visible.",""
>PCIe EQ settings,,,,,,,,,
>PCI Express Root Port 1,,,,,,,,,
>PCI Express Root Port 2,,,,,,,,,
>PCI Express Root Port 3,,,,,,,,,
>PCI Express Root Port 4,,,,,,,,,
>PCI Express Root Port 5,,,,,,,,,
>PCI Express Root Port 6,,,,,,,,,
>PCI Express Root Port 7,,,,,,,,,
>PCI Express Root Port 8,,,,,,,,,
>PCI Express Root Port 9,,,,,,,,,
>PCI Express Root Port 10,,,,,,,,,
>PCI Express Root Port 11,,,,,,,,,
>PCI Express Root Port 12,,,,,,,,,
>PCI Express Root Port 13,,,,,,,,,
>PCI Express Root Port 14,,,,,,,,,
>PCI Express Root Port 15,,,,,,,,,
>PCI Express Root Port 16,,,,,,,,,
>PCI Express Root Port 17,,,,,,,,,
>PCI Express Root Port 18,,,,,,,,,
>PCI Express Root Port 19,,,,,,,,,
>PCI Express Root Port 20,,,,,,,,,
>PCI Express Root Port 21,,,,,,,,,
>PCI Express Root Port 22,,,,,,,,,
>PCI Express Root Port 23,,,,,,,,,
>PCI Express Root Port 24,,,,,,,,,
>PCI Express Root Port 25,,,,,,,,,
>PCI Express Root Port 26,,,,,,,,,
>PCI Express Root Port 27,,,,,,,,,
>PCI Express Root Port 28,,,,,,,,,
>PCIE clocks,,,,,,,,,
Form 4145 (USB Configuration),,,,,,,,,
USB Configuration,,,,,,,,,
,670eeb73d338776d,47,1,1ba66,xDCI Support,Disabled,"Disabled,Enabled","Enable/Disable xDCI (USB OTG Device).",""
,670eeb73d338776d,46,1,1ba8d,USB2 PHY Sus Well Power Gating,Enabled,"Disabled,Enabled","Select 'Enabled' to enable SUS Well PG for USB2 PHY. This option has no effect on PCH-H",""
,670eeb73d338776d,42,1,1bab7,USB PDO Programming,Enabled,"Disabled,Enabled","Select 'Enabled' if Port Disable Override functionality is used.",""
,670eeb73d338776d,43,1,1bad8,USB Overcurrent,Enabled,"Disabled,Enabled","Select 'Disabled' for pin-based debug. If pin-based debug is enabled but USB overcurrent is not disabled, USB DbC does not work.",""
,670eeb73d338776d,44,1,1baf9,USB Overcurrent Lock,Enabled,"Disabled,Enabled","Select 'Enabled' if Overcurrent functionality is used. Enabling this will make xHCI controller consume the Overcurrent mapping data",""
,670eeb73d338776d,783,1,1bb1a,USB Audio Offload,Disabled,"Disabled,Enabled","Enable/Disable USB Audio Offload functionality",""
,670eeb73d338776d,7f4,1,1bb3b,Enable HSII on xHCI,Enabled,"Disabled,Enabled","Enable/Disable HSII feature. It may lead to increased power consumption.",""
,670eeb73d338776d,27,1,1bb65,USB Port Disable Override,Disable,"Disable,Select Per-Pin","Selectively Enable/Disable the corresponding USB port from reporting a Device Connection to the controller.",""
*,670eeb73d338776d,38,1,1bbaa,USB SS Physical Connector #0,Enabled,"Disabled,Enabled","Enable/Disable this USB Physical Connector (physical port).  Once disabled, any USB devices plug into the connector will not be detected by BIOS or OS.","sif 8ee=0;sif 102c 0 <="
*,670eeb73d338776d,39,1,1bbda,USB SS Physical Connector #1,Enabled,"Disabled,Enabled","Enable/Disable this USB Physical Connector (physical port).  Once disabled, any USB devices plug into the connector will not be detected by BIOS or OS.","sif 8ee=0;sif 102c 1 <="
*,670eeb73d338776d,3a,1,1bc0a,USB SS Physical Connector #2,Enabled,"Disabled,Enabled","Enable/Disable this USB Physical Connector (physical port).  Once disabled, any USB devices plug into the connector will not be detected by BIOS or OS.","sif 8ee=0;sif 102c 2 <="
*,670eeb73d338776d,3b,1,1bc3a,USB SS Physical Connector #3,Enabled,"Disabled,Enabled","Enable/Disable this USB Physical Connector (physical port).  Once disabled, any USB devices plug into the connector will not be detected by BIOS or OS.","sif 8ee=0;sif 102c 3 <="
*,670eeb73d338776d,3c,1,1bc6a,USB SS Physical Connector #4,Enabled,"Disabled,Enabled","Enable/Disable this USB Physical Connector (physical port).  Once disabled, any USB devices plug into the connector will not be detected by BIOS or OS.","sif 8ee=0;sif 102c 4 <="
*,670eeb73d338776d,3d,1,1bc9a,USB SS Physical Connector #5,Enabled,"Disabled,Enabled","Enable/Disable this USB Physical Connector (physical port).  Once disabled, any USB devices plug into the connector will not be detected by BIOS or OS.","sif 8ee=0;sif 102c 5 <="
*,670eeb73d338776d,3e,1,1bcca,USB SS Physical Connector #6,Enabled,"Disabled,Enabled","Enable/Disable this USB Physical Connector (physical port).  Once disabled, any USB devices plug into the connector will not be detected by BIOS or OS.","sif 8ee=0;sif 102c 6 <="
*,670eeb73d338776d,3f,1,1bcfa,USB SS Physical Connector #7,Enabled,"Disabled,Enabled","Enable/Disable this USB Physical Connector (physical port).  Once disabled, any USB devices plug into the connector will not be detected by BIOS or OS.","sif 8ee=0;sif 102c 7 <="
*,670eeb73d338776d,40,1,1bd2a,USB SS Physical Connector #8,Enabled,"Disabled,Enabled","Enable/Disable this USB Physical Connector (physical port).  Once disabled, any USB devices plug into the connector will not be detected by BIOS or OS.","sif 8ee=0;sif 102c 8 <="
*,670eeb73d338776d,41,1,1bd5a,USB SS Physical Connector #9,Enabled,"Disabled,Enabled","Enable/Disable this USB Physical Connector (physical port).  Once disabled, any USB devices plug into the connector will not be detected by BIOS or OS.","sif 8ee=0;sif 102c 9 <="
*,670eeb73d338776d,28,1,1bd8a,USB HS Physical Connector #0,Enabled,"Disabled,Enabled","Enable/Disable this USB Physical Connector (physical port).  Once disabled, any USB devices plug into the connector will not be detected by BIOS or OS.","sif 8ee=0;sif 102b 0 <="
*,670eeb73d338776d,29,1,1bdba,USB HS Physical Connector #1,Enabled,"Disabled,Enabled","Enable/Disable this USB Physical Connector (physical port).  Once disabled, any USB devices plug into the connector will not be detected by BIOS or OS.","sif 8ee=0;sif 102b 1 <="
*,670eeb73d338776d,2a,1,1bdea,USB HS Physical Connector #2,Enabled,"Disabled,Enabled","Enable/Disable this USB Physical Connector (physical port).  Once disabled, any USB devices plug into the connector will not be detected by BIOS or OS.","sif 8ee=0;sif 102b 2 <="
*,670eeb73d338776d,2b,1,1be1a,USB HS Physical Connector #3,Enabled,"Disabled,Enabled","Enable/Disable this USB Physical Connector (physical port).  Once disabled, any USB devices plug into the connector will not be detected by BIOS or OS.","sif 8ee=0;sif 102b 3 <="
*,670eeb73d338776d,2c,1,1be4a,USB HS Physical Connector #4,Enabled,"Disabled,Enabled","Enable/Disable this USB Physical Connector (physical port).  Once disabled, any USB devices plug into the connector will not be detected by BIOS or OS.","sif 8ee=0;sif 102b 4 <="
*,670eeb73d338776d,2d,1,1be7a,USB HS Physical Connector #5,Enabled,"Disabled,Enabled","Enable/Disable this USB Physical Connector (physical port).  Once disabled, any USB devices plug into the connector will not be detected by BIOS or OS.","sif 8ee=0;sif 102b 5 <="
*,670eeb73d338776d,2e,1,1beaa,USB HS Physical Connector #6,Enabled,"Disabled,Enabled","Enable/Disable this USB Physical Connector (physical port).  Once disabled, any USB devices plug into the connector will not be detected by BIOS or OS.","sif 8ee=0;sif 102b 6 <="
*,670eeb73d338776d,2f,1,1beda,USB HS Physical Connector #7,Enabled,"Disabled,Enabled","Enable/Disable this USB Physical Connector (physical port).  Once disabled, any USB devices plug into the connector will not be detected by BIOS or OS.","sif 8ee=0;sif 102b 7 <="
*,670eeb73d338776d,30,1,1bf0a,USB HS Physical Connector #8,Enabled,"Disabled,Enabled","Enable/Disable this USB Physical Connector (physical port).  Once disabled, any USB devices plug into the connector will not be detected by BIOS or OS.","sif 8ee=0;sif 102b 8 <="
*,670eeb73d338776d,31,1,1bf3a,USB HS Physical Connector #9,Enabled,"Disabled,Enabled","Enable/Disable this USB Physical Connector (physical port).  Once disabled, any USB devices plug into the connector will not be detected by BIOS or OS.","sif 8ee=0;sif 102b 9 <="
*,670eeb73d338776d,32,1,1bf6a,USB HS Physical Connector #10,Enabled,"Disabled,Enabled","Enable/Disable this USB Physical Connector (physical port).  Once disabled, any USB devices plug into the connector will not be detected by BIOS or OS.","sif 8ee=0;sif 102b 10 <="
*,670eeb73d338776d,33,1,1bf9a,USB HS Physical Connector #11,Enabled,"Disabled,Enabled","Enable/Disable this USB Physical Connector (physical port).  Once disabled, any USB devices plug into the connector will not be detected by BIOS or OS.","sif 8ee=0;sif 102b 11 <="
*,670eeb73d338776d,34,1,1bfca,USB HS Physical Connector #12,Enabled,"Disabled,Enabled","Enable/Disable this USB Physical Connector (physical port).  Once disabled, any USB devices plug into the connector will not be detected by BIOS or OS.","sif 8ee=0;sif 102b 12 <="
*,670eeb73d338776d,35,1,1bffa,USB HS Physical Connector #13,Enabled,"Disabled,Enabled","Enable/Disable this USB Physical Connector (physical port).  Once disabled, any USB devices plug into the connector will not be detected by BIOS or OS.","sif 8ee=0;sif 102b 13 <="
*,2a9481a84954a43e,4b,1,1c034,USB Sensor Hub,Disabled,"Enabled,Disabled","USB Sensor Hub enable/disable","sif 89f=2 !"
Form 4146 (SATA Configuration),,,,,,,,,
SATA Configuration,,,,,,,,,
,670eeb73d338776d,48,1,1c071,SATA Controller(s),Enabled,"Enabled,Disabled","Enable/Disable SATA Device.",""
*,670eeb73d338776d,49,1,1c0a0,SATA Mode Selection,AHCI,"AHCI","Determines how SATA controller(s) operate.","sif 908=0"
*,670eeb73d338776d,93,1,1c0ba,SATA Test Mode,Disabled,"Enabled,Disabled","Test Mode Enable/Disable (Loop Back).","sif 908=0"
>Software Feature Mask Configuration,,,,,,,,,
*,670eeb73d338776d,92,1,1c0f4,Aggressive LPM Support,Enabled,"Disabled,Enabled","Enable PCH to aggressively enter link power state.","sif 908=0;sif 90a=1"
*,670eeb73d338776d,4a,1,1c13a,Port 0,Enabled,"Disabled,Enabled","Enable or Disable SATA Port","sif 908=0;sif 90a=1"
*,670eeb73d338776d,52,1,1c165,Hot Plug,Disabled,"Disabled,Enabled","Designates this port as Hot Pluggable.","sif 908=0;sif 90f=1"
*,670eeb73d338776d,6a,1,1c190,External,Disabled,"Disabled,Enabled","Marks this port as external.","sif 908=0"
*,670eeb73d338776d,5a,1,1c1b9,Mechanical Presence Switch,Disabled,"Disabled,Enabled","Controls reporting if this port has an Mechanical Presence Switch.

Note: Requires hardware support.","sif 908=0;sif 90e=0"
*,670eeb73d338776d,62,1,1c1dc,Spin Up Device,Disabled,"Disabled,Enabled","If enabled for any of ports Staggerred Spin Up will be performed and only the drives which have this option enabled will spin up at boot. Otherwise all drives spin up at boot.","sif 908=0"
*,670eeb73d338776d,72,1,1c1fd,SATA Device Type,Hard Disk Drive,"Hard Disk Drive,Solid State Drive","Identify the SATA port is connected to Solid State Drive or Hard Disk Drive","sif 908=0"
*,670eeb73d338776d,7a,1,1c21e,Topology,Unknown,"Unknown,ISATA,Direct Connect,Flex,M2","Identify the SATA Topology if it is Default or ISATA or Flex or DirectConnect or M2","sif 908=0"
*,670eeb73d338776d,94,1,1c254,SATA Port 0 DevSlp,Disabled,"Disabled,Enabled","Enable/Disable SATA Port 0 DevSlp. For DevSlp to work, both hard drive and SATA port need to support DevSlp function, otherwise an unexpected behavior might happen. Please check board design before enabling it.","sif 908=0"
*,670eeb73d338776d,9c,1,1c27b,DITO Configuration,Disabled,"Disabled,Enabled","Enable/Disable DITO Configuration","sif 908=0"
*,670eeb73d338776d,a4,2,1c2a4,DITO Value,625,"Step=0,Min=0,Max=1023","DITO Value","sif 908=0;gif 915=0"
*,670eeb73d338776d,b4,1,1c2c1,DM Value,15,"Step=0,Min=0,Max=15","DM Value","sif 908=0;gif 915=0"
*,670eeb73d338776d,4b,1,1c2f6,Port 1,Enabled,"Disabled,Enabled","Enable or Disable SATA Port","sif 908=0;sif 90a=1"
*,670eeb73d338776d,53,1,1c321,Hot Plug,Disabled,"Disabled,Enabled","Designates this port as Hot Pluggable.","sif 908=0;sif 91a=1"
*,670eeb73d338776d,6b,1,1c34c,External,Disabled,"Disabled,Enabled","Marks this port as external.","sif 908=0"
*,670eeb73d338776d,5b,1,1c375,Mechanical Presence Switch,Disabled,"Disabled,Enabled","Controls reporting if this port has an Mechanical Presence Switch.

Note: Requires hardware support.","sif 908=0;sif 919=0"
*,670eeb73d338776d,63,1,1c398,Spin Up Device,Disabled,"Disabled,Enabled","If enabled for any of ports Staggerred Spin Up will be performed and only the drives which have this option enabled will spin up at boot. Otherwise all drives spin up at boot.","sif 908=0"
*,670eeb73d338776d,73,1,1c3b9,SATA Device Type,Hard Disk Drive,"Hard Disk Drive,Solid State Drive","Identify the SATA port is connected to Solid State Drive or Hard Disk Drive","sif 908=0"
*,670eeb73d338776d,7b,1,1c3da,Topology,Unknown,"Unknown,ISATA,Direct Connect,Flex,M2","Identify the SATA Topology if it is Default or ISATA or Flex or DirectConnect or M2","sif 908=0"
*,670eeb73d338776d,95,1,1c416,SATA Port 1 DevSlp,Disabled,"Disabled,Enabled","Enable/Disable SATA Port 1 DevSlp. For DevSlp to work, both hard drive and SATA port need to support DevSlp function, otherwise an unexpected behavior might happen. Please check board design before enabling it.","sif 908=0"
*,670eeb73d338776d,9d,1,1c43d,DITO Configuration,Disabled,"Disabled,Enabled","Enable/Disable DITO Configuration","sif 908=0"
*,670eeb73d338776d,a6,2,1c466,DITO Value,625,"Step=0,Min=0,Max=1023","DITO Value","sif 908=0;gif 920=0"
*,670eeb73d338776d,b5,1,1c483,DM Value,15,"Step=0,Min=0,Max=15","DM Value","sif 908=0;gif 920=0"
*,670eeb73d338776d,4c,1,1c4b8,Port 2,Enabled,"Disabled,Enabled","Enable or Disable SATA Port","sif 908=0;sif 90a=1"
*,670eeb73d338776d,54,1,1c4e3,Hot Plug,Disabled,"Disabled,Enabled","Designates this port as Hot Pluggable.","sif 908=0;sif 925=1"
*,670eeb73d338776d,6c,1,1c50e,External,Disabled,"Disabled,Enabled","Marks this port as external.","sif 908=0"
*,670eeb73d338776d,5c,1,1c537,Mechanical Presence Switch,Disabled,"Disabled,Enabled","Controls reporting if this port has an Mechanical Presence Switch.

Note: Requires hardware support.","sif 908=0;sif 924=0"
*,670eeb73d338776d,64,1,1c55a,Spin Up Device,Disabled,"Disabled,Enabled","If enabled for any of ports Staggerred Spin Up will be performed and only the drives which have this option enabled will spin up at boot. Otherwise all drives spin up at boot.","sif 908=0"
*,670eeb73d338776d,74,1,1c57b,SATA Device Type,Hard Disk Drive,"Hard Disk Drive,Solid State Drive","Identify the SATA port is connected to Solid State Drive or Hard Disk Drive","sif 908=0"
*,670eeb73d338776d,7c,1,1c59c,Topology,Unknown,"Unknown,ISATA,Direct Connect,Flex,M2","Identify the SATA Topology if it is Default or ISATA or Flex or DirectConnect or M2","sif 908=0"
*,670eeb73d338776d,96,1,1c5d8,SATA Port 2 DevSlp,Disabled,"Disabled,Enabled","Enable/Disable SATA Port 2 DevSlp. For DevSlp to work, both hard drive and SATA port need to support DevSlp function, otherwise an unexpected behavior might happen. Please check board design before enabling it.","sif 908=0"
*,670eeb73d338776d,9e,1,1c5ff,DITO Configuration,Disabled,"Disabled,Enabled","Enable/Disable DITO Configuration","sif 908=0"
*,670eeb73d338776d,a8,2,1c628,DITO Value,625,"Step=0,Min=0,Max=1023","DITO Value","sif 908=0;gif 92b=0"
*,670eeb73d338776d,b6,1,1c645,DM Value,15,"Step=0,Min=0,Max=15","DM Value","sif 908=0;gif 92b=0"
*,670eeb73d338776d,4d,1,1c686,Port 3,Enabled,"Disabled,Enabled","Enable or Disable SATA Port","sif 908=0;sif 1017=1 !;sif 90a=1"
*,670eeb73d338776d,55,1,1c6b1,Hot Plug,Disabled,"Disabled,Enabled","Designates this port as Hot Pluggable.","sif 908=0;sif 1017=1 !;sif 930=1"
*,670eeb73d338776d,6d,1,1c6dc,External,Disabled,"Disabled,Enabled","Marks this port as external.","sif 908=0;sif 1017=1 !"
*,670eeb73d338776d,5d,1,1c705,Mechanical Presence Switch,Disabled,"Disabled,Enabled","Controls reporting if this port has an Mechanical Presence Switch.

Note: Requires hardware support.","sif 908=0;sif 1017=1 !;sif 92f=0"
*,670eeb73d338776d,65,1,1c728,Spin Up Device,Disabled,"Disabled,Enabled","If enabled for any of ports Staggerred Spin Up will be performed and only the drives which have this option enabled will spin up at boot. Otherwise all drives spin up at boot.","sif 908=0;sif 1017=1 !"
*,670eeb73d338776d,75,1,1c749,SATA Device Type,Hard Disk Drive,"Hard Disk Drive,Solid State Drive","Identify the SATA port is connected to Solid State Drive or Hard Disk Drive","sif 908=0;sif 1017=1 !"
*,670eeb73d338776d,7d,1,1c76a,Topology,Unknown,"Unknown,ISATA,Direct Connect,Flex,M2","Identify the SATA Topology if it is Default or ISATA or Flex or DirectConnect or M2","sif 908=0;sif 1017=1 !"
*,670eeb73d338776d,97,1,1c7a6,SATA Port 3 DevSlp,Disabled,"Disabled,Enabled","Enable/Disable SATA Port 3 DevSlp. For DevSlp to work, both hard drive and SATA port need to support DevSlp function, otherwise an unexpected behavior might happen. Please check board design before enabling it.","sif 908=0;sif 1017=1 !"
*,670eeb73d338776d,9f,1,1c7c7,DITO Configuration,Disabled,"Disabled,Enabled","Enable/Disable DITO Configuration","sif 908=0;sif 1017=1 !"
*,670eeb73d338776d,aa,2,1c7f0,DITO Value,625,"Step=0,Min=0,Max=1023","DITO Value","sif 908=0;sif 1017=1 !;gif 936=0"
*,670eeb73d338776d,b7,1,1c80d,DM Value,15,"Step=0,Min=0,Max=15","DM Value","sif 908=0;sif 1017=1 !;gif 936=0"
*,670eeb73d338776d,4e,1,1c842,Port 4,Enabled,"Disabled,Enabled","Enable or Disable SATA Port","sif 908=0;sif 1017=1 !;sif 90a=1"
*,670eeb73d338776d,56,1,1c86d,Hot Plug,Disabled,"Disabled,Enabled","Designates this port as Hot Pluggable.","sif 908=0;sif 1017=1 !;sif 93b=1"
*,670eeb73d338776d,6e,1,1c898,External,Disabled,"Disabled,Enabled","Marks this port as external.","sif 908=0;sif 1017=1 !"
*,670eeb73d338776d,5e,1,1c8c1,Mechanical Presence Switch,Disabled,"Disabled,Enabled","Controls reporting if this port has an Mechanical Presence Switch.

Note: Requires hardware support.","sif 908=0;sif 1017=1 !;sif 93a=0"
*,670eeb73d338776d,66,1,1c8e4,Spin Up Device,Disabled,"Disabled,Enabled","If enabled for any of ports Staggerred Spin Up will be performed and only the drives which have this option enabled will spin up at boot. Otherwise all drives spin up at boot.","sif 908=0;sif 1017=1 !"
*,670eeb73d338776d,76,1,1c905,SATA Device Type,Hard Disk Drive,"Hard Disk Drive,Solid State Drive","Identify the SATA port is connected to Solid State Drive or Hard Disk Drive","sif 908=0;sif 1017=1 !"
*,670eeb73d338776d,7e,1,1c926,Topology,Unknown,"Unknown,ISATA,Direct Connect,Flex,M2","Identify the SATA Topology if it is Default or ISATA or Flex or DirectConnect or M2","sif 908=0;sif 1017=1 !"
*,670eeb73d338776d,98,1,1c962,SATA Port 4 DevSlp,Disabled,"Disabled,Enabled","Enable/Disable SATA Port 4 DevSlp. For DevSlp to work, both hard drive and SATA port need to support DevSlp function, otherwise an unexpected behavior might happen. Please check board design before enabling it.","sif 908=0;sif 1017=1 !"
*,670eeb73d338776d,a0,1,1c983,DITO Configuration,Disabled,"Disabled,Enabled","Enable/Disable DITO Configuration","sif 908=0;sif 1017=1 !"
*,670eeb73d338776d,ac,2,1c9ac,DITO Value,625,"Step=0,Min=0,Max=1023","DITO Value","sif 908=0;sif 1017=1 !;gif 941=0"
*,670eeb73d338776d,b8,1,1c9c9,DM Value,15,"Step=0,Min=0,Max=15","DM Value","sif 908=0;sif 1017=1 !;gif 941=0"
*,670eeb73d338776d,4f,1,1c9fe,Port 5,Enabled,"Disabled,Enabled","Enable or Disable SATA Port","sif 908=0;sif 1017=1 !;sif 90a=1"
*,670eeb73d338776d,57,1,1ca29,Hot Plug,Disabled,"Disabled,Enabled","Designates this port as Hot Pluggable.","sif 908=0;sif 1017=1 !;sif 946=1"
*,670eeb73d338776d,6f,1,1ca54,External,Disabled,"Disabled,Enabled","Marks this port as external.","sif 908=0;sif 1017=1 !"
*,670eeb73d338776d,5f,1,1ca7d,Mechanical Presence Switch,Disabled,"Disabled,Enabled","Controls reporting if this port has an Mechanical Presence Switch.

Note: Requires hardware support.","sif 908=0;sif 1017=1 !;sif 945=0"
*,670eeb73d338776d,67,1,1caa0,Spin Up Device,Disabled,"Disabled,Enabled","If enabled for any of ports Staggerred Spin Up will be performed and only the drives which have this option enabled will spin up at boot. Otherwise all drives spin up at boot.","sif 908=0;sif 1017=1 !"
*,670eeb73d338776d,77,1,1cac1,SATA Device Type,Hard Disk Drive,"Hard Disk Drive,Solid State Drive","Identify the SATA port is connected to Solid State Drive or Hard Disk Drive","sif 908=0;sif 1017=1 !"
*,670eeb73d338776d,7f,1,1cae2,Topology,Unknown,"Unknown,ISATA,Direct Connect,Flex,M2","Identify the SATA Topology if it is Default or ISATA or Flex or DirectConnect or M2","sif 908=0;sif 1017=1 !"
*,670eeb73d338776d,99,1,1cb18,SATA Port 5 DevSlp,Disabled,"Disabled,Enabled","Enable/Disable SATA Port 5 DevSlp. For DevSlp to work, both hard drive and SATA port need to support DevSlp function, otherwise an unexpected behavior might happen. Please check board design before enabling it.","sif 908=0;sif 1017=1 !"
*,670eeb73d338776d,a1,1,1cb39,DITO Configuration,Disabled,"Disabled,Enabled","Enable/Disable DITO Configuration","sif 908=0;sif 1017=1 !"
*,670eeb73d338776d,ae,2,1cb62,DITO Value,625,"Step=0,Min=0,Max=1023","DITO Value","sif 908=0;sif 1017=1 !;gif 94c=0"
*,670eeb73d338776d,b9,1,1cb7f,DM Value,15,"Step=0,Min=0,Max=15","DM Value","sif 908=0;sif 1017=1 !;gif 94c=0"
*,670eeb73d338776d,50,1,1cbb4,Port 6,Enabled,"Disabled,Enabled","Enable or Disable SATA Port","sif 908=0;sif 1017=1 !;sif 90a=1"
*,670eeb73d338776d,58,1,1cbdf,Hot Plug,Disabled,"Disabled,Enabled","Designates this port as Hot Pluggable.","sif 908=0;sif 1017=1 !;sif 951=1"
*,670eeb73d338776d,70,1,1cc0a,External,Disabled,"Disabled,Enabled","Marks this port as external.","sif 908=0;sif 1017=1 !"
*,670eeb73d338776d,60,1,1cc33,Mechanical Presence Switch,Disabled,"Disabled,Enabled","Controls reporting if this port has an Mechanical Presence Switch.

Note: Requires hardware support.","sif 908=0;sif 1017=1 !;sif 950=0"
*,670eeb73d338776d,68,1,1cc56,Spin Up Device,Disabled,"Disabled,Enabled","If enabled for any of ports Staggerred Spin Up will be performed and only the drives which have this option enabled will spin up at boot. Otherwise all drives spin up at boot.","sif 908=0;sif 1017=1 !"
*,670eeb73d338776d,78,1,1cc77,SATA Device Type,Hard Disk Drive,"Hard Disk Drive,Solid State Drive","Identify the SATA port is connected to Solid State Drive or Hard Disk Drive","sif 908=0;sif 1017=1 !"
*,670eeb73d338776d,80,1,1cc98,Topology,Unknown,"Unknown,ISATA,Direct Connect,Flex,M2","Identify the SATA Topology if it is Default or ISATA or Flex or DirectConnect or M2","sif 908=0;sif 1017=1 !"
*,670eeb73d338776d,9a,1,1ccce,SATA Port 6 DevSlp,Disabled,"Disabled,Enabled","Enable/Disable SATA Port 6 DevSlp. For DevSlp to work, both hard drive and SATA port need to support DevSlp function, otherwise an unexpected behavior might happen. Please check board design before enabling it.","sif 908=0;sif 1017=1 !"
*,670eeb73d338776d,a2,1,1ccef,DITO Configuration,Disabled,"Disabled,Enabled","Enable/Disable DITO Configuration","sif 908=0;sif 1017=1 !"
*,670eeb73d338776d,b0,2,1cd18,DITO Value,625,"Step=0,Min=0,Max=1023","DITO Value","sif 908=0;sif 1017=1 !;gif 957=0"
*,670eeb73d338776d,ba,1,1cd35,DM Value,15,"Step=0,Min=0,Max=15","DM Value","sif 908=0;sif 1017=1 !;gif 957=0"
*,670eeb73d338776d,51,1,1cd6a,Port 7,Enabled,"Disabled,Enabled","Enable or Disable SATA Port","sif 908=0;sif 1017=1 !;sif 90a=1"
*,670eeb73d338776d,59,1,1cd95,Hot Plug,Disabled,"Disabled,Enabled","Designates this port as Hot Pluggable.","sif 908=0;sif 1017=1 !;sif 95c=1"
*,670eeb73d338776d,71,1,1cdc0,External,Disabled,"Disabled,Enabled","Marks this port as external.","sif 908=0;sif 1017=1 !"
*,670eeb73d338776d,61,1,1cde9,Mechanical Presence Switch,Disabled,"Disabled,Enabled","Controls reporting if this port has an Mechanical Presence Switch.

Note: Requires hardware support.","sif 908=0;sif 1017=1 !;sif 95b=0"
*,670eeb73d338776d,69,1,1ce0c,Spin Up Device,Disabled,"Disabled,Enabled","If enabled for any of ports Staggerred Spin Up will be performed and only the drives which have this option enabled will spin up at boot. Otherwise all drives spin up at boot.","sif 908=0;sif 1017=1 !"
*,670eeb73d338776d,79,1,1ce2d,SATA Device Type,Hard Disk Drive,"Hard Disk Drive,Solid State Drive","Identify the SATA port is connected to Solid State Drive or Hard Disk Drive","sif 908=0;sif 1017=1 !"
*,670eeb73d338776d,81,1,1ce4e,Topology,Unknown,"Unknown,ISATA,Direct Connect,Flex,M2","Identify the SATA Topology if it is Default or ISATA or Flex or DirectConnect or M2","sif 908=0;sif 1017=1 !"
*,670eeb73d338776d,9b,1,1ce84,SATA Port 7 DevSlp,Disabled,"Disabled,Enabled","Enable/Disable SATA Port 7 DevSlp. For DevSlp to work, both hard drive and SATA port need to support DevSlp function, otherwise an unexpected behavior might happen. Please check board design before enabling it.","sif 908=0;sif 1017=1 !"
*,670eeb73d338776d,a3,1,1cea5,DITO Configuration,Disabled,"Disabled,Enabled","Enable/Disable DITO Configuration","sif 908=0;sif 1017=1 !"
*,670eeb73d338776d,b2,2,1cece,DITO Value,625,"Step=0,Min=0,Max=1023","DITO Value","sif 908=0;sif 1017=1 !;gif 962=0"
*,670eeb73d338776d,bb,1,1ceeb,DM Value,15,"Step=0,Min=0,Max=15","DM Value","sif 908=0;sif 1017=1 !;gif 962=0"
Form 4400 (PCIe EQ settings),,,,,,,,,
,670eeb73d338776d,3bc,1,1cf12,PCIe EQ override,0,"Bool=0,1,None","Choose your own PCIe EQ settings, only for users who have a thorough understanding of equalization process",""
*,670eeb73d338776d,3bd,1,1cf30,PCIe EQ method,PCIe hardware EQ,"PCIe hardware EQ,PCIe fixed EQ","Choose PCIe EQ method","sif 965=0"
*,670eeb73d338776d,3be,1,1cf51,PCIe EQ mode,Use presets during EQ,"Use presets during EQ,Use coefficients during EQ","Choose EQ mode. Preset mode - root port will use presets during EQ process, Coefficient mode - root port will use coefficients during EQ process","sif 965=0"
*,670eeb73d338776d,3c0,1,1cf72,EQ PH1 downstream port transmitter preset,0,"Step=1,Min=0,Max=10","Choose the value of the preset that will be used during phase 1 of the equalization","sif 965=0"
*,670eeb73d338776d,3c1,1,1cf8b,EQ PH1 upstream port transmitter preset,0,"Step=1,Min=0,Max=10","Choose the value of the preset that will be used during phase 1 of the equalization","sif 965=0"
*,670eeb73d338776d,3bf,1,1cfa4,Enable EQ phase 2 local transmitter override,0,"Bool=0,1,None","EQ Phase 2 local transmitter override can be used to debug issues with PCI devices equalization.","sif 965=0"
*,670eeb73d338776d,3e2,1,1cfc2,EQ Phase 2 local transmitter override preset,0,"Step=1,Min=0,Max=10","Select preset which will be used during phase 2 of the PCIe EQ process","sif 965=0;sif 96a=0"
*,670eeb73d338776d,3c2,1,1cfdd,Number of presets or coefficients used during phase 3,0,"Step=1,Min=0,Max=11","Select how many presets or coefficients will be used during phase 3 of EQ. Please not that you have to set all of the list entries to valid values. The interpretation of this field depends on PCIe EQ mode","sif 965=0"
*,670eeb73d338776d,3d7,1,1d002,Preset 0,0,"Step=1,Min=0,Max=63","Choose the target preset value","sif 965=0;sif 967=0 !"
*,670eeb73d338776d,3d8,1,1d01b,Preset 1,0,"Step=1,Min=0,Max=63","Choose the target preset value","sif 965=0;sif 967=0 !"
*,670eeb73d338776d,3d9,1,1d034,Preset 2,0,"Step=1,Min=0,Max=63","Choose the target preset value","sif 965=0;sif 967=0 !"
*,670eeb73d338776d,3da,1,1d04d,Preset 3,0,"Step=1,Min=0,Max=63","Choose the target preset value","sif 965=0;sif 967=0 !"
*,670eeb73d338776d,3db,1,1d066,Preset 4,0,"Step=1,Min=0,Max=63","Choose the target preset value","sif 965=0;sif 967=0 !"
*,670eeb73d338776d,3dc,1,1d07f,Preset 5,0,"Step=1,Min=0,Max=63","Choose the target preset value","sif 965=0;sif 967=0 !"
*,670eeb73d338776d,3dd,1,1d098,Preset 6,0,"Step=1,Min=0,Max=63","Choose the target preset value","sif 965=0;sif 967=0 !"
*,670eeb73d338776d,3de,1,1d0b1,Preset 7,0,"Step=1,Min=0,Max=63","Choose the target preset value","sif 965=0;sif 967=0 !"
*,670eeb73d338776d,3df,1,1d0ca,Preset 8,0,"Step=1,Min=0,Max=63","Choose the target preset value","sif 965=0;sif 967=0 !"
*,670eeb73d338776d,3e0,1,1d0e3,Preset 9,0,"Step=1,Min=0,Max=63","Choose the target preset value","sif 965=0;sif 967=0 !"
*,670eeb73d338776d,3e1,1,1d0fc,Preset 10,0,"Step=1,Min=0,Max=63","Choose the target preset value","sif 965=0;sif 967=0 !"
*,670eeb73d338776d,3c3,1,1d123,Pre-cursor coefficient 0,0,"Step=1,Min=0,Max=63","Choose the target pre-cursor coefficient value","sif 965=0;sif 967=1 !"
*,670eeb73d338776d,3cd,1,1d13c,Post-cursor coefficient 0,0,"Step=1,Min=0,Max=63","Choose the target post-curosr coefficient value","sif 965=0;sif 967=1 !"
*,670eeb73d338776d,3c4,1,1d155,Pre-cursor coefficient 1,0,"Step=1,Min=0,Max=63","Choose the target pre-cursor coefficient value","sif 965=0;sif 967=1 !"
*,670eeb73d338776d,3ce,1,1d16e,Post-cursor coefficient 1,0,"Step=1,Min=0,Max=63","Choose the target post-curosr coefficient value","sif 965=0;sif 967=1 !"
*,670eeb73d338776d,3c5,1,1d187,Pre-cursor coefficient 2,0,"Step=1,Min=0,Max=63","Choose the target pre-cursor coefficient value","sif 965=0;sif 967=1 !"
*,670eeb73d338776d,3cf,1,1d1a0,Post-cursor coefficient 2,0,"Step=1,Min=0,Max=63","Choose the target post-curosr coefficient value","sif 965=0;sif 967=1 !"
*,670eeb73d338776d,3c6,1,1d1b9,Pre-cursor coefficient 3,0,"Step=1,Min=0,Max=63","Choose the target pre-cursor coefficient value","sif 965=0;sif 967=1 !"
*,670eeb73d338776d,3d0,1,1d1d2,Post-cursor coefficient 3,0,"Step=1,Min=0,Max=63","Choose the target post-curosr coefficient value","sif 965=0;sif 967=1 !"
*,670eeb73d338776d,3c7,1,1d1eb,Pre-cursor coefficient 4,0,"Step=1,Min=0,Max=63","Choose the target pre-cursor coefficient value","sif 965=0;sif 967=1 !"
*,670eeb73d338776d,3d1,1,1d204,Post-cursor coefficient 4,0,"Step=1,Min=0,Max=63","Choose the target post-curosr coefficient value","sif 965=0;sif 967=1 !"
*,670eeb73d338776d,3c8,1,1d21d,Pre-cursor coefficient 5,0,"Step=1,Min=0,Max=63","Choose the target pre-cursor coefficient value","sif 965=0;sif 967=1 !"
*,670eeb73d338776d,3d2,1,1d236,Post-cursor coefficient 5,0,"Step=1,Min=0,Max=63","Choose the target post-curosr coefficient value","sif 965=0;sif 967=1 !"
*,670eeb73d338776d,3c9,1,1d24f,Pre-cursor coefficient 6,0,"Step=1,Min=0,Max=63","Choose the target pre-cursor coefficient value","sif 965=0;sif 967=1 !"
*,670eeb73d338776d,3d3,1,1d268,Post-cursor coefficient 6,0,"Step=1,Min=0,Max=63","Choose the target post-curosr coefficient value","sif 965=0;sif 967=1 !"
*,670eeb73d338776d,3ca,1,1d281,Pre-cursor coefficient 7,0,"Step=1,Min=0,Max=63","Choose the target pre-cursor coefficient value","sif 965=0;sif 967=1 !"
*,670eeb73d338776d,3d4,1,1d29a,Post-cursor coefficient 7,0,"Step=1,Min=0,Max=63","Choose the target post-curosr coefficient value","sif 965=0;sif 967=1 !"
*,670eeb73d338776d,3cb,1,1d2b3,Pre-cursor coefficient 8,0,"Step=1,Min=0,Max=63","Choose the target pre-cursor coefficient value","sif 965=0;sif 967=1 !"
*,670eeb73d338776d,3d5,1,1d2cc,Post-cursor coefficient 8,0,"Step=1,Min=0,Max=63","Choose the target post-curosr coefficient value","sif 965=0;sif 967=1 !"
*,670eeb73d338776d,3cc,1,1d2e5,Pre-cursor coefficient 9,0,"Step=1,Min=0,Max=63","Choose the target pre-cursor coefficient value","sif 965=0;sif 967=1 !"
*,670eeb73d338776d,3d6,1,1d2fe,Post-cursor coefficient 9,0,"Step=1,Min=0,Max=63","Choose the target post-curosr coefficient value","sif 965=0;sif 967=1 !"
Form 5500 (PCI Express Root Port 1),,,,,,,,,
,670eeb73d338776d,ff,1,1d323,PCI Express Root Port 1,Enabled,"Disabled,Enabled","Control the PCI Express Root Port.",""
*,670eeb73d338776d,367,1,1d354,Connection Type,Slot,"Built-in,Slot","Built-In: a built-in device is connected to this rootport. SlotImplemented bit will be clear. Slot: this rootport connects to user-accessible slot. SlotImplemented bit will be set.","sif 98c=0;gif 99a=1"
*,670eeb73d338776d,11b,1,1d377,ASPM,Auto,"Disabled,L1,Auto","PCI Express Active State Power Management settings.","sif 98c=0"
*,670eeb73d338776d,2bf,1,1d39f,L1 Substates,L1.1 & L1.2,"Disabled,L1.1,L1.1 & L1.2","PCI Express L1 Substates settings.","sif 98c=0"
*,670eeb73d338776d,2db,1,1d3c7,L1 Low,Enabled,"Disabled,Enabled","PCI Express L1 Low Substate Enable/Disable.","sif 98c=0"
*,670eeb73d338776d,2f7,1,1d3e8,ACS,Enabled,"Disabled,Enabled","Enable/Disable Access Control Services Extended Capability","sif 98c=0"
*,670eeb73d338776d,313,1,1d409,PTM,Enabled,"Disabled,Enabled","Enable/Disable Precision Time Measurement","sif 98c=0"
*,670eeb73d338776d,32f,1,1d42a,DPC,Disabled,"Disabled,Enabled","Enable/Disable Downstream Port Containment","sif 98c=0"
*,670eeb73d338776d,34b,1,1d44b,EDPC,Enabled,"Disabled,Enabled","Enable/Disable Rootport extensions for Downstream Port Containment","sif 98c=0"
*,670eeb73d338776d,137,1,1d46c,URR,Disabled,"Disabled,Enabled","PCI Express Unsupported Request Reporting Enable/Disable.","sif 98c=0"
*,670eeb73d338776d,153,1,1d48d,FER,Disabled,"Disabled,Enabled","PCI Express Device Fatal Error Reporting Enable/Disable.","sif 98c=0"
*,670eeb73d338776d,16f,1,1d4ae,NFER,Disabled,"Disabled,Enabled","PCI Express Device Non-Fatal Error Reporting Enable/Disable.","sif 98c=0"
*,670eeb73d338776d,18b,1,1d4cf,CER,Disabled,"Disabled,Enabled","PCI Express Device Correctable Error Reporting Enable/Disable.","sif 98c=0"
*,670eeb73d338776d,1df,1,1d4f0,SEFE,Disabled,"Disabled,Enabled","Root PCI Express System Error on Fatal Error Enable/Disable.","sif 98c=0"
*,670eeb73d338776d,1fb,1,1d511,SENFE,Disabled,"Disabled,Enabled","Root PCI Express System Error on Non-Fatal Error Enable/Disable.","sif 98c=0"
*,670eeb73d338776d,217,1,1d532,SECE,Disabled,"Disabled,Enabled","Root PCI Express System Error on Correctable Error Enable/Disable.","sif 98c=0"
*,670eeb73d338776d,233,1,1d553,PME SCI,Enabled,"Disabled,Enabled","PCI Express PME SCI Enable/Disable.","sif 98c=0"
*,670eeb73d338776d,24f,1,1d57c,Hot Plug,Disabled,"Disabled,Enabled","PCI Express Hot Plug Enable/Disable.","sif 98c=0;gif 98d=0"
*,670eeb73d338776d,26b,1,1d59f,Advanced Error Reporting,Disabled,"Disabled,Enabled","Advanced Error Reporting Enable/Disable.","sif 98c=0"
*,670eeb73d338776d,287,1,1d5c0,PCIe Speed,Auto,"Auto,Gen1,Gen2,Gen3","Configure PCIe Speed","sif 98c=0"
*,670eeb73d338776d,2a3,1,1d5ef,Transmitter Half Swing,Disabled,"Disabled,Enabled","Transmitter Half Swing Enable/Disable.","sif 98c=0"
*,670eeb73d338776d,383,2,1d610,Detect Timeout,0,"Step=1,Min=0,Max=65535","The number of milliseconds reference code will wait for link to exit Detect state for enabled ports before assuming there is no device and potentially disabling the port.","sif 98c=0"
*,670eeb73d338776d,51f,1,1d62d,Extra Bus Reserved,0,"Step=1,Min=0,Max=7","Extra Bus Reserved (0-7) for bridges behind this Root Bridge.","sif 98c=0"
*,670eeb73d338776d,53b,2,1d646,Reserved Memory,10,"Step=1,Min=1,Max=20","Reserved Memory for this Root Bridge (1-20) MB","sif 98c=0"
*,670eeb73d338776d,573,1,1d663,Reserved I/O,4,"Step=4,Min=4,Max=20","Reserved I/O (4K/8K/12K/16K/20K) Range for this Root Bridge.","sif 98c=0"
PCH PCIe LTR Configuration,,,,,,,,,
*,670eeb73d338776d,3e3,1,1d68e,LTR,Enabled,"Disabled,Enabled","PCH PCIE Latency Reporting Enable/Disable","sif 98c=0"
*,670eeb73d338776d,41b,1,1d6b7,Snoop Latency Override,Auto,"Disabled,Manual,Auto","Snoop Latency Override for PCH PCIE.
Disabled: Disable override.
Manual: Manually enter override values.
Auto (default): Maintain default BIOS flow.","sif 98c=0;sif 9a2=0"
*,670eeb73d338776d,48b,2,1d6eb,Snoop Latency Value,60,"Step=1,Min=0,Max=1023","LTR Snoop Latency value of PCH PCIE","sif 98c=0;sif 9a2=0;sif 9a3=1 !"
*,670eeb73d338776d,437,1,1d708,Snoop Latency Multiplier,1024 ns,"1 ns,32 ns,1024 ns,32768 ns,1048576 ns,33554432 ns","LTR Snoop Latency Multiplier of PCH PCIE","sif 98c=0;sif 9a2=0;sif 9a3=1 !"
*,670eeb73d338776d,453,1,1d747,Non Snoop Latency Override,Auto,"Disabled,Manual,Auto","Non Snoop Latency Override for PCH PCIE.
Disabled: Disable override.
Manual: Manually enter override values.
Auto (default): Maintain default BIOS flow.","sif 98c=0;sif 9a2=0"
*,670eeb73d338776d,4c3,2,1d77b,Non Snoop Latency Value,60,"Step=1,Min=0,Max=1023","LTR Non Snoop Latency value of PCH PCIE","sif 98c=0;sif 9a2=0;sif 9a6=1 !"
*,670eeb73d338776d,46f,1,1d798,Non Snoop Latency Multiplier,1024 ns,"1 ns,32 ns,1024 ns,32768 ns,1048576 ns,33554432 ns","LTR Non Snoop Latency Multiplier of PCH PCIE","sif 98c=0;sif 9a2=0;sif 9a6=1 !"
*,670eeb73d338776d,3ff,1,1d7e2,LTR Lock,Disabled,"Disabled,Enabled","PCIE LTR Configuration Lock","sif 98c=0"
*,670eeb73d338776d,be,1,1d803,Peer Memory Write Enable,Disabled,"Disabled,Enabled","Peer Memory Write Enable/Disable","sif 98c=0"
Form 4148 (PCI Express Root Port 2),,,,,,,,,
,670eeb73d338776d,100,1,1d82e,PCI Express Root Port 2,Enabled,"Disabled,Enabled","Control the PCI Express Root Port.",""
*,670eeb73d338776d,368,1,1d85f,Connection Type,Slot,"Built-in,Slot","Built-In: a built-in device is connected to this rootport. SlotImplemented bit will be clear. Slot: this rootport connects to user-accessible slot. SlotImplemented bit will be set.","sif 9ab=0;gif 9b9=1"
*,670eeb73d338776d,11c,1,1d882,ASPM,Auto,"Disabled,L1,Auto","PCI Express Active State Power Management settings.","sif 9ab=0"
*,670eeb73d338776d,2c0,1,1d8aa,L1 Substates,L1.1 & L1.2,"Disabled,L1.1,L1.1 & L1.2","PCI Express L1 Substates settings.","sif 9ab=0"
*,670eeb73d338776d,2dc,1,1d8d2,L1 Low,Enabled,"Disabled,Enabled","PCI Express L1 Low Substate Enable/Disable.","sif 9ab=0"
*,670eeb73d338776d,2f8,1,1d8f3,ACS,Enabled,"Disabled,Enabled","Enable/Disable Access Control Services Extended Capability","sif 9ab=0"
*,670eeb73d338776d,314,1,1d914,PTM,Enabled,"Disabled,Enabled","Enable/Disable Precision Time Measurement","sif 9ab=0"
*,670eeb73d338776d,330,1,1d935,DPC,Disabled,"Disabled,Enabled","Enable/Disable Downstream Port Containment","sif 9ab=0"
*,670eeb73d338776d,34c,1,1d956,EDPC,Enabled,"Disabled,Enabled","Enable/Disable Rootport extensions for Downstream Port Containment","sif 9ab=0"
*,670eeb73d338776d,138,1,1d977,URR,Disabled,"Disabled,Enabled","PCI Express Unsupported Request Reporting Enable/Disable.","sif 9ab=0"
*,670eeb73d338776d,154,1,1d998,FER,Disabled,"Disabled,Enabled","PCI Express Device Fatal Error Reporting Enable/Disable.","sif 9ab=0"
*,670eeb73d338776d,170,1,1d9b9,NFER,Disabled,"Disabled,Enabled","PCI Express Device Non-Fatal Error Reporting Enable/Disable.","sif 9ab=0"
*,670eeb73d338776d,18c,1,1d9da,CER,Disabled,"Disabled,Enabled","PCI Express Device Correctable Error Reporting Enable/Disable.","sif 9ab=0"
*,670eeb73d338776d,1e0,1,1d9fb,SEFE,Disabled,"Disabled,Enabled","Root PCI Express System Error on Fatal Error Enable/Disable.","sif 9ab=0"
*,670eeb73d338776d,1fc,1,1da1c,SENFE,Disabled,"Disabled,Enabled","Root PCI Express System Error on Non-Fatal Error Enable/Disable.","sif 9ab=0"
*,670eeb73d338776d,218,1,1da3d,SECE,Disabled,"Disabled,Enabled","Root PCI Express System Error on Correctable Error Enable/Disable.","sif 9ab=0"
*,670eeb73d338776d,234,1,1da5e,PME SCI,Enabled,"Disabled,Enabled","PCI Express PME SCI Enable/Disable.","sif 9ab=0"
*,670eeb73d338776d,250,1,1da87,Hot Plug,Disabled,"Disabled,Enabled","PCI Express Hot Plug Enable/Disable.","sif 9ab=0;gif 9ac=0"
*,670eeb73d338776d,26c,1,1daaa,Advanced Error Reporting,Disabled,"Disabled,Enabled","Advanced Error Reporting Enable/Disable.","sif 9ab=0"
*,670eeb73d338776d,288,1,1dacb,PCIe Speed,Auto,"Auto,Gen1,Gen2,Gen3","Configure PCIe Speed","sif 9ab=0"
*,670eeb73d338776d,2a4,1,1dafa,Transmitter Half Swing,Disabled,"Disabled,Enabled","Transmitter Half Swing Enable/Disable.","sif 9ab=0"
*,670eeb73d338776d,385,2,1db1b,Detect Timeout,0,"Step=1,Min=0,Max=65535","The number of milliseconds reference code will wait for link to exit Detect state for enabled ports before assuming there is no device and potentially disabling the port.","sif 9ab=0"
*,670eeb73d338776d,520,1,1db38,Extra Bus Reserved,0,"Step=1,Min=0,Max=7","Extra Bus Reserved (0-7) for bridges behind this Root Bridge.","sif 9ab=0"
*,670eeb73d338776d,53d,2,1db51,Reserved Memory,10,"Step=1,Min=1,Max=20","Reserved Memory for this Root Bridge (1-20) MB","sif 9ab=0"
*,670eeb73d338776d,574,1,1db6e,Reserved I/O,4,"Step=4,Min=4,Max=20","Reserved I/O (4K/8K/12K/16K/20K) Range for this Root Bridge.","sif 9ab=0"
PCH PCIe LTR Configuration,,,,,,,,,
*,670eeb73d338776d,3e4,1,1db99,LTR,Enabled,"Disabled,Enabled","PCH PCIE Latency Reporting Enable/Disable","sif 9ab=0"
*,670eeb73d338776d,41c,1,1dbc2,Snoop Latency Override,Auto,"Disabled,Manual,Auto","Snoop Latency Override for PCH PCIE.
Disabled: Disable override.
Manual: Manually enter override values.
Auto (default): Maintain default BIOS flow.","sif 9ab=0;sif 9c1=0"
*,670eeb73d338776d,48d,2,1dbf6,Snoop Latency Value,60,"Step=1,Min=0,Max=1023","LTR Snoop Latency value of PCH PCIE","sif 9ab=0;sif 9c1=0;sif 9c2=1 !"
*,670eeb73d338776d,438,1,1dc13,Snoop Latency Multiplier,1024 ns,"1 ns,32 ns,1024 ns,32768 ns,1048576 ns,33554432 ns","LTR Snoop Latency Multiplier of PCH PCIE","sif 9ab=0;sif 9c1=0;sif 9c2=1 !"
*,670eeb73d338776d,454,1,1dc52,Non Snoop Latency Override,Auto,"Disabled,Manual,Auto","Non Snoop Latency Override for PCH PCIE.
Disabled: Disable override.
Manual: Manually enter override values.
Auto (default): Maintain default BIOS flow.","sif 9ab=0;sif 9c1=0"
*,670eeb73d338776d,4c5,2,1dc86,Non Snoop Latency Value,60,"Step=1,Min=0,Max=1023","LTR Non Snoop Latency value of PCH PCIE","sif 9ab=0;sif 9c1=0;sif 9c5=1 !"
*,670eeb73d338776d,470,1,1dca3,Non Snoop Latency Multiplier,1024 ns,"1 ns,32 ns,1024 ns,32768 ns,1048576 ns,33554432 ns","LTR Non Snoop Latency Multiplier of PCH PCIE","sif 9ab=0;sif 9c1=0;sif 9c5=1 !"
*,670eeb73d338776d,400,1,1dced,LTR Lock,Disabled,"Disabled,Enabled","PCIE LTR Configuration Lock","sif 9ab=0"
*,670eeb73d338776d,bf,1,1dd0e,Peer Memory Write Enable,Disabled,"Disabled,Enabled","Peer Memory Write Enable/Disable","sif 9ab=0"
Form 4149 (PCI Express Root Port 3),,,,,,,,,
,670eeb73d338776d,101,1,1dd39,PCI Express Root Port 3,Enabled,"Disabled,Enabled","Control the PCI Express Root Port.",""
*,670eeb73d338776d,369,1,1dd6a,Connection Type,Slot,"Built-in,Slot","Built-In: a built-in device is connected to this rootport. SlotImplemented bit will be clear. Slot: this rootport connects to user-accessible slot. SlotImplemented bit will be set.","sif 9ca=0;gif 9d8=1"
*,670eeb73d338776d,11d,1,1dd8d,ASPM,Auto,"Disabled,L1,Auto","PCI Express Active State Power Management settings.","sif 9ca=0"
*,670eeb73d338776d,2c1,1,1ddb5,L1 Substates,L1.1 & L1.2,"Disabled,L1.1,L1.1 & L1.2","PCI Express L1 Substates settings.","sif 9ca=0"
*,670eeb73d338776d,2dd,1,1dddd,L1 Low,Enabled,"Disabled,Enabled","PCI Express L1 Low Substate Enable/Disable.","sif 9ca=0"
*,670eeb73d338776d,2f9,1,1ddfe,ACS,Enabled,"Disabled,Enabled","Enable/Disable Access Control Services Extended Capability","sif 9ca=0"
*,670eeb73d338776d,315,1,1de1f,PTM,Enabled,"Disabled,Enabled","Enable/Disable Precision Time Measurement","sif 9ca=0"
*,670eeb73d338776d,331,1,1de40,DPC,Disabled,"Disabled,Enabled","Enable/Disable Downstream Port Containment","sif 9ca=0"
*,670eeb73d338776d,34d,1,1de61,EDPC,Enabled,"Disabled,Enabled","Enable/Disable Rootport extensions for Downstream Port Containment","sif 9ca=0"
*,670eeb73d338776d,139,1,1de82,URR,Disabled,"Disabled,Enabled","PCI Express Unsupported Request Reporting Enable/Disable.","sif 9ca=0"
*,670eeb73d338776d,155,1,1dea3,FER,Disabled,"Disabled,Enabled","PCI Express Device Fatal Error Reporting Enable/Disable.","sif 9ca=0"
*,670eeb73d338776d,171,1,1dec4,NFER,Disabled,"Disabled,Enabled","PCI Express Device Non-Fatal Error Reporting Enable/Disable.","sif 9ca=0"
*,670eeb73d338776d,18d,1,1dee5,CER,Disabled,"Disabled,Enabled","PCI Express Device Correctable Error Reporting Enable/Disable.","sif 9ca=0"
*,670eeb73d338776d,1e1,1,1df06,SEFE,Disabled,"Disabled,Enabled","Root PCI Express System Error on Fatal Error Enable/Disable.","sif 9ca=0"
*,670eeb73d338776d,1fd,1,1df27,SENFE,Disabled,"Disabled,Enabled","Root PCI Express System Error on Non-Fatal Error Enable/Disable.","sif 9ca=0"
*,670eeb73d338776d,219,1,1df48,SECE,Disabled,"Disabled,Enabled","Root PCI Express System Error on Correctable Error Enable/Disable.","sif 9ca=0"
*,670eeb73d338776d,235,1,1df69,PME SCI,Enabled,"Disabled,Enabled","PCI Express PME SCI Enable/Disable.","sif 9ca=0"
*,670eeb73d338776d,251,1,1df92,Hot Plug,Disabled,"Disabled,Enabled","PCI Express Hot Plug Enable/Disable.","sif 9ca=0;gif 9cb=0"
*,670eeb73d338776d,26d,1,1dfb5,Advanced Error Reporting,Disabled,"Disabled,Enabled","Advanced Error Reporting Enable/Disable.","sif 9ca=0"
*,670eeb73d338776d,289,1,1dfd6,PCIe Speed,Auto,"Auto,Gen1,Gen2,Gen3","Configure PCIe Speed","sif 9ca=0"
*,670eeb73d338776d,2a5,1,1e005,Transmitter Half Swing,Disabled,"Disabled,Enabled","Transmitter Half Swing Enable/Disable.","sif 9ca=0"
*,670eeb73d338776d,387,2,1e026,Detect Timeout,0,"Step=1,Min=0,Max=65535","The number of milliseconds reference code will wait for link to exit Detect state for enabled ports before assuming there is no device and potentially disabling the port.","sif 9ca=0"
*,670eeb73d338776d,521,1,1e043,Extra Bus Reserved,0,"Step=1,Min=0,Max=7","Extra Bus Reserved (0-7) for bridges behind this Root Bridge.","sif 9ca=0"
*,670eeb73d338776d,53f,2,1e05c,Reserved Memory,10,"Step=1,Min=1,Max=20","Reserved Memory for this Root Bridge (1-20) MB","sif 9ca=0"
*,670eeb73d338776d,575,1,1e079,Reserved I/O,4,"Step=4,Min=4,Max=20","Reserved I/O (4K/8K/12K/16K/20K) Range for this Root Bridge.","sif 9ca=0"
PCH PCIe LTR Configuration,,,,,,,,,
*,670eeb73d338776d,3e5,1,1e0a4,LTR,Enabled,"Disabled,Enabled","PCH PCIE Latency Reporting Enable/Disable","sif 9ca=0"
*,670eeb73d338776d,41d,1,1e0cd,Snoop Latency Override,Auto,"Disabled,Manual,Auto","Snoop Latency Override for PCH PCIE.
Disabled: Disable override.
Manual: Manually enter override values.
Auto (default): Maintain default BIOS flow.","sif 9ca=0;sif 9e0=0"
*,670eeb73d338776d,48f,2,1e101,Snoop Latency Value,60,"Step=1,Min=0,Max=1023","LTR Snoop Latency value of PCH PCIE","sif 9ca=0;sif 9e0=0;sif 9e1=1 !"
*,670eeb73d338776d,439,1,1e11e,Snoop Latency Multiplier,1024 ns,"1 ns,32 ns,1024 ns,32768 ns,1048576 ns,33554432 ns","LTR Snoop Latency Multiplier of PCH PCIE","sif 9ca=0;sif 9e0=0;sif 9e1=1 !"
*,670eeb73d338776d,455,1,1e15d,Non Snoop Latency Override,Auto,"Disabled,Manual,Auto","Non Snoop Latency Override for PCH PCIE.
Disabled: Disable override.
Manual: Manually enter override values.
Auto (default): Maintain default BIOS flow.","sif 9ca=0;sif 9e0=0"
*,670eeb73d338776d,4c7,2,1e191,Non Snoop Latency Value,60,"Step=1,Min=0,Max=1023","LTR Non Snoop Latency value of PCH PCIE","sif 9ca=0;sif 9e0=0;sif 9e4=1 !"
*,670eeb73d338776d,471,1,1e1ae,Non Snoop Latency Multiplier,1024 ns,"1 ns,32 ns,1024 ns,32768 ns,1048576 ns,33554432 ns","LTR Non Snoop Latency Multiplier of PCH PCIE","sif 9ca=0;sif 9e0=0;sif 9e4=1 !"
*,670eeb73d338776d,401,1,1e1f8,LTR Lock,Disabled,"Disabled,Enabled","PCIE LTR Configuration Lock","sif 9ca=0"
*,670eeb73d338776d,c0,1,1e219,Peer Memory Write Enable,Disabled,"Disabled,Enabled","Peer Memory Write Enable/Disable","sif 9ca=0"
Form 4150 (PCI Express Root Port 4),,,,,,,,,
,670eeb73d338776d,102,1,1e244,PCI Express Root Port 4,Enabled,"Disabled,Enabled","Control the PCI Express Root Port.",""
*,670eeb73d338776d,36a,1,1e275,Connection Type,Slot,"Built-in,Slot","Built-In: a built-in device is connected to this rootport. SlotImplemented bit will be clear. Slot: this rootport connects to user-accessible slot. SlotImplemented bit will be set.","sif 9e9=0;gif 9f7=1"
*,670eeb73d338776d,11e,1,1e298,ASPM,Auto,"Disabled,L1,Auto","PCI Express Active State Power Management settings.","sif 9e9=0"
*,670eeb73d338776d,2c2,1,1e2c0,L1 Substates,L1.1 & L1.2,"Disabled,L1.1,L1.1 & L1.2","PCI Express L1 Substates settings.","sif 9e9=0"
*,670eeb73d338776d,2de,1,1e2e8,L1 Low,Enabled,"Disabled,Enabled","PCI Express L1 Low Substate Enable/Disable.","sif 9e9=0"
*,670eeb73d338776d,2fa,1,1e309,ACS,Enabled,"Disabled,Enabled","Enable/Disable Access Control Services Extended Capability","sif 9e9=0"
*,670eeb73d338776d,316,1,1e32a,PTM,Enabled,"Disabled,Enabled","Enable/Disable Precision Time Measurement","sif 9e9=0"
*,670eeb73d338776d,332,1,1e34b,DPC,Disabled,"Disabled,Enabled","Enable/Disable Downstream Port Containment","sif 9e9=0"
*,670eeb73d338776d,34e,1,1e36c,EDPC,Enabled,"Disabled,Enabled","Enable/Disable Rootport extensions for Downstream Port Containment","sif 9e9=0"
*,670eeb73d338776d,13a,1,1e38d,URR,Disabled,"Disabled,Enabled","PCI Express Unsupported Request Reporting Enable/Disable.","sif 9e9=0"
*,670eeb73d338776d,156,1,1e3ae,FER,Disabled,"Disabled,Enabled","PCI Express Device Fatal Error Reporting Enable/Disable.","sif 9e9=0"
*,670eeb73d338776d,172,1,1e3cf,NFER,Disabled,"Disabled,Enabled","PCI Express Device Non-Fatal Error Reporting Enable/Disable.","sif 9e9=0"
*,670eeb73d338776d,18e,1,1e3f0,CER,Disabled,"Disabled,Enabled","PCI Express Device Correctable Error Reporting Enable/Disable.","sif 9e9=0"
*,670eeb73d338776d,1e2,1,1e411,SEFE,Disabled,"Disabled,Enabled","Root PCI Express System Error on Fatal Error Enable/Disable.","sif 9e9=0"
*,670eeb73d338776d,1fe,1,1e432,SENFE,Disabled,"Disabled,Enabled","Root PCI Express System Error on Non-Fatal Error Enable/Disable.","sif 9e9=0"
*,670eeb73d338776d,21a,1,1e453,SECE,Disabled,"Disabled,Enabled","Root PCI Express System Error on Correctable Error Enable/Disable.","sif 9e9=0"
*,670eeb73d338776d,236,1,1e474,PME SCI,Enabled,"Disabled,Enabled","PCI Express PME SCI Enable/Disable.","sif 9e9=0"
*,670eeb73d338776d,252,1,1e49d,Hot Plug,Disabled,"Disabled,Enabled","PCI Express Hot Plug Enable/Disable.","sif 9e9=0;gif 9ea=0"
*,670eeb73d338776d,26e,1,1e4c0,Advanced Error Reporting,Disabled,"Disabled,Enabled","Advanced Error Reporting Enable/Disable.","sif 9e9=0"
*,670eeb73d338776d,28a,1,1e4e1,PCIe Speed,Auto,"Auto,Gen1,Gen2,Gen3","Configure PCIe Speed","sif 9e9=0"
*,670eeb73d338776d,2a6,1,1e510,Transmitter Half Swing,Disabled,"Disabled,Enabled","Transmitter Half Swing Enable/Disable.","sif 9e9=0"
*,670eeb73d338776d,389,2,1e531,Detect Timeout,0,"Step=1,Min=0,Max=65535","The number of milliseconds reference code will wait for link to exit Detect state for enabled ports before assuming there is no device and potentially disabling the port.","sif 9e9=0"
*,670eeb73d338776d,522,1,1e54e,Extra Bus Reserved,0,"Step=1,Min=0,Max=7","Extra Bus Reserved (0-7) for bridges behind this Root Bridge.","sif 9e9=0"
*,670eeb73d338776d,541,2,1e567,Reserved Memory,10,"Step=1,Min=1,Max=20","Reserved Memory for this Root Bridge (1-20) MB","sif 9e9=0"
*,670eeb73d338776d,576,1,1e584,Reserved I/O,4,"Step=4,Min=4,Max=20","Reserved I/O (4K/8K/12K/16K/20K) Range for this Root Bridge.","sif 9e9=0"
PCH PCIe LTR Configuration,,,,,,,,,
*,670eeb73d338776d,3e6,1,1e5af,LTR,Enabled,"Disabled,Enabled","PCH PCIE Latency Reporting Enable/Disable","sif 9e9=0"
*,670eeb73d338776d,41e,1,1e5d8,Snoop Latency Override,Auto,"Disabled,Manual,Auto","Snoop Latency Override for PCH PCIE.
Disabled: Disable override.
Manual: Manually enter override values.
Auto (default): Maintain default BIOS flow.","sif 9e9=0;sif 9ff=0"
*,670eeb73d338776d,491,2,1e60c,Snoop Latency Value,60,"Step=1,Min=0,Max=1023","LTR Snoop Latency value of PCH PCIE","sif 9e9=0;sif 9ff=0;sif a00=1 !"
*,670eeb73d338776d,43a,1,1e629,Snoop Latency Multiplier,1024 ns,"1 ns,32 ns,1024 ns,32768 ns,1048576 ns,33554432 ns","LTR Snoop Latency Multiplier of PCH PCIE","sif 9e9=0;sif 9ff=0;sif a00=1 !"
*,670eeb73d338776d,456,1,1e668,Non Snoop Latency Override,Auto,"Disabled,Manual,Auto","Non Snoop Latency Override for PCH PCIE.
Disabled: Disable override.
Manual: Manually enter override values.
Auto (default): Maintain default BIOS flow.","sif 9e9=0;sif 9ff=0"
*,670eeb73d338776d,4c9,2,1e69c,Non Snoop Latency Value,60,"Step=1,Min=0,Max=1023","LTR Non Snoop Latency value of PCH PCIE","sif 9e9=0;sif 9ff=0;sif a03=1 !"
*,670eeb73d338776d,472,1,1e6b9,Non Snoop Latency Multiplier,1024 ns,"1 ns,32 ns,1024 ns,32768 ns,1048576 ns,33554432 ns","LTR Non Snoop Latency Multiplier of PCH PCIE","sif 9e9=0;sif 9ff=0;sif a03=1 !"
*,670eeb73d338776d,402,1,1e703,LTR Lock,Disabled,"Disabled,Enabled","PCIE LTR Configuration Lock","sif 9e9=0"
*,670eeb73d338776d,c1,1,1e724,Peer Memory Write Enable,Disabled,"Disabled,Enabled","Peer Memory Write Enable/Disable","sif 9e9=0"
Form 4151 (PCI Express Root Port 5),,,,,,,,,
,670eeb73d338776d,103,1,1e74f,PCI Express Root Port 5,Enabled,"Disabled,Enabled","Control the PCI Express Root Port.",""
*,670eeb73d338776d,36b,1,1e780,Connection Type,Slot,"Built-in,Slot","Built-In: a built-in device is connected to this rootport. SlotImplemented bit will be clear. Slot: this rootport connects to user-accessible slot. SlotImplemented bit will be set.","sif a08=0;gif a16=1"
*,670eeb73d338776d,11f,1,1e7a3,ASPM,Auto,"Disabled,L1,Auto","PCI Express Active State Power Management settings.","sif a08=0"
*,670eeb73d338776d,2c3,1,1e7cb,L1 Substates,L1.1 & L1.2,"Disabled,L1.1,L1.1 & L1.2","PCI Express L1 Substates settings.","sif a08=0"
*,670eeb73d338776d,2df,1,1e7f3,L1 Low,Enabled,"Disabled,Enabled","PCI Express L1 Low Substate Enable/Disable.","sif a08=0"
*,670eeb73d338776d,2fb,1,1e814,ACS,Enabled,"Disabled,Enabled","Enable/Disable Access Control Services Extended Capability","sif a08=0"
*,670eeb73d338776d,317,1,1e835,PTM,Enabled,"Disabled,Enabled","Enable/Disable Precision Time Measurement","sif a08=0"
*,670eeb73d338776d,333,1,1e856,DPC,Disabled,"Disabled,Enabled","Enable/Disable Downstream Port Containment","sif a08=0"
*,670eeb73d338776d,34f,1,1e877,EDPC,Enabled,"Disabled,Enabled","Enable/Disable Rootport extensions for Downstream Port Containment","sif a08=0"
*,670eeb73d338776d,13b,1,1e898,URR,Disabled,"Disabled,Enabled","PCI Express Unsupported Request Reporting Enable/Disable.","sif a08=0"
*,670eeb73d338776d,157,1,1e8b9,FER,Disabled,"Disabled,Enabled","PCI Express Device Fatal Error Reporting Enable/Disable.","sif a08=0"
*,670eeb73d338776d,173,1,1e8da,NFER,Disabled,"Disabled,Enabled","PCI Express Device Non-Fatal Error Reporting Enable/Disable.","sif a08=0"
*,670eeb73d338776d,18f,1,1e8fb,CER,Disabled,"Disabled,Enabled","PCI Express Device Correctable Error Reporting Enable/Disable.","sif a08=0"
*,670eeb73d338776d,1e3,1,1e91c,SEFE,Disabled,"Disabled,Enabled","Root PCI Express System Error on Fatal Error Enable/Disable.","sif a08=0"
*,670eeb73d338776d,1ff,1,1e93d,SENFE,Disabled,"Disabled,Enabled","Root PCI Express System Error on Non-Fatal Error Enable/Disable.","sif a08=0"
*,670eeb73d338776d,21b,1,1e95e,SECE,Disabled,"Disabled,Enabled","Root PCI Express System Error on Correctable Error Enable/Disable.","sif a08=0"
*,670eeb73d338776d,237,1,1e97f,PME SCI,Enabled,"Disabled,Enabled","PCI Express PME SCI Enable/Disable.","sif a08=0"
*,670eeb73d338776d,253,1,1e9a8,Hot Plug,Disabled,"Disabled,Enabled","PCI Express Hot Plug Enable/Disable.","sif a08=0;gif a09=0"
*,670eeb73d338776d,26f,1,1e9cb,Advanced Error Reporting,Disabled,"Disabled,Enabled","Advanced Error Reporting Enable/Disable.","sif a08=0"
*,670eeb73d338776d,28b,1,1e9ec,PCIe Speed,Auto,"Auto,Gen1,Gen2,Gen3","Configure PCIe Speed","sif a08=0"
*,670eeb73d338776d,2a7,1,1ea1b,Transmitter Half Swing,Disabled,"Disabled,Enabled","Transmitter Half Swing Enable/Disable.","sif a08=0"
*,670eeb73d338776d,38b,2,1ea3c,Detect Timeout,0,"Step=1,Min=0,Max=65535","The number of milliseconds reference code will wait for link to exit Detect state for enabled ports before assuming there is no device and potentially disabling the port.","sif a08=0"
*,670eeb73d338776d,523,1,1ea59,Extra Bus Reserved,0,"Step=1,Min=0,Max=7","Extra Bus Reserved (0-7) for bridges behind this Root Bridge.","sif a08=0"
*,670eeb73d338776d,543,2,1ea72,Reserved Memory,10,"Step=1,Min=1,Max=20","Reserved Memory for this Root Bridge (1-20) MB","sif a08=0"
*,670eeb73d338776d,577,1,1ea8f,Reserved I/O,4,"Step=4,Min=4,Max=20","Reserved I/O (4K/8K/12K/16K/20K) Range for this Root Bridge.","sif a08=0"
PCH PCIe LTR Configuration,,,,,,,,,
*,670eeb73d338776d,3e7,1,1eaba,LTR,Enabled,"Disabled,Enabled","PCH PCIE Latency Reporting Enable/Disable","sif a08=0"
*,670eeb73d338776d,41f,1,1eae3,Snoop Latency Override,Auto,"Disabled,Manual,Auto","Snoop Latency Override for PCH PCIE.
Disabled: Disable override.
Manual: Manually enter override values.
Auto (default): Maintain default BIOS flow.","sif a08=0;sif a1e=0"
*,670eeb73d338776d,493,2,1eb17,Snoop Latency Value,60,"Step=1,Min=0,Max=1023","LTR Snoop Latency value of PCH PCIE","sif a08=0;sif a1e=0;sif a1f=1 !"
*,670eeb73d338776d,43b,1,1eb34,Snoop Latency Multiplier,1024 ns,"1 ns,32 ns,1024 ns,32768 ns,1048576 ns,33554432 ns","LTR Snoop Latency Multiplier of PCH PCIE","sif a08=0;sif a1e=0;sif a1f=1 !"
*,670eeb73d338776d,457,1,1eb73,Non Snoop Latency Override,Auto,"Disabled,Manual,Auto","Non Snoop Latency Override for PCH PCIE.
Disabled: Disable override.
Manual: Manually enter override values.
Auto (default): Maintain default BIOS flow.","sif a08=0;sif a1e=0"
*,670eeb73d338776d,4cb,2,1eba7,Non Snoop Latency Value,60,"Step=1,Min=0,Max=1023","LTR Non Snoop Latency value of PCH PCIE","sif a08=0;sif a1e=0;sif a22=1 !"
*,670eeb73d338776d,473,1,1ebc4,Non Snoop Latency Multiplier,1024 ns,"1 ns,32 ns,1024 ns,32768 ns,1048576 ns,33554432 ns","LTR Non Snoop Latency Multiplier of PCH PCIE","sif a08=0;sif a1e=0;sif a22=1 !"
*,670eeb73d338776d,403,1,1ec0e,LTR Lock,Disabled,"Disabled,Enabled","PCIE LTR Configuration Lock","sif a08=0"
*,670eeb73d338776d,c2,1,1ec2f,Peer Memory Write Enable,Disabled,"Disabled,Enabled","Peer Memory Write Enable/Disable","sif a08=0"
Form 4152 (PCI Express Root Port 6),,,,,,,,,
,670eeb73d338776d,104,1,1ec5a,PCI Express Root Port 6,Enabled,"Disabled,Enabled","Control the PCI Express Root Port.",""
*,670eeb73d338776d,36c,1,1ec8b,Connection Type,Slot,"Built-in,Slot","Built-In: a built-in device is connected to this rootport. SlotImplemented bit will be clear. Slot: this rootport connects to user-accessible slot. SlotImplemented bit will be set.","sif a27=0;gif a35=1"
*,670eeb73d338776d,120,1,1ecae,ASPM,Auto,"Disabled,L1,Auto","PCI Express Active State Power Management settings.","sif a27=0"
*,670eeb73d338776d,2c4,1,1ecd6,L1 Substates,L1.1 & L1.2,"Disabled,L1.1,L1.1 & L1.2","PCI Express L1 Substates settings.","sif a27=0"
*,670eeb73d338776d,2e0,1,1ecfe,L1 Low,Enabled,"Disabled,Enabled","PCI Express L1 Low Substate Enable/Disable.","sif a27=0"
*,670eeb73d338776d,2fc,1,1ed1f,ACS,Enabled,"Disabled,Enabled","Enable/Disable Access Control Services Extended Capability","sif a27=0"
*,670eeb73d338776d,318,1,1ed40,PTM,Enabled,"Disabled,Enabled","Enable/Disable Precision Time Measurement","sif a27=0"
*,670eeb73d338776d,334,1,1ed61,DPC,Disabled,"Disabled,Enabled","Enable/Disable Downstream Port Containment","sif a27=0"
*,670eeb73d338776d,350,1,1ed82,EDPC,Enabled,"Disabled,Enabled","Enable/Disable Rootport extensions for Downstream Port Containment","sif a27=0"
*,670eeb73d338776d,13c,1,1eda3,URR,Disabled,"Disabled,Enabled","PCI Express Unsupported Request Reporting Enable/Disable.","sif a27=0"
*,670eeb73d338776d,158,1,1edc4,FER,Disabled,"Disabled,Enabled","PCI Express Device Fatal Error Reporting Enable/Disable.","sif a27=0"
*,670eeb73d338776d,174,1,1ede5,NFER,Disabled,"Disabled,Enabled","PCI Express Device Non-Fatal Error Reporting Enable/Disable.","sif a27=0"
*,670eeb73d338776d,190,1,1ee06,CER,Disabled,"Disabled,Enabled","PCI Express Device Correctable Error Reporting Enable/Disable.","sif a27=0"
*,670eeb73d338776d,1e4,1,1ee27,SEFE,Disabled,"Disabled,Enabled","Root PCI Express System Error on Fatal Error Enable/Disable.","sif a27=0"
*,670eeb73d338776d,200,1,1ee48,SENFE,Disabled,"Disabled,Enabled","Root PCI Express System Error on Non-Fatal Error Enable/Disable.","sif a27=0"
*,670eeb73d338776d,21c,1,1ee69,SECE,Disabled,"Disabled,Enabled","Root PCI Express System Error on Correctable Error Enable/Disable.","sif a27=0"
*,670eeb73d338776d,238,1,1ee8a,PME SCI,Enabled,"Disabled,Enabled","PCI Express PME SCI Enable/Disable.","sif a27=0"
*,670eeb73d338776d,254,1,1eeb3,Hot Plug,Disabled,"Disabled,Enabled","PCI Express Hot Plug Enable/Disable.","sif a27=0;gif a28=0"
*,670eeb73d338776d,270,1,1eed6,Advanced Error Reporting,Disabled,"Disabled,Enabled","Advanced Error Reporting Enable/Disable.","sif a27=0"
*,670eeb73d338776d,28c,1,1eef7,PCIe Speed,Auto,"Auto,Gen1,Gen2,Gen3","Configure PCIe Speed","sif a27=0"
*,670eeb73d338776d,2a8,1,1ef26,Transmitter Half Swing,Disabled,"Disabled,Enabled","Transmitter Half Swing Enable/Disable.","sif a27=0"
*,670eeb73d338776d,38d,2,1ef47,Detect Timeout,0,"Step=1,Min=0,Max=65535","The number of milliseconds reference code will wait for link to exit Detect state for enabled ports before assuming there is no device and potentially disabling the port.","sif a27=0"
*,670eeb73d338776d,524,1,1ef64,Extra Bus Reserved,0,"Step=1,Min=0,Max=7","Extra Bus Reserved (0-7) for bridges behind this Root Bridge.","sif a27=0"
*,670eeb73d338776d,545,2,1ef7d,Reserved Memory,10,"Step=1,Min=1,Max=20","Reserved Memory for this Root Bridge (1-20) MB","sif a27=0"
*,670eeb73d338776d,578,1,1ef9a,Reserved I/O,4,"Step=4,Min=4,Max=20","Reserved I/O (4K/8K/12K/16K/20K) Range for this Root Bridge.","sif a27=0"
PCH PCIe LTR Configuration,,,,,,,,,
*,670eeb73d338776d,3e8,1,1efc5,LTR,Enabled,"Disabled,Enabled","PCH PCIE Latency Reporting Enable/Disable","sif a27=0"
*,670eeb73d338776d,420,1,1efee,Snoop Latency Override,Auto,"Disabled,Manual,Auto","Snoop Latency Override for PCH PCIE.
Disabled: Disable override.
Manual: Manually enter override values.
Auto (default): Maintain default BIOS flow.","sif a27=0;sif a3d=0"
*,670eeb73d338776d,495,2,1f022,Snoop Latency Value,60,"Step=1,Min=0,Max=1023","LTR Snoop Latency value of PCH PCIE","sif a27=0;sif a3d=0;sif a3e=1 !"
*,670eeb73d338776d,43c,1,1f03f,Snoop Latency Multiplier,1024 ns,"1 ns,32 ns,1024 ns,32768 ns,1048576 ns,33554432 ns","LTR Snoop Latency Multiplier of PCH PCIE","sif a27=0;sif a3d=0;sif a3e=1 !"
*,670eeb73d338776d,458,1,1f07e,Non Snoop Latency Override,Auto,"Disabled,Manual,Auto","Non Snoop Latency Override for PCH PCIE.
Disabled: Disable override.
Manual: Manually enter override values.
Auto (default): Maintain default BIOS flow.","sif a27=0;sif a3d=0"
*,670eeb73d338776d,4cd,2,1f0b2,Non Snoop Latency Value,60,"Step=1,Min=0,Max=1023","LTR Non Snoop Latency value of PCH PCIE","sif a27=0;sif a3d=0;sif a41=1 !"
*,670eeb73d338776d,474,1,1f0cf,Non Snoop Latency Multiplier,1024 ns,"1 ns,32 ns,1024 ns,32768 ns,1048576 ns,33554432 ns","LTR Non Snoop Latency Multiplier of PCH PCIE","sif a27=0;sif a3d=0;sif a41=1 !"
*,670eeb73d338776d,404,1,1f119,LTR Lock,Disabled,"Disabled,Enabled","PCIE LTR Configuration Lock","sif a27=0"
*,670eeb73d338776d,c3,1,1f13a,Peer Memory Write Enable,Disabled,"Disabled,Enabled","Peer Memory Write Enable/Disable","sif a27=0"
Form 4153 (PCI Express Root Port 7),,,,,,,,,
,670eeb73d338776d,105,1,1f165,PCI Express Root Port 7,Enabled,"Disabled,Enabled","Control the PCI Express Root Port.",""
*,670eeb73d338776d,36d,1,1f196,Connection Type,Slot,"Built-in,Slot","Built-In: a built-in device is connected to this rootport. SlotImplemented bit will be clear. Slot: this rootport connects to user-accessible slot. SlotImplemented bit will be set.","sif a46=0;gif a54=1"
*,670eeb73d338776d,121,1,1f1b9,ASPM,Auto,"Disabled,L1,Auto","PCI Express Active State Power Management settings.","sif a46=0"
*,670eeb73d338776d,2c5,1,1f1e1,L1 Substates,L1.1 & L1.2,"Disabled,L1.1,L1.1 & L1.2","PCI Express L1 Substates settings.","sif a46=0"
*,670eeb73d338776d,2e1,1,1f209,L1 Low,Enabled,"Disabled,Enabled","PCI Express L1 Low Substate Enable/Disable.","sif a46=0"
*,670eeb73d338776d,2fd,1,1f22a,ACS,Enabled,"Disabled,Enabled","Enable/Disable Access Control Services Extended Capability","sif a46=0"
*,670eeb73d338776d,319,1,1f24b,PTM,Enabled,"Disabled,Enabled","Enable/Disable Precision Time Measurement","sif a46=0"
*,670eeb73d338776d,335,1,1f26c,DPC,Disabled,"Disabled,Enabled","Enable/Disable Downstream Port Containment","sif a46=0"
*,670eeb73d338776d,351,1,1f28d,EDPC,Enabled,"Disabled,Enabled","Enable/Disable Rootport extensions for Downstream Port Containment","sif a46=0"
*,670eeb73d338776d,13d,1,1f2ae,URR,Disabled,"Disabled,Enabled","PCI Express Unsupported Request Reporting Enable/Disable.","sif a46=0"
*,670eeb73d338776d,159,1,1f2cf,FER,Disabled,"Disabled,Enabled","PCI Express Device Fatal Error Reporting Enable/Disable.","sif a46=0"
*,670eeb73d338776d,175,1,1f2f0,NFER,Disabled,"Disabled,Enabled","PCI Express Device Non-Fatal Error Reporting Enable/Disable.","sif a46=0"
*,670eeb73d338776d,191,1,1f311,CER,Disabled,"Disabled,Enabled","PCI Express Device Correctable Error Reporting Enable/Disable.","sif a46=0"
*,670eeb73d338776d,1e5,1,1f332,SEFE,Disabled,"Disabled,Enabled","Root PCI Express System Error on Fatal Error Enable/Disable.","sif a46=0"
*,670eeb73d338776d,201,1,1f353,SENFE,Disabled,"Disabled,Enabled","Root PCI Express System Error on Non-Fatal Error Enable/Disable.","sif a46=0"
*,670eeb73d338776d,21d,1,1f374,SECE,Disabled,"Disabled,Enabled","Root PCI Express System Error on Correctable Error Enable/Disable.","sif a46=0"
*,670eeb73d338776d,239,1,1f395,PME SCI,Enabled,"Disabled,Enabled","PCI Express PME SCI Enable/Disable.","sif a46=0"
*,670eeb73d338776d,255,1,1f3be,Hot Plug,Disabled,"Disabled,Enabled","PCI Express Hot Plug Enable/Disable.","sif a46=0;gif a47=0"
*,670eeb73d338776d,271,1,1f3e1,Advanced Error Reporting,Disabled,"Disabled,Enabled","Advanced Error Reporting Enable/Disable.","sif a46=0"
*,670eeb73d338776d,28d,1,1f402,PCIe Speed,Auto,"Auto,Gen1,Gen2,Gen3","Configure PCIe Speed","sif a46=0"
*,670eeb73d338776d,2a9,1,1f431,Transmitter Half Swing,Disabled,"Disabled,Enabled","Transmitter Half Swing Enable/Disable.","sif a46=0"
*,670eeb73d338776d,38f,2,1f452,Detect Timeout,0,"Step=1,Min=0,Max=65535","The number of milliseconds reference code will wait for link to exit Detect state for enabled ports before assuming there is no device and potentially disabling the port.","sif a46=0"
*,670eeb73d338776d,525,1,1f46f,Extra Bus Reserved,0,"Step=1,Min=0,Max=7","Extra Bus Reserved (0-7) for bridges behind this Root Bridge.","sif a46=0"
*,670eeb73d338776d,547,2,1f488,Reserved Memory,10,"Step=1,Min=1,Max=20","Reserved Memory for this Root Bridge (1-20) MB","sif a46=0"
*,670eeb73d338776d,579,1,1f4a5,Reserved I/O,4,"Step=4,Min=4,Max=20","Reserved I/O (4K/8K/12K/16K/20K) Range for this Root Bridge.","sif a46=0"
PCH PCIe LTR Configuration,,,,,,,,,
*,670eeb73d338776d,3e9,1,1f4d0,LTR,Enabled,"Disabled,Enabled","PCH PCIE Latency Reporting Enable/Disable","sif a46=0"
*,670eeb73d338776d,421,1,1f4f9,Snoop Latency Override,Auto,"Disabled,Manual,Auto","Snoop Latency Override for PCH PCIE.
Disabled: Disable override.
Manual: Manually enter override values.
Auto (default): Maintain default BIOS flow.","sif a46=0;sif a5c=0"
*,670eeb73d338776d,497,2,1f52d,Snoop Latency Value,60,"Step=1,Min=0,Max=1023","LTR Snoop Latency value of PCH PCIE","sif a46=0;sif a5c=0;sif a5d=1 !"
*,670eeb73d338776d,43d,1,1f54a,Snoop Latency Multiplier,1024 ns,"1 ns,32 ns,1024 ns,32768 ns,1048576 ns,33554432 ns","LTR Snoop Latency Multiplier of PCH PCIE","sif a46=0;sif a5c=0;sif a5d=1 !"
*,670eeb73d338776d,459,1,1f589,Non Snoop Latency Override,Auto,"Disabled,Manual,Auto","Non Snoop Latency Override for PCH PCIE.
Disabled: Disable override.
Manual: Manually enter override values.
Auto (default): Maintain default BIOS flow.","sif a46=0;sif a5c=0"
*,670eeb73d338776d,4cf,2,1f5bd,Non Snoop Latency Value,60,"Step=1,Min=0,Max=1023","LTR Non Snoop Latency value of PCH PCIE","sif a46=0;sif a5c=0;sif a60=1 !"
*,670eeb73d338776d,475,1,1f5da,Non Snoop Latency Multiplier,1024 ns,"1 ns,32 ns,1024 ns,32768 ns,1048576 ns,33554432 ns","LTR Non Snoop Latency Multiplier of PCH PCIE","sif a46=0;sif a5c=0;sif a60=1 !"
*,670eeb73d338776d,405,1,1f624,LTR Lock,Disabled,"Disabled,Enabled","PCIE LTR Configuration Lock","sif a46=0"
*,670eeb73d338776d,c4,1,1f645,Peer Memory Write Enable,Disabled,"Disabled,Enabled","Peer Memory Write Enable/Disable","sif a46=0"
Form 4154 (PCI Express Root Port 8),,,,,,,,,
,670eeb73d338776d,106,1,1f670,PCI Express Root Port 8,Enabled,"Disabled,Enabled","Control the PCI Express Root Port.",""
*,670eeb73d338776d,36e,1,1f6a1,Connection Type,Slot,"Built-in,Slot","Built-In: a built-in device is connected to this rootport. SlotImplemented bit will be clear. Slot: this rootport connects to user-accessible slot. SlotImplemented bit will be set.","sif a65=0;gif a73=1"
*,670eeb73d338776d,122,1,1f6c4,ASPM,Auto,"Disabled,L1,Auto","PCI Express Active State Power Management settings.","sif a65=0"
*,670eeb73d338776d,2c6,1,1f6ec,L1 Substates,L1.1 & L1.2,"Disabled,L1.1,L1.1 & L1.2","PCI Express L1 Substates settings.","sif a65=0"
*,670eeb73d338776d,2e2,1,1f714,L1 Low,Enabled,"Disabled,Enabled","PCI Express L1 Low Substate Enable/Disable.","sif a65=0"
*,670eeb73d338776d,2fe,1,1f735,ACS,Enabled,"Disabled,Enabled","Enable/Disable Access Control Services Extended Capability","sif a65=0"
*,670eeb73d338776d,31a,1,1f756,PTM,Enabled,"Disabled,Enabled","Enable/Disable Precision Time Measurement","sif a65=0"
*,670eeb73d338776d,336,1,1f777,DPC,Disabled,"Disabled,Enabled","Enable/Disable Downstream Port Containment","sif a65=0"
*,670eeb73d338776d,352,1,1f798,EDPC,Enabled,"Disabled,Enabled","Enable/Disable Rootport extensions for Downstream Port Containment","sif a65=0"
*,670eeb73d338776d,13e,1,1f7b9,URR,Disabled,"Disabled,Enabled","PCI Express Unsupported Request Reporting Enable/Disable.","sif a65=0"
*,670eeb73d338776d,15a,1,1f7da,FER,Disabled,"Disabled,Enabled","PCI Express Device Fatal Error Reporting Enable/Disable.","sif a65=0"
*,670eeb73d338776d,176,1,1f7fb,NFER,Disabled,"Disabled,Enabled","PCI Express Device Non-Fatal Error Reporting Enable/Disable.","sif a65=0"
*,670eeb73d338776d,192,1,1f81c,CER,Disabled,"Disabled,Enabled","PCI Express Device Correctable Error Reporting Enable/Disable.","sif a65=0"
*,670eeb73d338776d,1e6,1,1f83d,SEFE,Disabled,"Disabled,Enabled","Root PCI Express System Error on Fatal Error Enable/Disable.","sif a65=0"
*,670eeb73d338776d,202,1,1f85e,SENFE,Disabled,"Disabled,Enabled","Root PCI Express System Error on Non-Fatal Error Enable/Disable.","sif a65=0"
*,670eeb73d338776d,21e,1,1f87f,SECE,Disabled,"Disabled,Enabled","Root PCI Express System Error on Correctable Error Enable/Disable.","sif a65=0"
*,670eeb73d338776d,23a,1,1f8a0,PME SCI,Enabled,"Disabled,Enabled","PCI Express PME SCI Enable/Disable.","sif a65=0"
*,670eeb73d338776d,256,1,1f8c9,Hot Plug,Disabled,"Disabled,Enabled","PCI Express Hot Plug Enable/Disable.","sif a65=0;gif a66=0"
*,670eeb73d338776d,272,1,1f8ec,Advanced Error Reporting,Disabled,"Disabled,Enabled","Advanced Error Reporting Enable/Disable.","sif a65=0"
*,670eeb73d338776d,28e,1,1f90d,PCIe Speed,Auto,"Auto,Gen1,Gen2,Gen3","Configure PCIe Speed","sif a65=0"
*,670eeb73d338776d,2aa,1,1f93c,Transmitter Half Swing,Disabled,"Disabled,Enabled","Transmitter Half Swing Enable/Disable.","sif a65=0"
*,670eeb73d338776d,391,2,1f95d,Detect Timeout,0,"Step=1,Min=0,Max=65535","The number of milliseconds reference code will wait for link to exit Detect state for enabled ports before assuming there is no device and potentially disabling the port.","sif a65=0"
*,670eeb73d338776d,526,1,1f97a,Extra Bus Reserved,0,"Step=1,Min=0,Max=7","Extra Bus Reserved (0-7) for bridges behind this Root Bridge.","sif a65=0"
*,670eeb73d338776d,549,2,1f993,Reserved Memory,10,"Step=1,Min=1,Max=20","Reserved Memory for this Root Bridge (1-20) MB","sif a65=0"
*,670eeb73d338776d,57a,1,1f9b0,Reserved I/O,4,"Step=4,Min=4,Max=20","Reserved I/O (4K/8K/12K/16K/20K) Range for this Root Bridge.","sif a65=0"
PCH PCIe LTR Configuration,,,,,,,,,
*,670eeb73d338776d,3ea,1,1f9db,LTR,Enabled,"Disabled,Enabled","PCH PCIE Latency Reporting Enable/Disable","sif a65=0"
*,670eeb73d338776d,422,1,1fa04,Snoop Latency Override,Auto,"Disabled,Manual,Auto","Snoop Latency Override for PCH PCIE.
Disabled: Disable override.
Manual: Manually enter override values.
Auto (default): Maintain default BIOS flow.","sif a65=0;sif a7b=0"
*,670eeb73d338776d,499,2,1fa38,Snoop Latency Value,60,"Step=1,Min=0,Max=1023","LTR Snoop Latency value of PCH PCIE","sif a65=0;sif a7b=0;sif a7c=1 !"
*,670eeb73d338776d,43e,1,1fa55,Snoop Latency Multiplier,1024 ns,"1 ns,32 ns,1024 ns,32768 ns,1048576 ns,33554432 ns","LTR Snoop Latency Multiplier of PCH PCIE","sif a65=0;sif a7b=0;sif a7c=1 !"
*,670eeb73d338776d,45a,1,1fa94,Non Snoop Latency Override,Auto,"Disabled,Manual,Auto","Non Snoop Latency Override for PCH PCIE.
Disabled: Disable override.
Manual: Manually enter override values.
Auto (default): Maintain default BIOS flow.","sif a65=0;sif a7b=0"
*,670eeb73d338776d,4d1,2,1fac8,Non Snoop Latency Value,60,"Step=1,Min=0,Max=1023","LTR Non Snoop Latency value of PCH PCIE","sif a65=0;sif a7b=0;sif a7f=1 !"
*,670eeb73d338776d,476,1,1fae5,Non Snoop Latency Multiplier,1024 ns,"1 ns,32 ns,1024 ns,32768 ns,1048576 ns,33554432 ns","LTR Non Snoop Latency Multiplier of PCH PCIE","sif a65=0;sif a7b=0;sif a7f=1 !"
*,670eeb73d338776d,406,1,1fb2f,LTR Lock,Disabled,"Disabled,Enabled","PCIE LTR Configuration Lock","sif a65=0"
*,670eeb73d338776d,c5,1,1fb50,Peer Memory Write Enable,Disabled,"Disabled,Enabled","Peer Memory Write Enable/Disable","sif a65=0"
Form 4155 (PCI Express Root Port 9),,,,,,,,,
,670eeb73d338776d,107,1,1fb7b,PCI Express Root Port 9,Enabled,"Disabled,Enabled","Control the PCI Express Root Port.",""
*,670eeb73d338776d,36f,1,1fbac,Connection Type,Slot,"Built-in,Slot","Built-In: a built-in device is connected to this rootport. SlotImplemented bit will be clear. Slot: this rootport connects to user-accessible slot. SlotImplemented bit will be set.","sif a84=0;gif a92=1"
*,670eeb73d338776d,123,1,1fbcf,ASPM,Auto,"Disabled,L1,Auto","PCI Express Active State Power Management settings.","sif a84=0"
*,670eeb73d338776d,2c7,1,1fbf7,L1 Substates,L1.1 & L1.2,"Disabled,L1.1,L1.1 & L1.2","PCI Express L1 Substates settings.","sif a84=0"
*,670eeb73d338776d,2e3,1,1fc1f,L1 Low,Enabled,"Disabled,Enabled","PCI Express L1 Low Substate Enable/Disable.","sif a84=0"
*,670eeb73d338776d,2ff,1,1fc40,ACS,Enabled,"Disabled,Enabled","Enable/Disable Access Control Services Extended Capability","sif a84=0"
*,670eeb73d338776d,31b,1,1fc61,PTM,Enabled,"Disabled,Enabled","Enable/Disable Precision Time Measurement","sif a84=0"
*,670eeb73d338776d,337,1,1fc82,DPC,Disabled,"Disabled,Enabled","Enable/Disable Downstream Port Containment","sif a84=0"
*,670eeb73d338776d,353,1,1fca3,EDPC,Enabled,"Disabled,Enabled","Enable/Disable Rootport extensions for Downstream Port Containment","sif a84=0"
*,670eeb73d338776d,13f,1,1fcc4,URR,Disabled,"Disabled,Enabled","PCI Express Unsupported Request Reporting Enable/Disable.","sif a84=0"
*,670eeb73d338776d,15b,1,1fce5,FER,Disabled,"Disabled,Enabled","PCI Express Device Fatal Error Reporting Enable/Disable.","sif a84=0"
*,670eeb73d338776d,177,1,1fd06,NFER,Disabled,"Disabled,Enabled","PCI Express Device Non-Fatal Error Reporting Enable/Disable.","sif a84=0"
*,670eeb73d338776d,193,1,1fd27,CER,Disabled,"Disabled,Enabled","PCI Express Device Correctable Error Reporting Enable/Disable.","sif a84=0"
*,670eeb73d338776d,1e7,1,1fd48,SEFE,Disabled,"Disabled,Enabled","Root PCI Express System Error on Fatal Error Enable/Disable.","sif a84=0"
*,670eeb73d338776d,203,1,1fd69,SENFE,Disabled,"Disabled,Enabled","Root PCI Express System Error on Non-Fatal Error Enable/Disable.","sif a84=0"
*,670eeb73d338776d,21f,1,1fd8a,SECE,Disabled,"Disabled,Enabled","Root PCI Express System Error on Correctable Error Enable/Disable.","sif a84=0"
*,670eeb73d338776d,23b,1,1fdab,PME SCI,Enabled,"Disabled,Enabled","PCI Express PME SCI Enable/Disable.","sif a84=0"
*,670eeb73d338776d,257,1,1fdd4,Hot Plug,Disabled,"Disabled,Enabled","PCI Express Hot Plug Enable/Disable.","sif a84=0;gif a85=0"
*,670eeb73d338776d,273,1,1fdf7,Advanced Error Reporting,Disabled,"Disabled,Enabled","Advanced Error Reporting Enable/Disable.","sif a84=0"
*,670eeb73d338776d,28f,1,1fe18,PCIe Speed,Auto,"Auto,Gen1,Gen2,Gen3","Configure PCIe Speed","sif a84=0"
*,670eeb73d338776d,2ab,1,1fe47,Transmitter Half Swing,Disabled,"Disabled,Enabled","Transmitter Half Swing Enable/Disable.","sif a84=0"
*,670eeb73d338776d,393,2,1fe68,Detect Timeout,0,"Step=1,Min=0,Max=65535","The number of milliseconds reference code will wait for link to exit Detect state for enabled ports before assuming there is no device and potentially disabling the port.","sif a84=0"
*,670eeb73d338776d,527,1,1fe85,Extra Bus Reserved,0,"Step=1,Min=0,Max=7","Extra Bus Reserved (0-7) for bridges behind this Root Bridge.","sif a84=0"
*,670eeb73d338776d,54b,2,1fe9e,Reserved Memory,10,"Step=1,Min=1,Max=20","Reserved Memory for this Root Bridge (1-20) MB","sif a84=0"
*,670eeb73d338776d,57b,1,1febb,Reserved I/O,4,"Step=4,Min=4,Max=20","Reserved I/O (4K/8K/12K/16K/20K) Range for this Root Bridge.","sif a84=0"
PCH PCIe LTR Configuration,,,,,,,,,
*,670eeb73d338776d,3eb,1,1fee6,LTR,Enabled,"Disabled,Enabled","PCH PCIE Latency Reporting Enable/Disable","sif a84=0"
*,670eeb73d338776d,423,1,1ff0f,Snoop Latency Override,Auto,"Disabled,Manual,Auto","Snoop Latency Override for PCH PCIE.
Disabled: Disable override.
Manual: Manually enter override values.
Auto (default): Maintain default BIOS flow.","sif a84=0;sif a9a=0"
*,670eeb73d338776d,49b,2,1ff43,Snoop Latency Value,60,"Step=1,Min=0,Max=1023","LTR Snoop Latency value of PCH PCIE","sif a84=0;sif a9a=0;sif a9b=1 !"
*,670eeb73d338776d,43f,1,1ff60,Snoop Latency Multiplier,1024 ns,"1 ns,32 ns,1024 ns,32768 ns,1048576 ns,33554432 ns","LTR Snoop Latency Multiplier of PCH PCIE","sif a84=0;sif a9a=0;sif a9b=1 !"
*,670eeb73d338776d,45b,1,1ff9f,Non Snoop Latency Override,Auto,"Disabled,Manual,Auto","Non Snoop Latency Override for PCH PCIE.
Disabled: Disable override.
Manual: Manually enter override values.
Auto (default): Maintain default BIOS flow.","sif a84=0;sif a9a=0"
*,670eeb73d338776d,4d3,2,1ffd3,Non Snoop Latency Value,60,"Step=1,Min=0,Max=1023","LTR Non Snoop Latency value of PCH PCIE","sif a84=0;sif a9a=0;sif a9e=1 !"
*,670eeb73d338776d,477,1,1fff0,Non Snoop Latency Multiplier,1024 ns,"1 ns,32 ns,1024 ns,32768 ns,1048576 ns,33554432 ns","LTR Non Snoop Latency Multiplier of PCH PCIE","sif a84=0;sif a9a=0;sif a9e=1 !"
*,670eeb73d338776d,407,1,2003a,LTR Lock,Disabled,"Disabled,Enabled","PCIE LTR Configuration Lock","sif a84=0"
*,670eeb73d338776d,c6,1,2005b,Peer Memory Write Enable,Disabled,"Disabled,Enabled","Peer Memory Write Enable/Disable","sif a84=0"
Form 5101 (PCI Express Root Port 10),,,,,,,,,
,670eeb73d338776d,108,1,20086,PCI Express Root Port 10,Enabled,"Disabled,Enabled","Control the PCI Express Root Port.",""
*,670eeb73d338776d,370,1,200b7,Connection Type,Slot,"Built-in,Slot","Built-In: a built-in device is connected to this rootport. SlotImplemented bit will be clear. Slot: this rootport connects to user-accessible slot. SlotImplemented bit will be set.","sif aa3=0;gif ab1=1"
*,670eeb73d338776d,124,1,200da,ASPM,Auto,"Disabled,L1,Auto","PCI Express Active State Power Management settings.","sif aa3=0"
*,670eeb73d338776d,2c8,1,20102,L1 Substates,L1.1 & L1.2,"Disabled,L1.1,L1.1 & L1.2","PCI Express L1 Substates settings.","sif aa3=0"
*,670eeb73d338776d,2e4,1,2012a,L1 Low,Enabled,"Disabled,Enabled","PCI Express L1 Low Substate Enable/Disable.","sif aa3=0"
*,670eeb73d338776d,300,1,2014b,ACS,Enabled,"Disabled,Enabled","Enable/Disable Access Control Services Extended Capability","sif aa3=0"
*,670eeb73d338776d,31c,1,2016c,PTM,Enabled,"Disabled,Enabled","Enable/Disable Precision Time Measurement","sif aa3=0"
*,670eeb73d338776d,338,1,2018d,DPC,Disabled,"Disabled,Enabled","Enable/Disable Downstream Port Containment","sif aa3=0"
*,670eeb73d338776d,354,1,201ae,EDPC,Enabled,"Disabled,Enabled","Enable/Disable Rootport extensions for Downstream Port Containment","sif aa3=0"
*,670eeb73d338776d,140,1,201cf,URR,Disabled,"Disabled,Enabled","PCI Express Unsupported Request Reporting Enable/Disable.","sif aa3=0"
*,670eeb73d338776d,15c,1,201f0,FER,Disabled,"Disabled,Enabled","PCI Express Device Fatal Error Reporting Enable/Disable.","sif aa3=0"
*,670eeb73d338776d,178,1,20211,NFER,Disabled,"Disabled,Enabled","PCI Express Device Non-Fatal Error Reporting Enable/Disable.","sif aa3=0"
*,670eeb73d338776d,194,1,20232,CER,Disabled,"Disabled,Enabled","PCI Express Device Correctable Error Reporting Enable/Disable.","sif aa3=0"
*,670eeb73d338776d,1e8,1,20253,SEFE,Disabled,"Disabled,Enabled","Root PCI Express System Error on Fatal Error Enable/Disable.","sif aa3=0"
*,670eeb73d338776d,204,1,20274,SENFE,Disabled,"Disabled,Enabled","Root PCI Express System Error on Non-Fatal Error Enable/Disable.","sif aa3=0"
*,670eeb73d338776d,220,1,20295,SECE,Disabled,"Disabled,Enabled","Root PCI Express System Error on Correctable Error Enable/Disable.","sif aa3=0"
*,670eeb73d338776d,23c,1,202b6,PME SCI,Enabled,"Disabled,Enabled","PCI Express PME SCI Enable/Disable.","sif aa3=0"
*,670eeb73d338776d,258,1,202df,Hot Plug,Disabled,"Disabled,Enabled","PCI Express Hot Plug Enable/Disable.","sif aa3=0;gif aa4=0"
*,670eeb73d338776d,274,1,20302,Advanced Error Reporting,Disabled,"Disabled,Enabled","Advanced Error Reporting Enable/Disable.","sif aa3=0"
*,670eeb73d338776d,290,1,20323,PCIe Speed,Auto,"Auto,Gen1,Gen2,Gen3","Configure PCIe Speed","sif aa3=0"
*,670eeb73d338776d,2ac,1,20352,Transmitter Half Swing,Disabled,"Disabled,Enabled","Transmitter Half Swing Enable/Disable.","sif aa3=0"
*,670eeb73d338776d,395,2,20373,Detect Timeout,0,"Step=1,Min=0,Max=65535","The number of milliseconds reference code will wait for link to exit Detect state for enabled ports before assuming there is no device and potentially disabling the port.","sif aa3=0"
*,670eeb73d338776d,528,1,20390,Extra Bus Reserved,0,"Step=1,Min=0,Max=7","Extra Bus Reserved (0-7) for bridges behind this Root Bridge.","sif aa3=0"
*,670eeb73d338776d,54d,2,203a9,Reserved Memory,10,"Step=1,Min=1,Max=20","Reserved Memory for this Root Bridge (1-20) MB","sif aa3=0"
*,670eeb73d338776d,57c,1,203c6,Reserved I/O,4,"Step=4,Min=4,Max=20","Reserved I/O (4K/8K/12K/16K/20K) Range for this Root Bridge.","sif aa3=0"
PCH PCIe LTR Configuration,,,,,,,,,
*,670eeb73d338776d,3ec,1,203f1,LTR,Enabled,"Disabled,Enabled","PCH PCIE Latency Reporting Enable/Disable","sif aa3=0"
*,670eeb73d338776d,424,1,2041a,Snoop Latency Override,Auto,"Disabled,Manual,Auto","Snoop Latency Override for PCH PCIE.
Disabled: Disable override.
Manual: Manually enter override values.
Auto (default): Maintain default BIOS flow.","sif aa3=0;sif ab9=0"
*,670eeb73d338776d,49d,2,2044e,Snoop Latency Value,60,"Step=1,Min=0,Max=1023","LTR Snoop Latency value of PCH PCIE","sif aa3=0;sif ab9=0;sif aba=1 !"
*,670eeb73d338776d,440,1,2046b,Snoop Latency Multiplier,1024 ns,"1 ns,32 ns,1024 ns,32768 ns,1048576 ns,33554432 ns","LTR Snoop Latency Multiplier of PCH PCIE","sif aa3=0;sif ab9=0;sif aba=1 !"
*,670eeb73d338776d,45c,1,204aa,Non Snoop Latency Override,Auto,"Disabled,Manual,Auto","Non Snoop Latency Override for PCH PCIE.
Disabled: Disable override.
Manual: Manually enter override values.
Auto (default): Maintain default BIOS flow.","sif aa3=0;sif ab9=0"
*,670eeb73d338776d,4d5,2,204de,Non Snoop Latency Value,60,"Step=1,Min=0,Max=1023","LTR Non Snoop Latency value of PCH PCIE","sif aa3=0;sif ab9=0;sif abd=1 !"
*,670eeb73d338776d,478,1,204fb,Non Snoop Latency Multiplier,1024 ns,"1 ns,32 ns,1024 ns,32768 ns,1048576 ns,33554432 ns","LTR Non Snoop Latency Multiplier of PCH PCIE","sif aa3=0;sif ab9=0;sif abd=1 !"
*,670eeb73d338776d,408,1,20545,LTR Lock,Disabled,"Disabled,Enabled","PCIE LTR Configuration Lock","sif aa3=0"
*,670eeb73d338776d,c7,1,20566,Peer Memory Write Enable,Disabled,"Disabled,Enabled","Peer Memory Write Enable/Disable","sif aa3=0"
Form 5102 (PCI Express Root Port 11),,,,,,,,,
,670eeb73d338776d,109,1,20591,PCI Express Root Port 11,Enabled,"Disabled,Enabled","Control the PCI Express Root Port.",""
*,670eeb73d338776d,371,1,205c2,Connection Type,Slot,"Built-in,Slot","Built-In: a built-in device is connected to this rootport. SlotImplemented bit will be clear. Slot: this rootport connects to user-accessible slot. SlotImplemented bit will be set.","sif ac2=0;gif ad0=1"
*,670eeb73d338776d,125,1,205e5,ASPM,Auto,"Disabled,L1,Auto","PCI Express Active State Power Management settings.","sif ac2=0"
*,670eeb73d338776d,2c9,1,2060d,L1 Substates,L1.1 & L1.2,"Disabled,L1.1,L1.1 & L1.2","PCI Express L1 Substates settings.","sif ac2=0"
*,670eeb73d338776d,2e5,1,20635,L1 Low,Enabled,"Disabled,Enabled","PCI Express L1 Low Substate Enable/Disable.","sif ac2=0"
*,670eeb73d338776d,301,1,20656,ACS,Enabled,"Disabled,Enabled","Enable/Disable Access Control Services Extended Capability","sif ac2=0"
*,670eeb73d338776d,31d,1,20677,PTM,Enabled,"Disabled,Enabled","Enable/Disable Precision Time Measurement","sif ac2=0"
*,670eeb73d338776d,339,1,20698,DPC,Disabled,"Disabled,Enabled","Enable/Disable Downstream Port Containment","sif ac2=0"
*,670eeb73d338776d,355,1,206b9,EDPC,Enabled,"Disabled,Enabled","Enable/Disable Rootport extensions for Downstream Port Containment","sif ac2=0"
*,670eeb73d338776d,141,1,206da,URR,Disabled,"Disabled,Enabled","PCI Express Unsupported Request Reporting Enable/Disable.","sif ac2=0"
*,670eeb73d338776d,15d,1,206fb,FER,Disabled,"Disabled,Enabled","PCI Express Device Fatal Error Reporting Enable/Disable.","sif ac2=0"
*,670eeb73d338776d,179,1,2071c,NFER,Disabled,"Disabled,Enabled","PCI Express Device Non-Fatal Error Reporting Enable/Disable.","sif ac2=0"
*,670eeb73d338776d,195,1,2073d,CER,Disabled,"Disabled,Enabled","PCI Express Device Correctable Error Reporting Enable/Disable.","sif ac2=0"
*,670eeb73d338776d,1e9,1,2075e,SEFE,Disabled,"Disabled,Enabled","Root PCI Express System Error on Fatal Error Enable/Disable.","sif ac2=0"
*,670eeb73d338776d,205,1,2077f,SENFE,Disabled,"Disabled,Enabled","Root PCI Express System Error on Non-Fatal Error Enable/Disable.","sif ac2=0"
*,670eeb73d338776d,221,1,207a0,SECE,Disabled,"Disabled,Enabled","Root PCI Express System Error on Correctable Error Enable/Disable.","sif ac2=0"
*,670eeb73d338776d,23d,1,207c1,PME SCI,Enabled,"Disabled,Enabled","PCI Express PME SCI Enable/Disable.","sif ac2=0"
*,670eeb73d338776d,259,1,207ea,Hot Plug,Disabled,"Disabled,Enabled","PCI Express Hot Plug Enable/Disable.","sif ac2=0;gif ac3=0"
*,670eeb73d338776d,275,1,2080d,Advanced Error Reporting,Disabled,"Disabled,Enabled","Advanced Error Reporting Enable/Disable.","sif ac2=0"
*,670eeb73d338776d,291,1,2082e,PCIe Speed,Auto,"Auto,Gen1,Gen2,Gen3","Configure PCIe Speed","sif ac2=0"
*,670eeb73d338776d,2ad,1,2085d,Transmitter Half Swing,Disabled,"Disabled,Enabled","Transmitter Half Swing Enable/Disable.","sif ac2=0"
*,670eeb73d338776d,397,2,2087e,Detect Timeout,0,"Step=1,Min=0,Max=65535","The number of milliseconds reference code will wait for link to exit Detect state for enabled ports before assuming there is no device and potentially disabling the port.","sif ac2=0"
*,670eeb73d338776d,529,1,2089b,Extra Bus Reserved,0,"Step=1,Min=0,Max=7","Extra Bus Reserved (0-7) for bridges behind this Root Bridge.","sif ac2=0"
*,670eeb73d338776d,54f,2,208b4,Reserved Memory,10,"Step=1,Min=1,Max=20","Reserved Memory for this Root Bridge (1-20) MB","sif ac2=0"
*,670eeb73d338776d,57d,1,208d1,Reserved I/O,4,"Step=4,Min=4,Max=20","Reserved I/O (4K/8K/12K/16K/20K) Range for this Root Bridge.","sif ac2=0"
PCH PCIe LTR Configuration,,,,,,,,,
*,670eeb73d338776d,3ed,1,208fc,LTR,Enabled,"Disabled,Enabled","PCH PCIE Latency Reporting Enable/Disable","sif ac2=0"
*,670eeb73d338776d,425,1,20925,Snoop Latency Override,Auto,"Disabled,Manual,Auto","Snoop Latency Override for PCH PCIE.
Disabled: Disable override.
Manual: Manually enter override values.
Auto (default): Maintain default BIOS flow.","sif ac2=0;sif ad8=0"
*,670eeb73d338776d,49f,2,20959,Snoop Latency Value,60,"Step=1,Min=0,Max=1023","LTR Snoop Latency value of PCH PCIE","sif ac2=0;sif ad8=0;sif ad9=1 !"
*,670eeb73d338776d,441,1,20976,Snoop Latency Multiplier,1024 ns,"1 ns,32 ns,1024 ns,32768 ns,1048576 ns,33554432 ns","LTR Snoop Latency Multiplier of PCH PCIE","sif ac2=0;sif ad8=0;sif ad9=1 !"
*,670eeb73d338776d,45d,1,209b5,Non Snoop Latency Override,Auto,"Disabled,Manual,Auto","Non Snoop Latency Override for PCH PCIE.
Disabled: Disable override.
Manual: Manually enter override values.
Auto (default): Maintain default BIOS flow.","sif ac2=0;sif ad8=0"
*,670eeb73d338776d,4d7,2,209e9,Non Snoop Latency Value,60,"Step=1,Min=0,Max=1023","LTR Non Snoop Latency value of PCH PCIE","sif ac2=0;sif ad8=0;sif adc=1 !"
*,670eeb73d338776d,479,1,20a06,Non Snoop Latency Multiplier,1024 ns,"1 ns,32 ns,1024 ns,32768 ns,1048576 ns,33554432 ns","LTR Non Snoop Latency Multiplier of PCH PCIE","sif ac2=0;sif ad8=0;sif adc=1 !"
*,670eeb73d338776d,409,1,20a50,LTR Lock,Disabled,"Disabled,Enabled","PCIE LTR Configuration Lock","sif ac2=0"
*,670eeb73d338776d,c8,1,20a71,Peer Memory Write Enable,Disabled,"Disabled,Enabled","Peer Memory Write Enable/Disable","sif ac2=0"
Form 5103 (PCI Express Root Port 12),,,,,,,,,
,670eeb73d338776d,10a,1,20a9c,PCI Express Root Port 12,Enabled,"Disabled,Enabled","Control the PCI Express Root Port.",""
*,670eeb73d338776d,372,1,20acd,Connection Type,Slot,"Built-in,Slot","Built-In: a built-in device is connected to this rootport. SlotImplemented bit will be clear. Slot: this rootport connects to user-accessible slot. SlotImplemented bit will be set.","sif ae1=0;gif aef=1"
*,670eeb73d338776d,126,1,20af0,ASPM,Auto,"Disabled,L1,Auto","PCI Express Active State Power Management settings.","sif ae1=0"
*,670eeb73d338776d,2ca,1,20b18,L1 Substates,L1.1 & L1.2,"Disabled,L1.1,L1.1 & L1.2","PCI Express L1 Substates settings.","sif ae1=0"
*,670eeb73d338776d,2e6,1,20b40,L1 Low,Enabled,"Disabled,Enabled","PCI Express L1 Low Substate Enable/Disable.","sif ae1=0"
*,670eeb73d338776d,302,1,20b61,ACS,Enabled,"Disabled,Enabled","Enable/Disable Access Control Services Extended Capability","sif ae1=0"
*,670eeb73d338776d,31e,1,20b82,PTM,Enabled,"Disabled,Enabled","Enable/Disable Precision Time Measurement","sif ae1=0"
*,670eeb73d338776d,33a,1,20ba3,DPC,Disabled,"Disabled,Enabled","Enable/Disable Downstream Port Containment","sif ae1=0"
*,670eeb73d338776d,356,1,20bc4,EDPC,Enabled,"Disabled,Enabled","Enable/Disable Rootport extensions for Downstream Port Containment","sif ae1=0"
*,670eeb73d338776d,142,1,20be5,URR,Disabled,"Disabled,Enabled","PCI Express Unsupported Request Reporting Enable/Disable.","sif ae1=0"
*,670eeb73d338776d,15e,1,20c06,FER,Disabled,"Disabled,Enabled","PCI Express Device Fatal Error Reporting Enable/Disable.","sif ae1=0"
*,670eeb73d338776d,17a,1,20c27,NFER,Disabled,"Disabled,Enabled","PCI Express Device Non-Fatal Error Reporting Enable/Disable.","sif ae1=0"
*,670eeb73d338776d,196,1,20c48,CER,Disabled,"Disabled,Enabled","PCI Express Device Correctable Error Reporting Enable/Disable.","sif ae1=0"
*,670eeb73d338776d,1ea,1,20c69,SEFE,Disabled,"Disabled,Enabled","Root PCI Express System Error on Fatal Error Enable/Disable.","sif ae1=0"
*,670eeb73d338776d,206,1,20c8a,SENFE,Disabled,"Disabled,Enabled","Root PCI Express System Error on Non-Fatal Error Enable/Disable.","sif ae1=0"
*,670eeb73d338776d,222,1,20cab,SECE,Disabled,"Disabled,Enabled","Root PCI Express System Error on Correctable Error Enable/Disable.","sif ae1=0"
*,670eeb73d338776d,23e,1,20ccc,PME SCI,Enabled,"Disabled,Enabled","PCI Express PME SCI Enable/Disable.","sif ae1=0"
*,670eeb73d338776d,25a,1,20cf5,Hot Plug,Disabled,"Disabled,Enabled","PCI Express Hot Plug Enable/Disable.","sif ae1=0;gif ae2=0"
*,670eeb73d338776d,276,1,20d18,Advanced Error Reporting,Disabled,"Disabled,Enabled","Advanced Error Reporting Enable/Disable.","sif ae1=0"
*,670eeb73d338776d,292,1,20d39,PCIe Speed,Auto,"Auto,Gen1,Gen2,Gen3","Configure PCIe Speed","sif ae1=0"
*,670eeb73d338776d,2ae,1,20d68,Transmitter Half Swing,Disabled,"Disabled,Enabled","Transmitter Half Swing Enable/Disable.","sif ae1=0"
*,670eeb73d338776d,399,2,20d89,Detect Timeout,0,"Step=1,Min=0,Max=65535","The number of milliseconds reference code will wait for link to exit Detect state for enabled ports before assuming there is no device and potentially disabling the port.","sif ae1=0"
*,670eeb73d338776d,52a,1,20da6,Extra Bus Reserved,0,"Step=1,Min=0,Max=7","Extra Bus Reserved (0-7) for bridges behind this Root Bridge.","sif ae1=0"
*,670eeb73d338776d,551,2,20dbf,Reserved Memory,10,"Step=1,Min=1,Max=20","Reserved Memory for this Root Bridge (1-20) MB","sif ae1=0"
*,670eeb73d338776d,57e,1,20ddc,Reserved I/O,4,"Step=4,Min=4,Max=20","Reserved I/O (4K/8K/12K/16K/20K) Range for this Root Bridge.","sif ae1=0"
PCH PCIe LTR Configuration,,,,,,,,,
*,670eeb73d338776d,3ee,1,20e07,LTR,Enabled,"Disabled,Enabled","PCH PCIE Latency Reporting Enable/Disable","sif ae1=0"
*,670eeb73d338776d,426,1,20e30,Snoop Latency Override,Auto,"Disabled,Manual,Auto","Snoop Latency Override for PCH PCIE.
Disabled: Disable override.
Manual: Manually enter override values.
Auto (default): Maintain default BIOS flow.","sif ae1=0;sif af7=0"
*,670eeb73d338776d,4a1,2,20e64,Snoop Latency Value,60,"Step=1,Min=0,Max=1023","LTR Snoop Latency value of PCH PCIE","sif ae1=0;sif af7=0;sif af8=1 !"
*,670eeb73d338776d,442,1,20e81,Snoop Latency Multiplier,1024 ns,"1 ns,32 ns,1024 ns,32768 ns,1048576 ns,33554432 ns","LTR Snoop Latency Multiplier of PCH PCIE","sif ae1=0;sif af7=0;sif af8=1 !"
*,670eeb73d338776d,45e,1,20ec0,Non Snoop Latency Override,Auto,"Disabled,Manual,Auto","Non Snoop Latency Override for PCH PCIE.
Disabled: Disable override.
Manual: Manually enter override values.
Auto (default): Maintain default BIOS flow.","sif ae1=0;sif af7=0"
*,670eeb73d338776d,4d9,2,20ef4,Non Snoop Latency Value,60,"Step=1,Min=0,Max=1023","LTR Non Snoop Latency value of PCH PCIE","sif ae1=0;sif af7=0;sif afb=1 !"
*,670eeb73d338776d,47a,1,20f11,Non Snoop Latency Multiplier,1024 ns,"1 ns,32 ns,1024 ns,32768 ns,1048576 ns,33554432 ns","LTR Non Snoop Latency Multiplier of PCH PCIE","sif ae1=0;sif af7=0;sif afb=1 !"
*,670eeb73d338776d,40a,1,20f5b,LTR Lock,Disabled,"Disabled,Enabled","PCIE LTR Configuration Lock","sif ae1=0"
*,670eeb73d338776d,c9,1,20f7c,Peer Memory Write Enable,Disabled,"Disabled,Enabled","Peer Memory Write Enable/Disable","sif ae1=0"
Form 5104 (PCI Express Root Port 13),,,,,,,,,
,670eeb73d338776d,10b,1,20fa7,PCI Express Root Port 13,Enabled,"Disabled,Enabled","Control the PCI Express Root Port.",""
*,670eeb73d338776d,373,1,20fd8,Connection Type,Slot,"Built-in,Slot","Built-In: a built-in device is connected to this rootport. SlotImplemented bit will be clear. Slot: this rootport connects to user-accessible slot. SlotImplemented bit will be set.","sif b00=0;gif b0e=1"
*,670eeb73d338776d,127,1,20ffb,ASPM,Auto,"Disabled,L1,Auto","PCI Express Active State Power Management settings.","sif b00=0"
*,670eeb73d338776d,2cb,1,21023,L1 Substates,L1.1 & L1.2,"Disabled,L1.1,L1.1 & L1.2","PCI Express L1 Substates settings.","sif b00=0"
*,670eeb73d338776d,2e7,1,2104b,L1 Low,Enabled,"Disabled,Enabled","PCI Express L1 Low Substate Enable/Disable.","sif b00=0"
*,670eeb73d338776d,303,1,2106c,ACS,Enabled,"Disabled,Enabled","Enable/Disable Access Control Services Extended Capability","sif b00=0"
*,670eeb73d338776d,31f,1,2108d,PTM,Enabled,"Disabled,Enabled","Enable/Disable Precision Time Measurement","sif b00=0"
*,670eeb73d338776d,33b,1,210ae,DPC,Disabled,"Disabled,Enabled","Enable/Disable Downstream Port Containment","sif b00=0"
*,670eeb73d338776d,357,1,210cf,EDPC,Enabled,"Disabled,Enabled","Enable/Disable Rootport extensions for Downstream Port Containment","sif b00=0"
*,670eeb73d338776d,143,1,210f0,URR,Disabled,"Disabled,Enabled","PCI Express Unsupported Request Reporting Enable/Disable.","sif b00=0"
*,670eeb73d338776d,15f,1,21111,FER,Disabled,"Disabled,Enabled","PCI Express Device Fatal Error Reporting Enable/Disable.","sif b00=0"
*,670eeb73d338776d,17b,1,21132,NFER,Disabled,"Disabled,Enabled","PCI Express Device Non-Fatal Error Reporting Enable/Disable.","sif b00=0"
*,670eeb73d338776d,197,1,21153,CER,Disabled,"Disabled,Enabled","PCI Express Device Correctable Error Reporting Enable/Disable.","sif b00=0"
*,670eeb73d338776d,1eb,1,21174,SEFE,Disabled,"Disabled,Enabled","Root PCI Express System Error on Fatal Error Enable/Disable.","sif b00=0"
*,670eeb73d338776d,207,1,21195,SENFE,Disabled,"Disabled,Enabled","Root PCI Express System Error on Non-Fatal Error Enable/Disable.","sif b00=0"
*,670eeb73d338776d,223,1,211b6,SECE,Disabled,"Disabled,Enabled","Root PCI Express System Error on Correctable Error Enable/Disable.","sif b00=0"
*,670eeb73d338776d,23f,1,211d7,PME SCI,Enabled,"Disabled,Enabled","PCI Express PME SCI Enable/Disable.","sif b00=0"
*,670eeb73d338776d,25b,1,21200,Hot Plug,Disabled,"Disabled,Enabled","PCI Express Hot Plug Enable/Disable.","sif b00=0;gif b01=0"
*,670eeb73d338776d,277,1,21223,Advanced Error Reporting,Disabled,"Disabled,Enabled","Advanced Error Reporting Enable/Disable.","sif b00=0"
*,670eeb73d338776d,293,1,21244,PCIe Speed,Auto,"Auto,Gen1,Gen2,Gen3","Configure PCIe Speed","sif b00=0"
*,670eeb73d338776d,2af,1,21273,Transmitter Half Swing,Disabled,"Disabled,Enabled","Transmitter Half Swing Enable/Disable.","sif b00=0"
*,670eeb73d338776d,39b,2,21294,Detect Timeout,0,"Step=1,Min=0,Max=65535","The number of milliseconds reference code will wait for link to exit Detect state for enabled ports before assuming there is no device and potentially disabling the port.","sif b00=0"
*,670eeb73d338776d,52b,1,212b1,Extra Bus Reserved,0,"Step=1,Min=0,Max=7","Extra Bus Reserved (0-7) for bridges behind this Root Bridge.","sif b00=0"
*,670eeb73d338776d,553,2,212ca,Reserved Memory,10,"Step=1,Min=1,Max=20","Reserved Memory for this Root Bridge (1-20) MB","sif b00=0"
*,670eeb73d338776d,57f,1,212e7,Reserved I/O,4,"Step=4,Min=4,Max=20","Reserved I/O (4K/8K/12K/16K/20K) Range for this Root Bridge.","sif b00=0"
PCH PCIe LTR Configuration,,,,,,,,,
*,670eeb73d338776d,3ef,1,21312,LTR,Enabled,"Disabled,Enabled","PCH PCIE Latency Reporting Enable/Disable","sif b00=0"
*,670eeb73d338776d,427,1,2133b,Snoop Latency Override,Auto,"Disabled,Manual,Auto","Snoop Latency Override for PCH PCIE.
Disabled: Disable override.
Manual: Manually enter override values.
Auto (default): Maintain default BIOS flow.","sif b00=0;sif b16=0"
*,670eeb73d338776d,4a3,2,2136f,Snoop Latency Value,60,"Step=1,Min=0,Max=1023","LTR Snoop Latency value of PCH PCIE","sif b00=0;sif b16=0;sif b17=1 !"
*,670eeb73d338776d,443,1,2138c,Snoop Latency Multiplier,1024 ns,"1 ns,32 ns,1024 ns,32768 ns,1048576 ns,33554432 ns","LTR Snoop Latency Multiplier of PCH PCIE","sif b00=0;sif b16=0;sif b17=1 !"
*,670eeb73d338776d,45f,1,213cb,Non Snoop Latency Override,Auto,"Disabled,Manual,Auto","Non Snoop Latency Override for PCH PCIE.
Disabled: Disable override.
Manual: Manually enter override values.
Auto (default): Maintain default BIOS flow.","sif b00=0;sif b16=0"
*,670eeb73d338776d,4db,2,213ff,Non Snoop Latency Value,60,"Step=1,Min=0,Max=1023","LTR Non Snoop Latency value of PCH PCIE","sif b00=0;sif b16=0;sif b1a=1 !"
*,670eeb73d338776d,47b,1,2141c,Non Snoop Latency Multiplier,1024 ns,"1 ns,32 ns,1024 ns,32768 ns,1048576 ns,33554432 ns","LTR Non Snoop Latency Multiplier of PCH PCIE","sif b00=0;sif b16=0;sif b1a=1 !"
*,670eeb73d338776d,40b,1,21466,LTR Lock,Disabled,"Disabled,Enabled","PCIE LTR Configuration Lock","sif b00=0"
*,670eeb73d338776d,ca,1,21487,Peer Memory Write Enable,Disabled,"Disabled,Enabled","Peer Memory Write Enable/Disable","sif b00=0"
Form 5105 (PCI Express Root Port 14),,,,,,,,,
,670eeb73d338776d,10c,1,214b2,PCI Express Root Port 14,Enabled,"Disabled,Enabled","Control the PCI Express Root Port.",""
*,670eeb73d338776d,374,1,214e3,Connection Type,Slot,"Built-in,Slot","Built-In: a built-in device is connected to this rootport. SlotImplemented bit will be clear. Slot: this rootport connects to user-accessible slot. SlotImplemented bit will be set.","sif b1f=0;gif b2d=1"
*,670eeb73d338776d,128,1,21506,ASPM,Auto,"Disabled,L1,Auto","PCI Express Active State Power Management settings.","sif b1f=0"
*,670eeb73d338776d,2cc,1,2152e,L1 Substates,L1.1 & L1.2,"Disabled,L1.1,L1.1 & L1.2","PCI Express L1 Substates settings.","sif b1f=0"
*,670eeb73d338776d,2e8,1,21556,L1 Low,Enabled,"Disabled,Enabled","PCI Express L1 Low Substate Enable/Disable.","sif b1f=0"
*,670eeb73d338776d,304,1,21577,ACS,Enabled,"Disabled,Enabled","Enable/Disable Access Control Services Extended Capability","sif b1f=0"
*,670eeb73d338776d,320,1,21598,PTM,Enabled,"Disabled,Enabled","Enable/Disable Precision Time Measurement","sif b1f=0"
*,670eeb73d338776d,33c,1,215b9,DPC,Disabled,"Disabled,Enabled","Enable/Disable Downstream Port Containment","sif b1f=0"
*,670eeb73d338776d,358,1,215da,EDPC,Enabled,"Disabled,Enabled","Enable/Disable Rootport extensions for Downstream Port Containment","sif b1f=0"
*,670eeb73d338776d,144,1,215fb,URR,Disabled,"Disabled,Enabled","PCI Express Unsupported Request Reporting Enable/Disable.","sif b1f=0"
*,670eeb73d338776d,160,1,2161c,FER,Disabled,"Disabled,Enabled","PCI Express Device Fatal Error Reporting Enable/Disable.","sif b1f=0"
*,670eeb73d338776d,17c,1,2163d,NFER,Disabled,"Disabled,Enabled","PCI Express Device Non-Fatal Error Reporting Enable/Disable.","sif b1f=0"
*,670eeb73d338776d,198,1,2165e,CER,Disabled,"Disabled,Enabled","PCI Express Device Correctable Error Reporting Enable/Disable.","sif b1f=0"
*,670eeb73d338776d,1ec,1,2167f,SEFE,Disabled,"Disabled,Enabled","Root PCI Express System Error on Fatal Error Enable/Disable.","sif b1f=0"
*,670eeb73d338776d,208,1,216a0,SENFE,Disabled,"Disabled,Enabled","Root PCI Express System Error on Non-Fatal Error Enable/Disable.","sif b1f=0"
*,670eeb73d338776d,224,1,216c1,SECE,Disabled,"Disabled,Enabled","Root PCI Express System Error on Correctable Error Enable/Disable.","sif b1f=0"
*,670eeb73d338776d,240,1,216e2,PME SCI,Enabled,"Disabled,Enabled","PCI Express PME SCI Enable/Disable.","sif b1f=0"
*,670eeb73d338776d,25c,1,2170b,Hot Plug,Disabled,"Disabled,Enabled","PCI Express Hot Plug Enable/Disable.","sif b1f=0;gif b20=0"
*,670eeb73d338776d,278,1,2172e,Advanced Error Reporting,Disabled,"Disabled,Enabled","Advanced Error Reporting Enable/Disable.","sif b1f=0"
*,670eeb73d338776d,294,1,2174f,PCIe Speed,Auto,"Auto,Gen1,Gen2,Gen3","Configure PCIe Speed","sif b1f=0"
*,670eeb73d338776d,2b0,1,2177e,Transmitter Half Swing,Disabled,"Disabled,Enabled","Transmitter Half Swing Enable/Disable.","sif b1f=0"
*,670eeb73d338776d,39d,2,2179f,Detect Timeout,0,"Step=1,Min=0,Max=65535","The number of milliseconds reference code will wait for link to exit Detect state for enabled ports before assuming there is no device and potentially disabling the port.","sif b1f=0"
*,670eeb73d338776d,52c,1,217bc,Extra Bus Reserved,0,"Step=1,Min=0,Max=7","Extra Bus Reserved (0-7) for bridges behind this Root Bridge.","sif b1f=0"
*,670eeb73d338776d,555,2,217d5,Reserved Memory,10,"Step=1,Min=1,Max=20","Reserved Memory for this Root Bridge (1-20) MB","sif b1f=0"
*,670eeb73d338776d,580,1,217f2,Reserved I/O,4,"Step=4,Min=4,Max=20","Reserved I/O (4K/8K/12K/16K/20K) Range for this Root Bridge.","sif b1f=0"
PCH PCIe LTR Configuration,,,,,,,,,
*,670eeb73d338776d,3f0,1,2181d,LTR,Enabled,"Disabled,Enabled","PCH PCIE Latency Reporting Enable/Disable","sif b1f=0"
*,670eeb73d338776d,428,1,21846,Snoop Latency Override,Auto,"Disabled,Manual,Auto","Snoop Latency Override for PCH PCIE.
Disabled: Disable override.
Manual: Manually enter override values.
Auto (default): Maintain default BIOS flow.","sif b1f=0;sif b35=0"
*,670eeb73d338776d,4a5,2,2187a,Snoop Latency Value,60,"Step=1,Min=0,Max=1023","LTR Snoop Latency value of PCH PCIE","sif b1f=0;sif b35=0;sif b36=1 !"
*,670eeb73d338776d,444,1,21897,Snoop Latency Multiplier,1024 ns,"1 ns,32 ns,1024 ns,32768 ns,1048576 ns,33554432 ns","LTR Snoop Latency Multiplier of PCH PCIE","sif b1f=0;sif b35=0;sif b36=1 !"
*,670eeb73d338776d,460,1,218d6,Non Snoop Latency Override,Auto,"Disabled,Manual,Auto","Non Snoop Latency Override for PCH PCIE.
Disabled: Disable override.
Manual: Manually enter override values.
Auto (default): Maintain default BIOS flow.","sif b1f=0;sif b35=0"
*,670eeb73d338776d,4dd,2,2190a,Non Snoop Latency Value,60,"Step=1,Min=0,Max=1023","LTR Non Snoop Latency value of PCH PCIE","sif b1f=0;sif b35=0;sif b39=1 !"
*,670eeb73d338776d,47c,1,21927,Non Snoop Latency Multiplier,1024 ns,"1 ns,32 ns,1024 ns,32768 ns,1048576 ns,33554432 ns","LTR Non Snoop Latency Multiplier of PCH PCIE","sif b1f=0;sif b35=0;sif b39=1 !"
*,670eeb73d338776d,40c,1,21971,LTR Lock,Disabled,"Disabled,Enabled","PCIE LTR Configuration Lock","sif b1f=0"
*,670eeb73d338776d,cb,1,21992,Peer Memory Write Enable,Disabled,"Disabled,Enabled","Peer Memory Write Enable/Disable","sif b1f=0"
Form 5106 (PCI Express Root Port 15),,,,,,,,,
,670eeb73d338776d,10d,1,219bd,PCI Express Root Port 15,Enabled,"Disabled,Enabled","Control the PCI Express Root Port.",""
*,670eeb73d338776d,375,1,219ee,Connection Type,Slot,"Built-in,Slot","Built-In: a built-in device is connected to this rootport. SlotImplemented bit will be clear. Slot: this rootport connects to user-accessible slot. SlotImplemented bit will be set.","sif b3e=0;gif b4c=1"
*,670eeb73d338776d,129,1,21a11,ASPM,Auto,"Disabled,L1,Auto","PCI Express Active State Power Management settings.","sif b3e=0"
*,670eeb73d338776d,2cd,1,21a39,L1 Substates,L1.1 & L1.2,"Disabled,L1.1,L1.1 & L1.2","PCI Express L1 Substates settings.","sif b3e=0"
*,670eeb73d338776d,2e9,1,21a61,L1 Low,Enabled,"Disabled,Enabled","PCI Express L1 Low Substate Enable/Disable.","sif b3e=0"
*,670eeb73d338776d,305,1,21a82,ACS,Enabled,"Disabled,Enabled","Enable/Disable Access Control Services Extended Capability","sif b3e=0"
*,670eeb73d338776d,321,1,21aa3,PTM,Enabled,"Disabled,Enabled","Enable/Disable Precision Time Measurement","sif b3e=0"
*,670eeb73d338776d,33d,1,21ac4,DPC,Disabled,"Disabled,Enabled","Enable/Disable Downstream Port Containment","sif b3e=0"
*,670eeb73d338776d,359,1,21ae5,EDPC,Enabled,"Disabled,Enabled","Enable/Disable Rootport extensions for Downstream Port Containment","sif b3e=0"
*,670eeb73d338776d,145,1,21b06,URR,Disabled,"Disabled,Enabled","PCI Express Unsupported Request Reporting Enable/Disable.","sif b3e=0"
*,670eeb73d338776d,161,1,21b27,FER,Disabled,"Disabled,Enabled","PCI Express Device Fatal Error Reporting Enable/Disable.","sif b3e=0"
*,670eeb73d338776d,17d,1,21b48,NFER,Disabled,"Disabled,Enabled","PCI Express Device Non-Fatal Error Reporting Enable/Disable.","sif b3e=0"
*,670eeb73d338776d,199,1,21b69,CER,Disabled,"Disabled,Enabled","PCI Express Device Correctable Error Reporting Enable/Disable.","sif b3e=0"
*,670eeb73d338776d,1ed,1,21b8a,SEFE,Disabled,"Disabled,Enabled","Root PCI Express System Error on Fatal Error Enable/Disable.","sif b3e=0"
*,670eeb73d338776d,209,1,21bab,SENFE,Disabled,"Disabled,Enabled","Root PCI Express System Error on Non-Fatal Error Enable/Disable.","sif b3e=0"
*,670eeb73d338776d,225,1,21bcc,SECE,Disabled,"Disabled,Enabled","Root PCI Express System Error on Correctable Error Enable/Disable.","sif b3e=0"
*,670eeb73d338776d,241,1,21bed,PME SCI,Enabled,"Disabled,Enabled","PCI Express PME SCI Enable/Disable.","sif b3e=0"
*,670eeb73d338776d,25d,1,21c16,Hot Plug,Disabled,"Disabled,Enabled","PCI Express Hot Plug Enable/Disable.","sif b3e=0;gif b3f=0"
*,670eeb73d338776d,279,1,21c39,Advanced Error Reporting,Disabled,"Disabled,Enabled","Advanced Error Reporting Enable/Disable.","sif b3e=0"
*,670eeb73d338776d,295,1,21c5a,PCIe Speed,Auto,"Auto,Gen1,Gen2,Gen3","Configure PCIe Speed","sif b3e=0"
*,670eeb73d338776d,2b1,1,21c89,Transmitter Half Swing,Disabled,"Disabled,Enabled","Transmitter Half Swing Enable/Disable.","sif b3e=0"
*,670eeb73d338776d,39f,2,21caa,Detect Timeout,0,"Step=1,Min=0,Max=65535","The number of milliseconds reference code will wait for link to exit Detect state for enabled ports before assuming there is no device and potentially disabling the port.","sif b3e=0"
*,670eeb73d338776d,52d,1,21cc7,Extra Bus Reserved,0,"Step=1,Min=0,Max=7","Extra Bus Reserved (0-7) for bridges behind this Root Bridge.","sif b3e=0"
*,670eeb73d338776d,557,2,21ce0,Reserved Memory,10,"Step=1,Min=1,Max=20","Reserved Memory for this Root Bridge (1-20) MB","sif b3e=0"
*,670eeb73d338776d,581,1,21cfd,Reserved I/O,4,"Step=4,Min=4,Max=20","Reserved I/O (4K/8K/12K/16K/20K) Range for this Root Bridge.","sif b3e=0"
PCH PCIe LTR Configuration,,,,,,,,,
*,670eeb73d338776d,3f1,1,21d28,LTR,Enabled,"Disabled,Enabled","PCH PCIE Latency Reporting Enable/Disable","sif b3e=0"
*,670eeb73d338776d,429,1,21d51,Snoop Latency Override,Auto,"Disabled,Manual,Auto","Snoop Latency Override for PCH PCIE.
Disabled: Disable override.
Manual: Manually enter override values.
Auto (default): Maintain default BIOS flow.","sif b3e=0;sif b54=0"
*,670eeb73d338776d,4a7,2,21d85,Snoop Latency Value,60,"Step=1,Min=0,Max=1023","LTR Snoop Latency value of PCH PCIE","sif b3e=0;sif b54=0;sif b55=1 !"
*,670eeb73d338776d,445,1,21da2,Snoop Latency Multiplier,1024 ns,"1 ns,32 ns,1024 ns,32768 ns,1048576 ns,33554432 ns","LTR Snoop Latency Multiplier of PCH PCIE","sif b3e=0;sif b54=0;sif b55=1 !"
*,670eeb73d338776d,461,1,21de1,Non Snoop Latency Override,Auto,"Disabled,Manual,Auto","Non Snoop Latency Override for PCH PCIE.
Disabled: Disable override.
Manual: Manually enter override values.
Auto (default): Maintain default BIOS flow.","sif b3e=0;sif b54=0"
*,670eeb73d338776d,4df,2,21e15,Non Snoop Latency Value,60,"Step=1,Min=0,Max=1023","LTR Non Snoop Latency value of PCH PCIE","sif b3e=0;sif b54=0;sif b58=1 !"
*,670eeb73d338776d,47d,1,21e32,Non Snoop Latency Multiplier,1024 ns,"1 ns,32 ns,1024 ns,32768 ns,1048576 ns,33554432 ns","LTR Non Snoop Latency Multiplier of PCH PCIE","sif b3e=0;sif b54=0;sif b58=1 !"
*,670eeb73d338776d,40d,1,21e7c,LTR Lock,Disabled,"Disabled,Enabled","PCIE LTR Configuration Lock","sif b3e=0"
*,670eeb73d338776d,cc,1,21e9d,Peer Memory Write Enable,Disabled,"Disabled,Enabled","Peer Memory Write Enable/Disable","sif b3e=0"
Form 5107 (PCI Express Root Port 16),,,,,,,,,
,670eeb73d338776d,10e,1,21ec8,PCI Express Root Port 16,Enabled,"Disabled,Enabled","Control the PCI Express Root Port.",""
*,670eeb73d338776d,376,1,21ef9,Connection Type,Slot,"Built-in,Slot","Built-In: a built-in device is connected to this rootport. SlotImplemented bit will be clear. Slot: this rootport connects to user-accessible slot. SlotImplemented bit will be set.","sif b5d=0;gif b6b=1"
*,670eeb73d338776d,12a,1,21f1c,ASPM,Auto,"Disabled,L1,Auto","PCI Express Active State Power Management settings.","sif b5d=0"
*,670eeb73d338776d,2ce,1,21f44,L1 Substates,L1.1 & L1.2,"Disabled,L1.1,L1.1 & L1.2","PCI Express L1 Substates settings.","sif b5d=0"
*,670eeb73d338776d,2ea,1,21f6c,L1 Low,Enabled,"Disabled,Enabled","PCI Express L1 Low Substate Enable/Disable.","sif b5d=0"
*,670eeb73d338776d,306,1,21f8d,ACS,Enabled,"Disabled,Enabled","Enable/Disable Access Control Services Extended Capability","sif b5d=0"
*,670eeb73d338776d,322,1,21fae,PTM,Enabled,"Disabled,Enabled","Enable/Disable Precision Time Measurement","sif b5d=0"
*,670eeb73d338776d,33e,1,21fcf,DPC,Disabled,"Disabled,Enabled","Enable/Disable Downstream Port Containment","sif b5d=0"
*,670eeb73d338776d,35a,1,21ff0,EDPC,Enabled,"Disabled,Enabled","Enable/Disable Rootport extensions for Downstream Port Containment","sif b5d=0"
*,670eeb73d338776d,146,1,22011,URR,Disabled,"Disabled,Enabled","PCI Express Unsupported Request Reporting Enable/Disable.","sif b5d=0"
*,670eeb73d338776d,162,1,22032,FER,Disabled,"Disabled,Enabled","PCI Express Device Fatal Error Reporting Enable/Disable.","sif b5d=0"
*,670eeb73d338776d,17e,1,22053,NFER,Disabled,"Disabled,Enabled","PCI Express Device Non-Fatal Error Reporting Enable/Disable.","sif b5d=0"
*,670eeb73d338776d,19a,1,22074,CER,Disabled,"Disabled,Enabled","PCI Express Device Correctable Error Reporting Enable/Disable.","sif b5d=0"
*,670eeb73d338776d,1ee,1,22095,SEFE,Disabled,"Disabled,Enabled","Root PCI Express System Error on Fatal Error Enable/Disable.","sif b5d=0"
*,670eeb73d338776d,20a,1,220b6,SENFE,Disabled,"Disabled,Enabled","Root PCI Express System Error on Non-Fatal Error Enable/Disable.","sif b5d=0"
*,670eeb73d338776d,226,1,220d7,SECE,Disabled,"Disabled,Enabled","Root PCI Express System Error on Correctable Error Enable/Disable.","sif b5d=0"
*,670eeb73d338776d,242,1,220f8,PME SCI,Enabled,"Disabled,Enabled","PCI Express PME SCI Enable/Disable.","sif b5d=0"
*,670eeb73d338776d,25e,1,22121,Hot Plug,Disabled,"Disabled,Enabled","PCI Express Hot Plug Enable/Disable.","sif b5d=0;gif b5e=0"
*,670eeb73d338776d,27a,1,22144,Advanced Error Reporting,Disabled,"Disabled,Enabled","Advanced Error Reporting Enable/Disable.","sif b5d=0"
*,670eeb73d338776d,296,1,22165,PCIe Speed,Auto,"Auto,Gen1,Gen2,Gen3","Configure PCIe Speed","sif b5d=0"
*,670eeb73d338776d,2b2,1,22194,Transmitter Half Swing,Disabled,"Disabled,Enabled","Transmitter Half Swing Enable/Disable.","sif b5d=0"
*,670eeb73d338776d,3a1,2,221b5,Detect Timeout,0,"Step=1,Min=0,Max=65535","The number of milliseconds reference code will wait for link to exit Detect state for enabled ports before assuming there is no device and potentially disabling the port.","sif b5d=0"
*,670eeb73d338776d,52e,1,221d2,Extra Bus Reserved,0,"Step=1,Min=0,Max=7","Extra Bus Reserved (0-7) for bridges behind this Root Bridge.","sif b5d=0"
*,670eeb73d338776d,559,2,221eb,Reserved Memory,10,"Step=1,Min=1,Max=20","Reserved Memory for this Root Bridge (1-20) MB","sif b5d=0"
*,670eeb73d338776d,582,1,22208,Reserved I/O,4,"Step=4,Min=4,Max=20","Reserved I/O (4K/8K/12K/16K/20K) Range for this Root Bridge.","sif b5d=0"
PCH PCIe LTR Configuration,,,,,,,,,
*,670eeb73d338776d,3f2,1,22233,LTR,Enabled,"Disabled,Enabled","PCH PCIE Latency Reporting Enable/Disable","sif b5d=0"
*,670eeb73d338776d,42a,1,2225c,Snoop Latency Override,Auto,"Disabled,Manual,Auto","Snoop Latency Override for PCH PCIE.
Disabled: Disable override.
Manual: Manually enter override values.
Auto (default): Maintain default BIOS flow.","sif b5d=0;sif b73=0"
*,670eeb73d338776d,4a9,2,22290,Snoop Latency Value,60,"Step=1,Min=0,Max=1023","LTR Snoop Latency value of PCH PCIE","sif b5d=0;sif b73=0;sif b74=1 !"
*,670eeb73d338776d,446,1,222ad,Snoop Latency Multiplier,1024 ns,"1 ns,32 ns,1024 ns,32768 ns,1048576 ns,33554432 ns","LTR Snoop Latency Multiplier of PCH PCIE","sif b5d=0;sif b73=0;sif b74=1 !"
*,670eeb73d338776d,462,1,222ec,Non Snoop Latency Override,Auto,"Disabled,Manual,Auto","Non Snoop Latency Override for PCH PCIE.
Disabled: Disable override.
Manual: Manually enter override values.
Auto (default): Maintain default BIOS flow.","sif b5d=0;sif b73=0"
*,670eeb73d338776d,4e1,2,22320,Non Snoop Latency Value,60,"Step=1,Min=0,Max=1023","LTR Non Snoop Latency value of PCH PCIE","sif b5d=0;sif b73=0;sif b77=1 !"
*,670eeb73d338776d,47e,1,2233d,Non Snoop Latency Multiplier,1024 ns,"1 ns,32 ns,1024 ns,32768 ns,1048576 ns,33554432 ns","LTR Non Snoop Latency Multiplier of PCH PCIE","sif b5d=0;sif b73=0;sif b77=1 !"
*,670eeb73d338776d,40e,1,22387,LTR Lock,Disabled,"Disabled,Enabled","PCIE LTR Configuration Lock","sif b5d=0"
*,670eeb73d338776d,cd,1,223a8,Peer Memory Write Enable,Disabled,"Disabled,Enabled","Peer Memory Write Enable/Disable","sif b5d=0"
Form 5108 (PCI Express Root Port 17),,,,,,,,,
,670eeb73d338776d,10f,1,223d3,PCI Express Root Port 17,Enabled,"Disabled,Enabled","Control the PCI Express Root Port.",""
*,670eeb73d338776d,377,1,22404,Connection Type,Slot,"Built-in,Slot","Built-In: a built-in device is connected to this rootport. SlotImplemented bit will be clear. Slot: this rootport connects to user-accessible slot. SlotImplemented bit will be set.","sif b7c=0;gif b8a=1"
*,670eeb73d338776d,12b,1,22427,ASPM,Auto,"Disabled,L1,Auto","PCI Express Active State Power Management settings.","sif b7c=0"
*,670eeb73d338776d,2cf,1,2244f,L1 Substates,L1.1 & L1.2,"Disabled,L1.1,L1.1 & L1.2","PCI Express L1 Substates settings.","sif b7c=0"
*,670eeb73d338776d,2eb,1,22477,L1 Low,Enabled,"Disabled,Enabled","PCI Express L1 Low Substate Enable/Disable.","sif b7c=0"
*,670eeb73d338776d,307,1,22498,ACS,Enabled,"Disabled,Enabled","Enable/Disable Access Control Services Extended Capability","sif b7c=0"
*,670eeb73d338776d,323,1,224b9,PTM,Enabled,"Disabled,Enabled","Enable/Disable Precision Time Measurement","sif b7c=0"
*,670eeb73d338776d,33f,1,224da,DPC,Disabled,"Disabled,Enabled","Enable/Disable Downstream Port Containment","sif b7c=0"
*,670eeb73d338776d,35b,1,224fb,EDPC,Enabled,"Disabled,Enabled","Enable/Disable Rootport extensions for Downstream Port Containment","sif b7c=0"
*,670eeb73d338776d,147,1,2251c,URR,Disabled,"Disabled,Enabled","PCI Express Unsupported Request Reporting Enable/Disable.","sif b7c=0"
*,670eeb73d338776d,163,1,2253d,FER,Disabled,"Disabled,Enabled","PCI Express Device Fatal Error Reporting Enable/Disable.","sif b7c=0"
*,670eeb73d338776d,17f,1,2255e,NFER,Disabled,"Disabled,Enabled","PCI Express Device Non-Fatal Error Reporting Enable/Disable.","sif b7c=0"
*,670eeb73d338776d,19b,1,2257f,CER,Disabled,"Disabled,Enabled","PCI Express Device Correctable Error Reporting Enable/Disable.","sif b7c=0"
*,670eeb73d338776d,1ef,1,225a0,SEFE,Disabled,"Disabled,Enabled","Root PCI Express System Error on Fatal Error Enable/Disable.","sif b7c=0"
*,670eeb73d338776d,20b,1,225c1,SENFE,Disabled,"Disabled,Enabled","Root PCI Express System Error on Non-Fatal Error Enable/Disable.","sif b7c=0"
*,670eeb73d338776d,227,1,225e2,SECE,Disabled,"Disabled,Enabled","Root PCI Express System Error on Correctable Error Enable/Disable.","sif b7c=0"
*,670eeb73d338776d,243,1,22603,PME SCI,Enabled,"Disabled,Enabled","PCI Express PME SCI Enable/Disable.","sif b7c=0"
*,670eeb73d338776d,25f,1,2262c,Hot Plug,Disabled,"Disabled,Enabled","PCI Express Hot Plug Enable/Disable.","sif b7c=0;gif b7d=0"
*,670eeb73d338776d,27b,1,2264f,Advanced Error Reporting,Disabled,"Disabled,Enabled","Advanced Error Reporting Enable/Disable.","sif b7c=0"
*,670eeb73d338776d,297,1,22670,PCIe Speed,Auto,"Auto,Gen1,Gen2,Gen3","Configure PCIe Speed","sif b7c=0"
*,670eeb73d338776d,2b3,1,2269f,Transmitter Half Swing,Disabled,"Disabled,Enabled","Transmitter Half Swing Enable/Disable.","sif b7c=0"
*,670eeb73d338776d,3a3,2,226c0,Detect Timeout,0,"Step=1,Min=0,Max=65535","The number of milliseconds reference code will wait for link to exit Detect state for enabled ports before assuming there is no device and potentially disabling the port.","sif b7c=0"
*,670eeb73d338776d,52f,1,226dd,Extra Bus Reserved,0,"Step=1,Min=0,Max=7","Extra Bus Reserved (0-7) for bridges behind this Root Bridge.","sif b7c=0"
*,670eeb73d338776d,55b,2,226f6,Reserved Memory,10,"Step=1,Min=1,Max=20","Reserved Memory for this Root Bridge (1-20) MB","sif b7c=0"
*,670eeb73d338776d,583,1,22713,Reserved I/O,4,"Step=4,Min=4,Max=20","Reserved I/O (4K/8K/12K/16K/20K) Range for this Root Bridge.","sif b7c=0"
PCH PCIe LTR Configuration,,,,,,,,,
*,670eeb73d338776d,3f3,1,2273e,LTR,Enabled,"Disabled,Enabled","PCH PCIE Latency Reporting Enable/Disable","sif b7c=0"
*,670eeb73d338776d,42b,1,22767,Snoop Latency Override,Auto,"Disabled,Manual,Auto","Snoop Latency Override for PCH PCIE.
Disabled: Disable override.
Manual: Manually enter override values.
Auto (default): Maintain default BIOS flow.","sif b7c=0;sif b92=0"
*,670eeb73d338776d,4ab,2,2279b,Snoop Latency Value,60,"Step=1,Min=0,Max=1023","LTR Snoop Latency value of PCH PCIE","sif b7c=0;sif b92=0;sif b93=1 !"
*,670eeb73d338776d,447,1,227b8,Snoop Latency Multiplier,1024 ns,"1 ns,32 ns,1024 ns,32768 ns,1048576 ns,33554432 ns","LTR Snoop Latency Multiplier of PCH PCIE","sif b7c=0;sif b92=0;sif b93=1 !"
*,670eeb73d338776d,463,1,227f7,Non Snoop Latency Override,Auto,"Disabled,Manual,Auto","Non Snoop Latency Override for PCH PCIE.
Disabled: Disable override.
Manual: Manually enter override values.
Auto (default): Maintain default BIOS flow.","sif b7c=0;sif b92=0"
*,670eeb73d338776d,4e3,2,2282b,Non Snoop Latency Value,60,"Step=1,Min=0,Max=1023","LTR Non Snoop Latency value of PCH PCIE","sif b7c=0;sif b92=0;sif b96=1 !"
*,670eeb73d338776d,47f,1,22848,Non Snoop Latency Multiplier,1024 ns,"1 ns,32 ns,1024 ns,32768 ns,1048576 ns,33554432 ns","LTR Non Snoop Latency Multiplier of PCH PCIE","sif b7c=0;sif b92=0;sif b96=1 !"
*,670eeb73d338776d,40f,1,22892,LTR Lock,Disabled,"Disabled,Enabled","PCIE LTR Configuration Lock","sif b7c=0"
*,670eeb73d338776d,ce,1,228b3,Peer Memory Write Enable,Disabled,"Disabled,Enabled","Peer Memory Write Enable/Disable","sif b7c=0"
Form 5109 (PCI Express Root Port 18),,,,,,,,,
,670eeb73d338776d,110,1,228de,PCI Express Root Port 18,Enabled,"Disabled,Enabled","Control the PCI Express Root Port.",""
*,670eeb73d338776d,378,1,2290f,Connection Type,Slot,"Built-in,Slot","Built-In: a built-in device is connected to this rootport. SlotImplemented bit will be clear. Slot: this rootport connects to user-accessible slot. SlotImplemented bit will be set.","sif b9b=0;gif ba9=1"
*,670eeb73d338776d,12c,1,22932,ASPM,Auto,"Disabled,L1,Auto","PCI Express Active State Power Management settings.","sif b9b=0"
*,670eeb73d338776d,2d0,1,2295a,L1 Substates,L1.1 & L1.2,"Disabled,L1.1,L1.1 & L1.2","PCI Express L1 Substates settings.","sif b9b=0"
*,670eeb73d338776d,2ec,1,22982,L1 Low,Enabled,"Disabled,Enabled","PCI Express L1 Low Substate Enable/Disable.","sif b9b=0"
*,670eeb73d338776d,308,1,229a3,ACS,Enabled,"Disabled,Enabled","Enable/Disable Access Control Services Extended Capability","sif b9b=0"
*,670eeb73d338776d,324,1,229c4,PTM,Enabled,"Disabled,Enabled","Enable/Disable Precision Time Measurement","sif b9b=0"
*,670eeb73d338776d,340,1,229e5,DPC,Disabled,"Disabled,Enabled","Enable/Disable Downstream Port Containment","sif b9b=0"
*,670eeb73d338776d,35c,1,22a06,EDPC,Enabled,"Disabled,Enabled","Enable/Disable Rootport extensions for Downstream Port Containment","sif b9b=0"
*,670eeb73d338776d,148,1,22a27,URR,Disabled,"Disabled,Enabled","PCI Express Unsupported Request Reporting Enable/Disable.","sif b9b=0"
*,670eeb73d338776d,164,1,22a48,FER,Disabled,"Disabled,Enabled","PCI Express Device Fatal Error Reporting Enable/Disable.","sif b9b=0"
*,670eeb73d338776d,180,1,22a69,NFER,Disabled,"Disabled,Enabled","PCI Express Device Non-Fatal Error Reporting Enable/Disable.","sif b9b=0"
*,670eeb73d338776d,19c,1,22a8a,CER,Disabled,"Disabled,Enabled","PCI Express Device Correctable Error Reporting Enable/Disable.","sif b9b=0"
*,670eeb73d338776d,1f0,1,22aab,SEFE,Disabled,"Disabled,Enabled","Root PCI Express System Error on Fatal Error Enable/Disable.","sif b9b=0"
*,670eeb73d338776d,20c,1,22acc,SENFE,Disabled,"Disabled,Enabled","Root PCI Express System Error on Non-Fatal Error Enable/Disable.","sif b9b=0"
*,670eeb73d338776d,228,1,22aed,SECE,Disabled,"Disabled,Enabled","Root PCI Express System Error on Correctable Error Enable/Disable.","sif b9b=0"
*,670eeb73d338776d,244,1,22b0e,PME SCI,Enabled,"Disabled,Enabled","PCI Express PME SCI Enable/Disable.","sif b9b=0"
*,670eeb73d338776d,260,1,22b37,Hot Plug,Disabled,"Disabled,Enabled","PCI Express Hot Plug Enable/Disable.","sif b9b=0;gif b9c=0"
*,670eeb73d338776d,27c,1,22b5a,Advanced Error Reporting,Disabled,"Disabled,Enabled","Advanced Error Reporting Enable/Disable.","sif b9b=0"
*,670eeb73d338776d,298,1,22b7b,PCIe Speed,Auto,"Auto,Gen1,Gen2,Gen3","Configure PCIe Speed","sif b9b=0"
*,670eeb73d338776d,2b4,1,22baa,Transmitter Half Swing,Disabled,"Disabled,Enabled","Transmitter Half Swing Enable/Disable.","sif b9b=0"
*,670eeb73d338776d,3a5,2,22bcb,Detect Timeout,0,"Step=1,Min=0,Max=65535","The number of milliseconds reference code will wait for link to exit Detect state for enabled ports before assuming there is no device and potentially disabling the port.","sif b9b=0"
*,670eeb73d338776d,530,1,22be8,Extra Bus Reserved,0,"Step=1,Min=0,Max=7","Extra Bus Reserved (0-7) for bridges behind this Root Bridge.","sif b9b=0"
*,670eeb73d338776d,55d,2,22c01,Reserved Memory,10,"Step=1,Min=1,Max=20","Reserved Memory for this Root Bridge (1-20) MB","sif b9b=0"
*,670eeb73d338776d,584,1,22c1e,Reserved I/O,4,"Step=4,Min=4,Max=20","Reserved I/O (4K/8K/12K/16K/20K) Range for this Root Bridge.","sif b9b=0"
PCH PCIe LTR Configuration,,,,,,,,,
*,670eeb73d338776d,3f4,1,22c49,LTR,Enabled,"Disabled,Enabled","PCH PCIE Latency Reporting Enable/Disable","sif b9b=0"
*,670eeb73d338776d,42c,1,22c72,Snoop Latency Override,Auto,"Disabled,Manual,Auto","Snoop Latency Override for PCH PCIE.
Disabled: Disable override.
Manual: Manually enter override values.
Auto (default): Maintain default BIOS flow.","sif b9b=0;sif bb1=0"
*,670eeb73d338776d,4ad,2,22ca6,Snoop Latency Value,60,"Step=1,Min=0,Max=1023","LTR Snoop Latency value of PCH PCIE","sif b9b=0;sif bb1=0;sif bb2=1 !"
*,670eeb73d338776d,448,1,22cc3,Snoop Latency Multiplier,1024 ns,"1 ns,32 ns,1024 ns,32768 ns,1048576 ns,33554432 ns","LTR Snoop Latency Multiplier of PCH PCIE","sif b9b=0;sif bb1=0;sif bb2=1 !"
*,670eeb73d338776d,464,1,22d02,Non Snoop Latency Override,Auto,"Disabled,Manual,Auto","Non Snoop Latency Override for PCH PCIE.
Disabled: Disable override.
Manual: Manually enter override values.
Auto (default): Maintain default BIOS flow.","sif b9b=0;sif bb1=0"
*,670eeb73d338776d,4e5,2,22d36,Non Snoop Latency Value,60,"Step=1,Min=0,Max=1023","LTR Non Snoop Latency value of PCH PCIE","sif b9b=0;sif bb1=0;sif bb5=1 !"
*,670eeb73d338776d,480,1,22d53,Non Snoop Latency Multiplier,1024 ns,"1 ns,32 ns,1024 ns,32768 ns,1048576 ns,33554432 ns","LTR Non Snoop Latency Multiplier of PCH PCIE","sif b9b=0;sif bb1=0;sif bb5=1 !"
*,670eeb73d338776d,410,1,22d9d,LTR Lock,Disabled,"Disabled,Enabled","PCIE LTR Configuration Lock","sif b9b=0"
*,670eeb73d338776d,cf,1,22dbe,Peer Memory Write Enable,Disabled,"Disabled,Enabled","Peer Memory Write Enable/Disable","sif b9b=0"
Form 5110 (PCI Express Root Port 19),,,,,,,,,
,670eeb73d338776d,111,1,22de9,PCI Express Root Port 19,Enabled,"Disabled,Enabled","Control the PCI Express Root Port.",""
*,670eeb73d338776d,379,1,22e1a,Connection Type,Slot,"Built-in,Slot","Built-In: a built-in device is connected to this rootport. SlotImplemented bit will be clear. Slot: this rootport connects to user-accessible slot. SlotImplemented bit will be set.","sif bba=0;gif bc8=1"
*,670eeb73d338776d,12d,1,22e3d,ASPM,Auto,"Disabled,L1,Auto","PCI Express Active State Power Management settings.","sif bba=0"
*,670eeb73d338776d,2d1,1,22e65,L1 Substates,L1.1 & L1.2,"Disabled,L1.1,L1.1 & L1.2","PCI Express L1 Substates settings.","sif bba=0"
*,670eeb73d338776d,2ed,1,22e8d,L1 Low,Enabled,"Disabled,Enabled","PCI Express L1 Low Substate Enable/Disable.","sif bba=0"
*,670eeb73d338776d,309,1,22eae,ACS,Enabled,"Disabled,Enabled","Enable/Disable Access Control Services Extended Capability","sif bba=0"
*,670eeb73d338776d,325,1,22ecf,PTM,Enabled,"Disabled,Enabled","Enable/Disable Precision Time Measurement","sif bba=0"
*,670eeb73d338776d,341,1,22ef0,DPC,Disabled,"Disabled,Enabled","Enable/Disable Downstream Port Containment","sif bba=0"
*,670eeb73d338776d,35d,1,22f11,EDPC,Enabled,"Disabled,Enabled","Enable/Disable Rootport extensions for Downstream Port Containment","sif bba=0"
*,670eeb73d338776d,149,1,22f32,URR,Disabled,"Disabled,Enabled","PCI Express Unsupported Request Reporting Enable/Disable.","sif bba=0"
*,670eeb73d338776d,165,1,22f53,FER,Disabled,"Disabled,Enabled","PCI Express Device Fatal Error Reporting Enable/Disable.","sif bba=0"
*,670eeb73d338776d,181,1,22f74,NFER,Disabled,"Disabled,Enabled","PCI Express Device Non-Fatal Error Reporting Enable/Disable.","sif bba=0"
*,670eeb73d338776d,19d,1,22f95,CER,Disabled,"Disabled,Enabled","PCI Express Device Correctable Error Reporting Enable/Disable.","sif bba=0"
*,670eeb73d338776d,1f1,1,22fb6,SEFE,Disabled,"Disabled,Enabled","Root PCI Express System Error on Fatal Error Enable/Disable.","sif bba=0"
*,670eeb73d338776d,20d,1,22fd7,SENFE,Disabled,"Disabled,Enabled","Root PCI Express System Error on Non-Fatal Error Enable/Disable.","sif bba=0"
*,670eeb73d338776d,229,1,22ff8,SECE,Disabled,"Disabled,Enabled","Root PCI Express System Error on Correctable Error Enable/Disable.","sif bba=0"
*,670eeb73d338776d,245,1,23019,PME SCI,Enabled,"Disabled,Enabled","PCI Express PME SCI Enable/Disable.","sif bba=0"
*,670eeb73d338776d,261,1,23042,Hot Plug,Disabled,"Disabled,Enabled","PCI Express Hot Plug Enable/Disable.","sif bba=0;gif bbb=0"
*,670eeb73d338776d,27d,1,23065,Advanced Error Reporting,Disabled,"Disabled,Enabled","Advanced Error Reporting Enable/Disable.","sif bba=0"
*,670eeb73d338776d,299,1,23086,PCIe Speed,Auto,"Auto,Gen1,Gen2,Gen3","Configure PCIe Speed","sif bba=0"
*,670eeb73d338776d,2b5,1,230b5,Transmitter Half Swing,Disabled,"Disabled,Enabled","Transmitter Half Swing Enable/Disable.","sif bba=0"
*,670eeb73d338776d,3a7,2,230d6,Detect Timeout,0,"Step=1,Min=0,Max=65535","The number of milliseconds reference code will wait for link to exit Detect state for enabled ports before assuming there is no device and potentially disabling the port.","sif bba=0"
*,670eeb73d338776d,531,1,230f3,Extra Bus Reserved,0,"Step=1,Min=0,Max=7","Extra Bus Reserved (0-7) for bridges behind this Root Bridge.","sif bba=0"
*,670eeb73d338776d,55f,2,2310c,Reserved Memory,10,"Step=1,Min=1,Max=20","Reserved Memory for this Root Bridge (1-20) MB","sif bba=0"
*,670eeb73d338776d,585,1,23129,Reserved I/O,4,"Step=4,Min=4,Max=20","Reserved I/O (4K/8K/12K/16K/20K) Range for this Root Bridge.","sif bba=0"
PCH PCIe LTR Configuration,,,,,,,,,
*,670eeb73d338776d,3f5,1,23154,LTR,Enabled,"Disabled,Enabled","PCH PCIE Latency Reporting Enable/Disable","sif bba=0"
*,670eeb73d338776d,42d,1,2317d,Snoop Latency Override,Auto,"Disabled,Manual,Auto","Snoop Latency Override for PCH PCIE.
Disabled: Disable override.
Manual: Manually enter override values.
Auto (default): Maintain default BIOS flow.","sif bba=0;sif bd0=0"
*,670eeb73d338776d,4af,2,231b1,Snoop Latency Value,60,"Step=1,Min=0,Max=1023","LTR Snoop Latency value of PCH PCIE","sif bba=0;sif bd0=0;sif bd1=1 !"
*,670eeb73d338776d,449,1,231ce,Snoop Latency Multiplier,1024 ns,"1 ns,32 ns,1024 ns,32768 ns,1048576 ns,33554432 ns","LTR Snoop Latency Multiplier of PCH PCIE","sif bba=0;sif bd0=0;sif bd1=1 !"
*,670eeb73d338776d,465,1,2320d,Non Snoop Latency Override,Auto,"Disabled,Manual,Auto","Non Snoop Latency Override for PCH PCIE.
Disabled: Disable override.
Manual: Manually enter override values.
Auto (default): Maintain default BIOS flow.","sif bba=0;sif bd0=0"
*,670eeb73d338776d,4e7,2,23241,Non Snoop Latency Value,60,"Step=1,Min=0,Max=1023","LTR Non Snoop Latency value of PCH PCIE","sif bba=0;sif bd0=0;sif bd4=1 !"
*,670eeb73d338776d,481,1,2325e,Non Snoop Latency Multiplier,1024 ns,"1 ns,32 ns,1024 ns,32768 ns,1048576 ns,33554432 ns","LTR Non Snoop Latency Multiplier of PCH PCIE","sif bba=0;sif bd0=0;sif bd4=1 !"
*,670eeb73d338776d,411,1,232a8,LTR Lock,Disabled,"Disabled,Enabled","PCIE LTR Configuration Lock","sif bba=0"
*,670eeb73d338776d,d0,1,232c9,Peer Memory Write Enable,Disabled,"Disabled,Enabled","Peer Memory Write Enable/Disable","sif bba=0"
Form 5111 (PCI Express Root Port 20),,,,,,,,,
,670eeb73d338776d,112,1,232f4,PCI Express Root Port 20,Enabled,"Disabled,Enabled","Control the PCI Express Root Port.",""
*,670eeb73d338776d,37a,1,23325,Connection Type,Slot,"Built-in,Slot","Built-In: a built-in device is connected to this rootport. SlotImplemented bit will be clear. Slot: this rootport connects to user-accessible slot. SlotImplemented bit will be set.","sif bd9=0;gif be7=1"
*,670eeb73d338776d,12e,1,23348,ASPM,Auto,"Disabled,L1,Auto","PCI Express Active State Power Management settings.","sif bd9=0"
*,670eeb73d338776d,2d2,1,23370,L1 Substates,L1.1 & L1.2,"Disabled,L1.1,L1.1 & L1.2","PCI Express L1 Substates settings.","sif bd9=0"
*,670eeb73d338776d,2ee,1,23398,L1 Low,Enabled,"Disabled,Enabled","PCI Express L1 Low Substate Enable/Disable.","sif bd9=0"
*,670eeb73d338776d,30a,1,233b9,ACS,Enabled,"Disabled,Enabled","Enable/Disable Access Control Services Extended Capability","sif bd9=0"
*,670eeb73d338776d,326,1,233da,PTM,Enabled,"Disabled,Enabled","Enable/Disable Precision Time Measurement","sif bd9=0"
*,670eeb73d338776d,342,1,233fb,DPC,Disabled,"Disabled,Enabled","Enable/Disable Downstream Port Containment","sif bd9=0"
*,670eeb73d338776d,35e,1,2341c,EDPC,Enabled,"Disabled,Enabled","Enable/Disable Rootport extensions for Downstream Port Containment","sif bd9=0"
*,670eeb73d338776d,14a,1,2343d,URR,Disabled,"Disabled,Enabled","PCI Express Unsupported Request Reporting Enable/Disable.","sif bd9=0"
*,670eeb73d338776d,166,1,2345e,FER,Disabled,"Disabled,Enabled","PCI Express Device Fatal Error Reporting Enable/Disable.","sif bd9=0"
*,670eeb73d338776d,182,1,2347f,NFER,Disabled,"Disabled,Enabled","PCI Express Device Non-Fatal Error Reporting Enable/Disable.","sif bd9=0"
*,670eeb73d338776d,19e,1,234a0,CER,Disabled,"Disabled,Enabled","PCI Express Device Correctable Error Reporting Enable/Disable.","sif bd9=0"
*,670eeb73d338776d,1f2,1,234c1,SEFE,Disabled,"Disabled,Enabled","Root PCI Express System Error on Fatal Error Enable/Disable.","sif bd9=0"
*,670eeb73d338776d,20e,1,234e2,SENFE,Disabled,"Disabled,Enabled","Root PCI Express System Error on Non-Fatal Error Enable/Disable.","sif bd9=0"
*,670eeb73d338776d,22a,1,23503,SECE,Disabled,"Disabled,Enabled","Root PCI Express System Error on Correctable Error Enable/Disable.","sif bd9=0"
*,670eeb73d338776d,246,1,23524,PME SCI,Enabled,"Disabled,Enabled","PCI Express PME SCI Enable/Disable.","sif bd9=0"
*,670eeb73d338776d,262,1,2354d,Hot Plug,Disabled,"Disabled,Enabled","PCI Express Hot Plug Enable/Disable.","sif bd9=0;gif bda=0"
*,670eeb73d338776d,27e,1,23570,Advanced Error Reporting,Disabled,"Disabled,Enabled","Advanced Error Reporting Enable/Disable.","sif bd9=0"
*,670eeb73d338776d,29a,1,23591,PCIe Speed,Auto,"Auto,Gen1,Gen2,Gen3","Configure PCIe Speed","sif bd9=0"
*,670eeb73d338776d,2b6,1,235c0,Transmitter Half Swing,Disabled,"Disabled,Enabled","Transmitter Half Swing Enable/Disable.","sif bd9=0"
*,670eeb73d338776d,3a9,2,235e1,Detect Timeout,0,"Step=1,Min=0,Max=65535","The number of milliseconds reference code will wait for link to exit Detect state for enabled ports before assuming there is no device and potentially disabling the port.","sif bd9=0"
*,670eeb73d338776d,532,1,235fe,Extra Bus Reserved,0,"Step=1,Min=0,Max=7","Extra Bus Reserved (0-7) for bridges behind this Root Bridge.","sif bd9=0"
*,670eeb73d338776d,561,2,23617,Reserved Memory,10,"Step=1,Min=1,Max=20","Reserved Memory for this Root Bridge (1-20) MB","sif bd9=0"
*,670eeb73d338776d,586,1,23634,Reserved I/O,4,"Step=4,Min=4,Max=20","Reserved I/O (4K/8K/12K/16K/20K) Range for this Root Bridge.","sif bd9=0"
PCH PCIe LTR Configuration,,,,,,,,,
*,670eeb73d338776d,3f6,1,2365f,LTR,Enabled,"Disabled,Enabled","PCH PCIE Latency Reporting Enable/Disable","sif bd9=0"
*,670eeb73d338776d,42e,1,23688,Snoop Latency Override,Auto,"Disabled,Manual,Auto","Snoop Latency Override for PCH PCIE.
Disabled: Disable override.
Manual: Manually enter override values.
Auto (default): Maintain default BIOS flow.","sif bd9=0;sif bef=0"
*,670eeb73d338776d,4b1,2,236bc,Snoop Latency Value,60,"Step=1,Min=0,Max=1023","LTR Snoop Latency value of PCH PCIE","sif bd9=0;sif bef=0;sif bf0=1 !"
*,670eeb73d338776d,44a,1,236d9,Snoop Latency Multiplier,1024 ns,"1 ns,32 ns,1024 ns,32768 ns,1048576 ns,33554432 ns","LTR Snoop Latency Multiplier of PCH PCIE","sif bd9=0;sif bef=0;sif bf0=1 !"
*,670eeb73d338776d,466,1,23718,Non Snoop Latency Override,Auto,"Disabled,Manual,Auto","Non Snoop Latency Override for PCH PCIE.
Disabled: Disable override.
Manual: Manually enter override values.
Auto (default): Maintain default BIOS flow.","sif bd9=0;sif bef=0"
*,670eeb73d338776d,4e9,2,2374c,Non Snoop Latency Value,60,"Step=1,Min=0,Max=1023","LTR Non Snoop Latency value of PCH PCIE","sif bd9=0;sif bef=0;sif bf3=1 !"
*,670eeb73d338776d,482,1,23769,Non Snoop Latency Multiplier,1024 ns,"1 ns,32 ns,1024 ns,32768 ns,1048576 ns,33554432 ns","LTR Non Snoop Latency Multiplier of PCH PCIE","sif bd9=0;sif bef=0;sif bf3=1 !"
*,670eeb73d338776d,412,1,237b3,LTR Lock,Disabled,"Disabled,Enabled","PCIE LTR Configuration Lock","sif bd9=0"
*,670eeb73d338776d,d1,1,237d4,Peer Memory Write Enable,Disabled,"Disabled,Enabled","Peer Memory Write Enable/Disable","sif bd9=0"
Form 5112 (PCI Express Root Port 21),,,,,,,,,
,670eeb73d338776d,113,1,237ff,PCI Express Root Port 21,Enabled,"Disabled,Enabled","Control the PCI Express Root Port.",""
*,670eeb73d338776d,37b,1,23830,Connection Type,Slot,"Built-in,Slot","Built-In: a built-in device is connected to this rootport. SlotImplemented bit will be clear. Slot: this rootport connects to user-accessible slot. SlotImplemented bit will be set.","sif bf8=0;gif c06=1"
*,670eeb73d338776d,12f,1,23853,ASPM,Auto,"Disabled,L1,Auto","PCI Express Active State Power Management settings.","sif bf8=0"
*,670eeb73d338776d,2d3,1,2387b,L1 Substates,L1.1 & L1.2,"Disabled,L1.1,L1.1 & L1.2","PCI Express L1 Substates settings.","sif bf8=0"
*,670eeb73d338776d,2ef,1,238a3,L1 Low,Enabled,"Disabled,Enabled","PCI Express L1 Low Substate Enable/Disable.","sif bf8=0"
*,670eeb73d338776d,30b,1,238c4,ACS,Enabled,"Disabled,Enabled","Enable/Disable Access Control Services Extended Capability","sif bf8=0"
*,670eeb73d338776d,327,1,238e5,PTM,Enabled,"Disabled,Enabled","Enable/Disable Precision Time Measurement","sif bf8=0"
*,670eeb73d338776d,343,1,23906,DPC,Disabled,"Disabled,Enabled","Enable/Disable Downstream Port Containment","sif bf8=0"
*,670eeb73d338776d,35f,1,23927,EDPC,Enabled,"Disabled,Enabled","Enable/Disable Rootport extensions for Downstream Port Containment","sif bf8=0"
*,670eeb73d338776d,14b,1,23948,URR,Disabled,"Disabled,Enabled","PCI Express Unsupported Request Reporting Enable/Disable.","sif bf8=0"
*,670eeb73d338776d,167,1,23969,FER,Disabled,"Disabled,Enabled","PCI Express Device Fatal Error Reporting Enable/Disable.","sif bf8=0"
*,670eeb73d338776d,183,1,2398a,NFER,Disabled,"Disabled,Enabled","PCI Express Device Non-Fatal Error Reporting Enable/Disable.","sif bf8=0"
*,670eeb73d338776d,19f,1,239ab,CER,Disabled,"Disabled,Enabled","PCI Express Device Correctable Error Reporting Enable/Disable.","sif bf8=0"
*,670eeb73d338776d,1f3,1,239cc,SEFE,Disabled,"Disabled,Enabled","Root PCI Express System Error on Fatal Error Enable/Disable.","sif bf8=0"
*,670eeb73d338776d,20f,1,239ed,SENFE,Disabled,"Disabled,Enabled","Root PCI Express System Error on Non-Fatal Error Enable/Disable.","sif bf8=0"
*,670eeb73d338776d,22b,1,23a0e,SECE,Disabled,"Disabled,Enabled","Root PCI Express System Error on Correctable Error Enable/Disable.","sif bf8=0"
*,670eeb73d338776d,247,1,23a2f,PME SCI,Enabled,"Disabled,Enabled","PCI Express PME SCI Enable/Disable.","sif bf8=0"
*,670eeb73d338776d,263,1,23a58,Hot Plug,Disabled,"Disabled,Enabled","PCI Express Hot Plug Enable/Disable.","sif bf8=0;gif bf9=0"
*,670eeb73d338776d,27f,1,23a7b,Advanced Error Reporting,Disabled,"Disabled,Enabled","Advanced Error Reporting Enable/Disable.","sif bf8=0"
*,670eeb73d338776d,29b,1,23a9c,PCIe Speed,Auto,"Auto,Gen1,Gen2,Gen3","Configure PCIe Speed","sif bf8=0"
*,670eeb73d338776d,2b7,1,23acb,Transmitter Half Swing,Disabled,"Disabled,Enabled","Transmitter Half Swing Enable/Disable.","sif bf8=0"
*,670eeb73d338776d,3ab,2,23aec,Detect Timeout,0,"Step=1,Min=0,Max=65535","The number of milliseconds reference code will wait for link to exit Detect state for enabled ports before assuming there is no device and potentially disabling the port.","sif bf8=0"
*,670eeb73d338776d,533,1,23b09,Extra Bus Reserved,0,"Step=1,Min=0,Max=7","Extra Bus Reserved (0-7) for bridges behind this Root Bridge.","sif bf8=0"
*,670eeb73d338776d,563,2,23b22,Reserved Memory,10,"Step=1,Min=1,Max=20","Reserved Memory for this Root Bridge (1-20) MB","sif bf8=0"
*,670eeb73d338776d,587,1,23b3f,Reserved I/O,4,"Step=4,Min=4,Max=20","Reserved I/O (4K/8K/12K/16K/20K) Range for this Root Bridge.","sif bf8=0"
PCH PCIe LTR Configuration,,,,,,,,,
*,670eeb73d338776d,3f7,1,23b6a,LTR,Enabled,"Disabled,Enabled","PCH PCIE Latency Reporting Enable/Disable","sif bf8=0"
*,670eeb73d338776d,42f,1,23b93,Snoop Latency Override,Auto,"Disabled,Manual,Auto","Snoop Latency Override for PCH PCIE.
Disabled: Disable override.
Manual: Manually enter override values.
Auto (default): Maintain default BIOS flow.","sif bf8=0;sif c0e=0"
*,670eeb73d338776d,4b3,2,23bc7,Snoop Latency Value,60,"Step=1,Min=0,Max=1023","LTR Snoop Latency value of PCH PCIE","sif bf8=0;sif c0e=0;sif c0f=1 !"
*,670eeb73d338776d,44b,1,23be4,Snoop Latency Multiplier,1024 ns,"1 ns,32 ns,1024 ns,32768 ns,1048576 ns,33554432 ns","LTR Snoop Latency Multiplier of PCH PCIE","sif bf8=0;sif c0e=0;sif c0f=1 !"
*,670eeb73d338776d,467,1,23c23,Non Snoop Latency Override,Auto,"Disabled,Manual,Auto","Non Snoop Latency Override for PCH PCIE.
Disabled: Disable override.
Manual: Manually enter override values.
Auto (default): Maintain default BIOS flow.","sif bf8=0;sif c0e=0"
*,670eeb73d338776d,4eb,2,23c57,Non Snoop Latency Value,60,"Step=1,Min=0,Max=1023","LTR Non Snoop Latency value of PCH PCIE","sif bf8=0;sif c0e=0;sif c12=1 !"
*,670eeb73d338776d,483,1,23c74,Non Snoop Latency Multiplier,1024 ns,"1 ns,32 ns,1024 ns,32768 ns,1048576 ns,33554432 ns","LTR Non Snoop Latency Multiplier of PCH PCIE","sif bf8=0;sif c0e=0;sif c12=1 !"
*,670eeb73d338776d,413,1,23cbe,LTR Lock,Disabled,"Disabled,Enabled","PCIE LTR Configuration Lock","sif bf8=0"
*,670eeb73d338776d,d2,1,23cdf,Peer Memory Write Enable,Disabled,"Disabled,Enabled","Peer Memory Write Enable/Disable","sif bf8=0"
Form 5501 (PCI Express Root Port 22),,,,,,,,,
,670eeb73d338776d,114,1,23d0a,PCI Express Root Port 22,Enabled,"Disabled,Enabled","Control the PCI Express Root Port.",""
*,670eeb73d338776d,37c,1,23d3b,Connection Type,Slot,"Built-in,Slot","Built-In: a built-in device is connected to this rootport. SlotImplemented bit will be clear. Slot: this rootport connects to user-accessible slot. SlotImplemented bit will be set.","sif c17=0;gif c25=1"
*,670eeb73d338776d,130,1,23d5e,ASPM,Auto,"Disabled,L1,Auto","PCI Express Active State Power Management settings.","sif c17=0"
*,670eeb73d338776d,2d4,1,23d86,L1 Substates,L1.1 & L1.2,"Disabled,L1.1,L1.1 & L1.2","PCI Express L1 Substates settings.","sif c17=0"
*,670eeb73d338776d,2f0,1,23dae,L1 Low,Enabled,"Disabled,Enabled","PCI Express L1 Low Substate Enable/Disable.","sif c17=0"
*,670eeb73d338776d,30c,1,23dcf,ACS,Enabled,"Disabled,Enabled","Enable/Disable Access Control Services Extended Capability","sif c17=0"
*,670eeb73d338776d,328,1,23df0,PTM,Enabled,"Disabled,Enabled","Enable/Disable Precision Time Measurement","sif c17=0"
*,670eeb73d338776d,344,1,23e11,DPC,Disabled,"Disabled,Enabled","Enable/Disable Downstream Port Containment","sif c17=0"
*,670eeb73d338776d,360,1,23e32,EDPC,Enabled,"Disabled,Enabled","Enable/Disable Rootport extensions for Downstream Port Containment","sif c17=0"
*,670eeb73d338776d,14c,1,23e53,URR,Disabled,"Disabled,Enabled","PCI Express Unsupported Request Reporting Enable/Disable.","sif c17=0"
*,670eeb73d338776d,168,1,23e74,FER,Disabled,"Disabled,Enabled","PCI Express Device Fatal Error Reporting Enable/Disable.","sif c17=0"
*,670eeb73d338776d,184,1,23e95,NFER,Disabled,"Disabled,Enabled","PCI Express Device Non-Fatal Error Reporting Enable/Disable.","sif c17=0"
*,670eeb73d338776d,1a0,1,23eb6,CER,Disabled,"Disabled,Enabled","PCI Express Device Correctable Error Reporting Enable/Disable.","sif c17=0"
*,670eeb73d338776d,1f4,1,23ed7,SEFE,Disabled,"Disabled,Enabled","Root PCI Express System Error on Fatal Error Enable/Disable.","sif c17=0"
*,670eeb73d338776d,210,1,23ef8,SENFE,Disabled,"Disabled,Enabled","Root PCI Express System Error on Non-Fatal Error Enable/Disable.","sif c17=0"
*,670eeb73d338776d,22c,1,23f19,SECE,Disabled,"Disabled,Enabled","Root PCI Express System Error on Correctable Error Enable/Disable.","sif c17=0"
*,670eeb73d338776d,248,1,23f3a,PME SCI,Enabled,"Disabled,Enabled","PCI Express PME SCI Enable/Disable.","sif c17=0"
*,670eeb73d338776d,264,1,23f63,Hot Plug,Disabled,"Disabled,Enabled","PCI Express Hot Plug Enable/Disable.","sif c17=0;gif c18=0"
*,670eeb73d338776d,280,1,23f86,Advanced Error Reporting,Disabled,"Disabled,Enabled","Advanced Error Reporting Enable/Disable.","sif c17=0"
*,670eeb73d338776d,29c,1,23fa7,PCIe Speed,Auto,"Auto,Gen1,Gen2,Gen3","Configure PCIe Speed","sif c17=0"
*,670eeb73d338776d,2b8,1,23fd6,Transmitter Half Swing,Disabled,"Disabled,Enabled","Transmitter Half Swing Enable/Disable.","sif c17=0"
*,670eeb73d338776d,3ad,2,23ff7,Detect Timeout,0,"Step=1,Min=0,Max=65535","The number of milliseconds reference code will wait for link to exit Detect state for enabled ports before assuming there is no device and potentially disabling the port.","sif c17=0"
*,670eeb73d338776d,534,1,24014,Extra Bus Reserved,0,"Step=1,Min=0,Max=7","Extra Bus Reserved (0-7) for bridges behind this Root Bridge.","sif c17=0"
*,670eeb73d338776d,565,2,2402d,Reserved Memory,10,"Step=1,Min=1,Max=20","Reserved Memory for this Root Bridge (1-20) MB","sif c17=0"
*,670eeb73d338776d,588,1,2404a,Reserved I/O,4,"Step=4,Min=4,Max=20","Reserved I/O (4K/8K/12K/16K/20K) Range for this Root Bridge.","sif c17=0"
PCH PCIe LTR Configuration,,,,,,,,,
*,670eeb73d338776d,3f8,1,24075,LTR,Enabled,"Disabled,Enabled","PCH PCIE Latency Reporting Enable/Disable","sif c17=0"
*,670eeb73d338776d,430,1,2409e,Snoop Latency Override,Auto,"Disabled,Manual,Auto","Snoop Latency Override for PCH PCIE.
Disabled: Disable override.
Manual: Manually enter override values.
Auto (default): Maintain default BIOS flow.","sif c17=0;sif c2d=0"
*,670eeb73d338776d,4b5,2,240d2,Snoop Latency Value,60,"Step=1,Min=0,Max=1023","LTR Snoop Latency value of PCH PCIE","sif c17=0;sif c2d=0;sif c2e=1 !"
*,670eeb73d338776d,44c,1,240ef,Snoop Latency Multiplier,1024 ns,"1 ns,32 ns,1024 ns,32768 ns,1048576 ns,33554432 ns","LTR Snoop Latency Multiplier of PCH PCIE","sif c17=0;sif c2d=0;sif c2e=1 !"
*,670eeb73d338776d,468,1,2412e,Non Snoop Latency Override,Auto,"Disabled,Manual,Auto","Non Snoop Latency Override for PCH PCIE.
Disabled: Disable override.
Manual: Manually enter override values.
Auto (default): Maintain default BIOS flow.","sif c17=0;sif c2d=0"
*,670eeb73d338776d,4ed,2,24162,Non Snoop Latency Value,60,"Step=1,Min=0,Max=1023","LTR Non Snoop Latency value of PCH PCIE","sif c17=0;sif c2d=0;sif c31=1 !"
*,670eeb73d338776d,484,1,2417f,Non Snoop Latency Multiplier,1024 ns,"1 ns,32 ns,1024 ns,32768 ns,1048576 ns,33554432 ns","LTR Non Snoop Latency Multiplier of PCH PCIE","sif c17=0;sif c2d=0;sif c31=1 !"
*,670eeb73d338776d,414,1,241c9,LTR Lock,Disabled,"Disabled,Enabled","PCIE LTR Configuration Lock","sif c17=0"
*,670eeb73d338776d,d3,1,241ea,Peer Memory Write Enable,Disabled,"Disabled,Enabled","Peer Memory Write Enable/Disable","sif c17=0"
Form 5502 (PCI Express Root Port 23),,,,,,,,,
,670eeb73d338776d,115,1,24215,PCI Express Root Port 23,Enabled,"Disabled,Enabled","Control the PCI Express Root Port.",""
*,670eeb73d338776d,37d,1,24246,Connection Type,Slot,"Built-in,Slot","Built-In: a built-in device is connected to this rootport. SlotImplemented bit will be clear. Slot: this rootport connects to user-accessible slot. SlotImplemented bit will be set.","sif c36=0;gif c44=1"
*,670eeb73d338776d,131,1,24269,ASPM,Auto,"Disabled,L1,Auto","PCI Express Active State Power Management settings.","sif c36=0"
*,670eeb73d338776d,2d5,1,24291,L1 Substates,L1.1 & L1.2,"Disabled,L1.1,L1.1 & L1.2","PCI Express L1 Substates settings.","sif c36=0"
*,670eeb73d338776d,2f1,1,242b9,L1 Low,Enabled,"Disabled,Enabled","PCI Express L1 Low Substate Enable/Disable.","sif c36=0"
*,670eeb73d338776d,30d,1,242da,ACS,Enabled,"Disabled,Enabled","Enable/Disable Access Control Services Extended Capability","sif c36=0"
*,670eeb73d338776d,329,1,242fb,PTM,Enabled,"Disabled,Enabled","Enable/Disable Precision Time Measurement","sif c36=0"
*,670eeb73d338776d,345,1,2431c,DPC,Disabled,"Disabled,Enabled","Enable/Disable Downstream Port Containment","sif c36=0"
*,670eeb73d338776d,361,1,2433d,EDPC,Enabled,"Disabled,Enabled","Enable/Disable Rootport extensions for Downstream Port Containment","sif c36=0"
*,670eeb73d338776d,14d,1,2435e,URR,Disabled,"Disabled,Enabled","PCI Express Unsupported Request Reporting Enable/Disable.","sif c36=0"
*,670eeb73d338776d,169,1,2437f,FER,Disabled,"Disabled,Enabled","PCI Express Device Fatal Error Reporting Enable/Disable.","sif c36=0"
*,670eeb73d338776d,185,1,243a0,NFER,Disabled,"Disabled,Enabled","PCI Express Device Non-Fatal Error Reporting Enable/Disable.","sif c36=0"
*,670eeb73d338776d,1a1,1,243c1,CER,Disabled,"Disabled,Enabled","PCI Express Device Correctable Error Reporting Enable/Disable.","sif c36=0"
*,670eeb73d338776d,1f5,1,243e2,SEFE,Disabled,"Disabled,Enabled","Root PCI Express System Error on Fatal Error Enable/Disable.","sif c36=0"
*,670eeb73d338776d,211,1,24403,SENFE,Disabled,"Disabled,Enabled","Root PCI Express System Error on Non-Fatal Error Enable/Disable.","sif c36=0"
*,670eeb73d338776d,22d,1,24424,SECE,Disabled,"Disabled,Enabled","Root PCI Express System Error on Correctable Error Enable/Disable.","sif c36=0"
*,670eeb73d338776d,249,1,24445,PME SCI,Enabled,"Disabled,Enabled","PCI Express PME SCI Enable/Disable.","sif c36=0"
*,670eeb73d338776d,265,1,2446e,Hot Plug,Disabled,"Disabled,Enabled","PCI Express Hot Plug Enable/Disable.","sif c36=0;gif c37=0"
*,670eeb73d338776d,281,1,24491,Advanced Error Reporting,Disabled,"Disabled,Enabled","Advanced Error Reporting Enable/Disable.","sif c36=0"
*,670eeb73d338776d,29d,1,244b2,PCIe Speed,Auto,"Auto,Gen1,Gen2,Gen3","Configure PCIe Speed","sif c36=0"
*,670eeb73d338776d,2b9,1,244e1,Transmitter Half Swing,Disabled,"Disabled,Enabled","Transmitter Half Swing Enable/Disable.","sif c36=0"
*,670eeb73d338776d,3af,2,24502,Detect Timeout,0,"Step=1,Min=0,Max=65535","The number of milliseconds reference code will wait for link to exit Detect state for enabled ports before assuming there is no device and potentially disabling the port.","sif c36=0"
*,670eeb73d338776d,535,1,2451f,Extra Bus Reserved,0,"Step=1,Min=0,Max=7","Extra Bus Reserved (0-7) for bridges behind this Root Bridge.","sif c36=0"
*,670eeb73d338776d,567,2,24538,Reserved Memory,10,"Step=1,Min=1,Max=20","Reserved Memory for this Root Bridge (1-20) MB","sif c36=0"
*,670eeb73d338776d,589,1,24555,Reserved I/O,4,"Step=4,Min=4,Max=20","Reserved I/O (4K/8K/12K/16K/20K) Range for this Root Bridge.","sif c36=0"
PCH PCIe LTR Configuration,,,,,,,,,
*,670eeb73d338776d,3f9,1,24580,LTR,Enabled,"Disabled,Enabled","PCH PCIE Latency Reporting Enable/Disable","sif c36=0"
*,670eeb73d338776d,431,1,245a9,Snoop Latency Override,Auto,"Disabled,Manual,Auto","Snoop Latency Override for PCH PCIE.
Disabled: Disable override.
Manual: Manually enter override values.
Auto (default): Maintain default BIOS flow.","sif c36=0;sif c4c=0"
*,670eeb73d338776d,4b7,2,245dd,Snoop Latency Value,60,"Step=1,Min=0,Max=1023","LTR Snoop Latency value of PCH PCIE","sif c36=0;sif c4c=0;sif c4d=1 !"
*,670eeb73d338776d,44d,1,245fa,Snoop Latency Multiplier,1024 ns,"1 ns,32 ns,1024 ns,32768 ns,1048576 ns,33554432 ns","LTR Snoop Latency Multiplier of PCH PCIE","sif c36=0;sif c4c=0;sif c4d=1 !"
*,670eeb73d338776d,469,1,24639,Non Snoop Latency Override,Auto,"Disabled,Manual,Auto","Non Snoop Latency Override for PCH PCIE.
Disabled: Disable override.
Manual: Manually enter override values.
Auto (default): Maintain default BIOS flow.","sif c36=0;sif c4c=0"
*,670eeb73d338776d,4ef,2,2466d,Non Snoop Latency Value,60,"Step=1,Min=0,Max=1023","LTR Non Snoop Latency value of PCH PCIE","sif c36=0;sif c4c=0;sif c50=1 !"
*,670eeb73d338776d,485,1,2468a,Non Snoop Latency Multiplier,1024 ns,"1 ns,32 ns,1024 ns,32768 ns,1048576 ns,33554432 ns","LTR Non Snoop Latency Multiplier of PCH PCIE","sif c36=0;sif c4c=0;sif c50=1 !"
*,670eeb73d338776d,415,1,246d4,LTR Lock,Disabled,"Disabled,Enabled","PCIE LTR Configuration Lock","sif c36=0"
*,670eeb73d338776d,d4,1,246f5,Peer Memory Write Enable,Disabled,"Disabled,Enabled","Peer Memory Write Enable/Disable","sif c36=0"
Form 5503 (PCI Express Root Port 24),,,,,,,,,
,670eeb73d338776d,116,1,24720,PCI Express Root Port 24,Enabled,"Disabled,Enabled","Control the PCI Express Root Port.",""
*,670eeb73d338776d,37e,1,24751,Connection Type,Slot,"Built-in,Slot","Built-In: a built-in device is connected to this rootport. SlotImplemented bit will be clear. Slot: this rootport connects to user-accessible slot. SlotImplemented bit will be set.","sif c55=0;gif c63=1"
*,670eeb73d338776d,132,1,24774,ASPM,Auto,"Disabled,L1,Auto","PCI Express Active State Power Management settings.","sif c55=0"
*,670eeb73d338776d,2d6,1,2479c,L1 Substates,L1.1 & L1.2,"Disabled,L1.1,L1.1 & L1.2","PCI Express L1 Substates settings.","sif c55=0"
*,670eeb73d338776d,2f2,1,247c4,L1 Low,Enabled,"Disabled,Enabled","PCI Express L1 Low Substate Enable/Disable.","sif c55=0"
*,670eeb73d338776d,30e,1,247e5,ACS,Enabled,"Disabled,Enabled","Enable/Disable Access Control Services Extended Capability","sif c55=0"
*,670eeb73d338776d,32a,1,24806,PTM,Enabled,"Disabled,Enabled","Enable/Disable Precision Time Measurement","sif c55=0"
*,670eeb73d338776d,346,1,24827,DPC,Disabled,"Disabled,Enabled","Enable/Disable Downstream Port Containment","sif c55=0"
*,670eeb73d338776d,362,1,24848,EDPC,Enabled,"Disabled,Enabled","Enable/Disable Rootport extensions for Downstream Port Containment","sif c55=0"
*,670eeb73d338776d,14e,1,24869,URR,Disabled,"Disabled,Enabled","PCI Express Unsupported Request Reporting Enable/Disable.","sif c55=0"
*,670eeb73d338776d,16a,1,2488a,FER,Disabled,"Disabled,Enabled","PCI Express Device Fatal Error Reporting Enable/Disable.","sif c55=0"
*,670eeb73d338776d,186,1,248ab,NFER,Disabled,"Disabled,Enabled","PCI Express Device Non-Fatal Error Reporting Enable/Disable.","sif c55=0"
*,670eeb73d338776d,1a2,1,248cc,CER,Disabled,"Disabled,Enabled","PCI Express Device Correctable Error Reporting Enable/Disable.","sif c55=0"
*,670eeb73d338776d,1f6,1,248ed,SEFE,Disabled,"Disabled,Enabled","Root PCI Express System Error on Fatal Error Enable/Disable.","sif c55=0"
*,670eeb73d338776d,212,1,2490e,SENFE,Disabled,"Disabled,Enabled","Root PCI Express System Error on Non-Fatal Error Enable/Disable.","sif c55=0"
*,670eeb73d338776d,22e,1,2492f,SECE,Disabled,"Disabled,Enabled","Root PCI Express System Error on Correctable Error Enable/Disable.","sif c55=0"
*,670eeb73d338776d,24a,1,24950,PME SCI,Enabled,"Disabled,Enabled","PCI Express PME SCI Enable/Disable.","sif c55=0"
*,670eeb73d338776d,266,1,24979,Hot Plug,Disabled,"Disabled,Enabled","PCI Express Hot Plug Enable/Disable.","sif c55=0;gif c56=0"
*,670eeb73d338776d,282,1,2499c,Advanced Error Reporting,Disabled,"Disabled,Enabled","Advanced Error Reporting Enable/Disable.","sif c55=0"
*,670eeb73d338776d,29e,1,249bd,PCIe Speed,Auto,"Auto,Gen1,Gen2,Gen3","Configure PCIe Speed","sif c55=0"
*,670eeb73d338776d,2ba,1,249ec,Transmitter Half Swing,Disabled,"Disabled,Enabled","Transmitter Half Swing Enable/Disable.","sif c55=0"
*,670eeb73d338776d,3b1,2,24a0d,Detect Timeout,0,"Step=1,Min=0,Max=65535","The number of milliseconds reference code will wait for link to exit Detect state for enabled ports before assuming there is no device and potentially disabling the port.","sif c55=0"
*,670eeb73d338776d,536,1,24a2a,Extra Bus Reserved,0,"Step=1,Min=0,Max=7","Extra Bus Reserved (0-7) for bridges behind this Root Bridge.","sif c55=0"
*,670eeb73d338776d,569,2,24a43,Reserved Memory,10,"Step=1,Min=1,Max=20","Reserved Memory for this Root Bridge (1-20) MB","sif c55=0"
*,670eeb73d338776d,58a,1,24a60,Reserved I/O,4,"Step=4,Min=4,Max=20","Reserved I/O (4K/8K/12K/16K/20K) Range for this Root Bridge.","sif c55=0"
PCH PCIe LTR Configuration,,,,,,,,,
*,670eeb73d338776d,3fa,1,24a8b,LTR,Enabled,"Disabled,Enabled","PCH PCIE Latency Reporting Enable/Disable","sif c55=0"
*,670eeb73d338776d,432,1,24ab4,Snoop Latency Override,Auto,"Disabled,Manual,Auto","Snoop Latency Override for PCH PCIE.
Disabled: Disable override.
Manual: Manually enter override values.
Auto (default): Maintain default BIOS flow.","sif c55=0;sif c6b=0"
*,670eeb73d338776d,4b9,2,24ae8,Snoop Latency Value,60,"Step=1,Min=0,Max=1023","LTR Snoop Latency value of PCH PCIE","sif c55=0;sif c6b=0;sif c6c=1 !"
*,670eeb73d338776d,44e,1,24b05,Snoop Latency Multiplier,1024 ns,"1 ns,32 ns,1024 ns,32768 ns,1048576 ns,33554432 ns","LTR Snoop Latency Multiplier of PCH PCIE","sif c55=0;sif c6b=0;sif c6c=1 !"
*,670eeb73d338776d,46a,1,24b44,Non Snoop Latency Override,Auto,"Disabled,Manual,Auto","Non Snoop Latency Override for PCH PCIE.
Disabled: Disable override.
Manual: Manually enter override values.
Auto (default): Maintain default BIOS flow.","sif c55=0;sif c6b=0"
*,670eeb73d338776d,4f1,2,24b78,Non Snoop Latency Value,60,"Step=1,Min=0,Max=1023","LTR Non Snoop Latency value of PCH PCIE","sif c55=0;sif c6b=0;sif c6f=1 !"
*,670eeb73d338776d,486,1,24b95,Non Snoop Latency Multiplier,1024 ns,"1 ns,32 ns,1024 ns,32768 ns,1048576 ns,33554432 ns","LTR Non Snoop Latency Multiplier of PCH PCIE","sif c55=0;sif c6b=0;sif c6f=1 !"
*,670eeb73d338776d,416,1,24bdf,LTR Lock,Disabled,"Disabled,Enabled","PCIE LTR Configuration Lock","sif c55=0"
*,670eeb73d338776d,d5,1,24c00,Peer Memory Write Enable,Disabled,"Disabled,Enabled","Peer Memory Write Enable/Disable","sif c55=0"
Form 5511 (PCI Express Root Port 25),,,,,,,,,
,670eeb73d338776d,117,1,24c2b,PCI Express Root Port 25,Enabled,"Disabled,Enabled","Control the PCI Express Root Port.",""
*,670eeb73d338776d,37f,1,24c5c,Connection Type,Slot,"Built-in,Slot","Built-In: a built-in device is connected to this rootport. SlotImplemented bit will be clear. Slot: this rootport connects to user-accessible slot. SlotImplemented bit will be set.","sif c74=0;gif c82=1"
*,670eeb73d338776d,133,1,24c7f,ASPM,Auto,"Disabled,L1,Auto","PCI Express Active State Power Management settings.","sif c74=0"
*,670eeb73d338776d,2d7,1,24ca7,L1 Substates,L1.1 & L1.2,"Disabled,L1.1,L1.1 & L1.2","PCI Express L1 Substates settings.","sif c74=0"
*,670eeb73d338776d,2f3,1,24ccf,L1 Low,Enabled,"Disabled,Enabled","PCI Express L1 Low Substate Enable/Disable.","sif c74=0"
*,670eeb73d338776d,30f,1,24cf0,ACS,Enabled,"Disabled,Enabled","Enable/Disable Access Control Services Extended Capability","sif c74=0"
*,670eeb73d338776d,32b,1,24d11,PTM,Enabled,"Disabled,Enabled","Enable/Disable Precision Time Measurement","sif c74=0"
*,670eeb73d338776d,347,1,24d32,DPC,Disabled,"Disabled,Enabled","Enable/Disable Downstream Port Containment","sif c74=0"
*,670eeb73d338776d,363,1,24d53,EDPC,Enabled,"Disabled,Enabled","Enable/Disable Rootport extensions for Downstream Port Containment","sif c74=0"
*,670eeb73d338776d,14f,1,24d74,URR,Disabled,"Disabled,Enabled","PCI Express Unsupported Request Reporting Enable/Disable.","sif c74=0"
*,670eeb73d338776d,16b,1,24d95,FER,Disabled,"Disabled,Enabled","PCI Express Device Fatal Error Reporting Enable/Disable.","sif c74=0"
*,670eeb73d338776d,187,1,24db6,NFER,Disabled,"Disabled,Enabled","PCI Express Device Non-Fatal Error Reporting Enable/Disable.","sif c74=0"
*,670eeb73d338776d,1a3,1,24dd7,CER,Disabled,"Disabled,Enabled","PCI Express Device Correctable Error Reporting Enable/Disable.","sif c74=0"
*,670eeb73d338776d,1f7,1,24df8,SEFE,Disabled,"Disabled,Enabled","Root PCI Express System Error on Fatal Error Enable/Disable.","sif c74=0"
*,670eeb73d338776d,213,1,24e19,SENFE,Disabled,"Disabled,Enabled","Root PCI Express System Error on Non-Fatal Error Enable/Disable.","sif c74=0"
*,670eeb73d338776d,22f,1,24e3a,SECE,Disabled,"Disabled,Enabled","Root PCI Express System Error on Correctable Error Enable/Disable.","sif c74=0"
*,670eeb73d338776d,24b,1,24e5b,PME SCI,Enabled,"Disabled,Enabled","PCI Express PME SCI Enable/Disable.","sif c74=0"
*,670eeb73d338776d,267,1,24e84,Hot Plug,Disabled,"Disabled,Enabled","PCI Express Hot Plug Enable/Disable.","sif c74=0;gif c75=0"
*,670eeb73d338776d,283,1,24ea7,Advanced Error Reporting,Disabled,"Disabled,Enabled","Advanced Error Reporting Enable/Disable.","sif c74=0"
*,670eeb73d338776d,29f,1,24ec8,PCIe Speed,Auto,"Auto,Gen1,Gen2,Gen3","Configure PCIe Speed","sif c74=0"
*,670eeb73d338776d,2bb,1,24ef7,Transmitter Half Swing,Disabled,"Disabled,Enabled","Transmitter Half Swing Enable/Disable.","sif c74=0"
*,670eeb73d338776d,3b3,2,24f18,Detect Timeout,0,"Step=1,Min=0,Max=65535","The number of milliseconds reference code will wait for link to exit Detect state for enabled ports before assuming there is no device and potentially disabling the port.","sif c74=0"
*,670eeb73d338776d,537,1,24f35,Extra Bus Reserved,0,"Step=1,Min=0,Max=7","Extra Bus Reserved (0-7) for bridges behind this Root Bridge.","sif c74=0"
*,670eeb73d338776d,56b,2,24f4e,Reserved Memory,10,"Step=1,Min=1,Max=20","Reserved Memory for this Root Bridge (1-20) MB","sif c74=0"
*,670eeb73d338776d,58b,1,24f6b,Reserved I/O,4,"Step=4,Min=4,Max=20","Reserved I/O (4K/8K/12K/16K/20K) Range for this Root Bridge.","sif c74=0"
PCH PCIe LTR Configuration,,,,,,,,,
*,670eeb73d338776d,3fb,1,24f96,LTR,Enabled,"Disabled,Enabled","PCH PCIE Latency Reporting Enable/Disable","sif c74=0"
*,670eeb73d338776d,433,1,24fbf,Snoop Latency Override,Auto,"Disabled,Manual,Auto","Snoop Latency Override for PCH PCIE.
Disabled: Disable override.
Manual: Manually enter override values.
Auto (default): Maintain default BIOS flow.","sif c74=0;sif c8a=0"
*,670eeb73d338776d,4bb,2,24ff3,Snoop Latency Value,60,"Step=1,Min=0,Max=1023","LTR Snoop Latency value of PCH PCIE","sif c74=0;sif c8a=0;sif c8b=1 !"
*,670eeb73d338776d,44f,1,25010,Snoop Latency Multiplier,1024 ns,"1 ns,32 ns,1024 ns,32768 ns,1048576 ns,33554432 ns","LTR Snoop Latency Multiplier of PCH PCIE","sif c74=0;sif c8a=0;sif c8b=1 !"
*,670eeb73d338776d,46b,1,2504f,Non Snoop Latency Override,Auto,"Disabled,Manual,Auto","Non Snoop Latency Override for PCH PCIE.
Disabled: Disable override.
Manual: Manually enter override values.
Auto (default): Maintain default BIOS flow.","sif c74=0;sif c8a=0"
*,670eeb73d338776d,4f3,2,25083,Non Snoop Latency Value,60,"Step=1,Min=0,Max=1023","LTR Non Snoop Latency value of PCH PCIE","sif c74=0;sif c8a=0;sif c8e=1 !"
*,670eeb73d338776d,487,1,250a0,Non Snoop Latency Multiplier,1024 ns,"1 ns,32 ns,1024 ns,32768 ns,1048576 ns,33554432 ns","LTR Non Snoop Latency Multiplier of PCH PCIE","sif c74=0;sif c8a=0;sif c8e=1 !"
*,670eeb73d338776d,417,1,250ea,LTR Lock,Disabled,"Disabled,Enabled","PCIE LTR Configuration Lock","sif c74=0"
*,670eeb73d338776d,d6,1,2510b,Peer Memory Write Enable,Disabled,"Disabled,Enabled","Peer Memory Write Enable/Disable","sif c74=0"
Form 5512 (PCI Express Root Port 26),,,,,,,,,
,670eeb73d338776d,118,1,25136,PCI Express Root Port 26,Enabled,"Disabled,Enabled","Control the PCI Express Root Port.",""
*,670eeb73d338776d,380,1,25167,Connection Type,Slot,"Built-in,Slot","Built-In: a built-in device is connected to this rootport. SlotImplemented bit will be clear. Slot: this rootport connects to user-accessible slot. SlotImplemented bit will be set.","sif c93=0;gif ca1=1"
*,670eeb73d338776d,134,1,2518a,ASPM,Auto,"Disabled,L1,Auto","PCI Express Active State Power Management settings.","sif c93=0"
*,670eeb73d338776d,2d8,1,251b2,L1 Substates,L1.1 & L1.2,"Disabled,L1.1,L1.1 & L1.2","PCI Express L1 Substates settings.","sif c93=0"
*,670eeb73d338776d,2f4,1,251da,L1 Low,Enabled,"Disabled,Enabled","PCI Express L1 Low Substate Enable/Disable.","sif c93=0"
*,670eeb73d338776d,310,1,251fb,ACS,Enabled,"Disabled,Enabled","Enable/Disable Access Control Services Extended Capability","sif c93=0"
*,670eeb73d338776d,32c,1,2521c,PTM,Enabled,"Disabled,Enabled","Enable/Disable Precision Time Measurement","sif c93=0"
*,670eeb73d338776d,348,1,2523d,DPC,Disabled,"Disabled,Enabled","Enable/Disable Downstream Port Containment","sif c93=0"
*,670eeb73d338776d,364,1,2525e,EDPC,Enabled,"Disabled,Enabled","Enable/Disable Rootport extensions for Downstream Port Containment","sif c93=0"
*,670eeb73d338776d,150,1,2527f,URR,Disabled,"Disabled,Enabled","PCI Express Unsupported Request Reporting Enable/Disable.","sif c93=0"
*,670eeb73d338776d,16c,1,252a0,FER,Disabled,"Disabled,Enabled","PCI Express Device Fatal Error Reporting Enable/Disable.","sif c93=0"
*,670eeb73d338776d,188,1,252c1,NFER,Disabled,"Disabled,Enabled","PCI Express Device Non-Fatal Error Reporting Enable/Disable.","sif c93=0"
*,670eeb73d338776d,1a4,1,252e2,CER,Disabled,"Disabled,Enabled","PCI Express Device Correctable Error Reporting Enable/Disable.","sif c93=0"
*,670eeb73d338776d,1f8,1,25303,SEFE,Disabled,"Disabled,Enabled","Root PCI Express System Error on Fatal Error Enable/Disable.","sif c93=0"
*,670eeb73d338776d,214,1,25324,SENFE,Disabled,"Disabled,Enabled","Root PCI Express System Error on Non-Fatal Error Enable/Disable.","sif c93=0"
*,670eeb73d338776d,230,1,25345,SECE,Disabled,"Disabled,Enabled","Root PCI Express System Error on Correctable Error Enable/Disable.","sif c93=0"
*,670eeb73d338776d,24c,1,25366,PME SCI,Enabled,"Disabled,Enabled","PCI Express PME SCI Enable/Disable.","sif c93=0"
*,670eeb73d338776d,268,1,2538f,Hot Plug,Disabled,"Disabled,Enabled","PCI Express Hot Plug Enable/Disable.","sif c93=0;gif c94=0"
*,670eeb73d338776d,284,1,253b2,Advanced Error Reporting,Disabled,"Disabled,Enabled","Advanced Error Reporting Enable/Disable.","sif c93=0"
*,670eeb73d338776d,2a0,1,253d3,PCIe Speed,Auto,"Auto,Gen1,Gen2,Gen3","Configure PCIe Speed","sif c93=0"
*,670eeb73d338776d,2bc,1,25402,Transmitter Half Swing,Disabled,"Disabled,Enabled","Transmitter Half Swing Enable/Disable.","sif c93=0"
*,670eeb73d338776d,3b5,2,25423,Detect Timeout,0,"Step=1,Min=0,Max=65535","The number of milliseconds reference code will wait for link to exit Detect state for enabled ports before assuming there is no device and potentially disabling the port.","sif c93=0"
*,670eeb73d338776d,538,1,25440,Extra Bus Reserved,0,"Step=1,Min=0,Max=7","Extra Bus Reserved (0-7) for bridges behind this Root Bridge.","sif c93=0"
*,670eeb73d338776d,56d,2,25459,Reserved Memory,10,"Step=1,Min=1,Max=20","Reserved Memory for this Root Bridge (1-20) MB","sif c93=0"
*,670eeb73d338776d,58c,1,25476,Reserved I/O,4,"Step=4,Min=4,Max=20","Reserved I/O (4K/8K/12K/16K/20K) Range for this Root Bridge.","sif c93=0"
PCH PCIe LTR Configuration,,,,,,,,,
*,670eeb73d338776d,3fc,1,254a1,LTR,Enabled,"Disabled,Enabled","PCH PCIE Latency Reporting Enable/Disable","sif c93=0"
*,670eeb73d338776d,434,1,254ca,Snoop Latency Override,Auto,"Disabled,Manual,Auto","Snoop Latency Override for PCH PCIE.
Disabled: Disable override.
Manual: Manually enter override values.
Auto (default): Maintain default BIOS flow.","sif c93=0;sif ca9=0"
*,670eeb73d338776d,4bd,2,254fe,Snoop Latency Value,60,"Step=1,Min=0,Max=1023","LTR Snoop Latency value of PCH PCIE","sif c93=0;sif ca9=0;sif caa=1 !"
*,670eeb73d338776d,450,1,2551b,Snoop Latency Multiplier,1024 ns,"1 ns,32 ns,1024 ns,32768 ns,1048576 ns,33554432 ns","LTR Snoop Latency Multiplier of PCH PCIE","sif c93=0;sif ca9=0;sif caa=1 !"
*,670eeb73d338776d,46c,1,2555a,Non Snoop Latency Override,Auto,"Disabled,Manual,Auto","Non Snoop Latency Override for PCH PCIE.
Disabled: Disable override.
Manual: Manually enter override values.
Auto (default): Maintain default BIOS flow.","sif c93=0;sif ca9=0"
*,670eeb73d338776d,4f5,2,2558e,Non Snoop Latency Value,60,"Step=1,Min=0,Max=1023","LTR Non Snoop Latency value of PCH PCIE","sif c93=0;sif ca9=0;sif cad=1 !"
*,670eeb73d338776d,488,1,255ab,Non Snoop Latency Multiplier,1024 ns,"1 ns,32 ns,1024 ns,32768 ns,1048576 ns,33554432 ns","LTR Non Snoop Latency Multiplier of PCH PCIE","sif c93=0;sif ca9=0;sif cad=1 !"
*,670eeb73d338776d,418,1,255f5,LTR Lock,Disabled,"Disabled,Enabled","PCIE LTR Configuration Lock","sif c93=0"
*,670eeb73d338776d,d7,1,25616,Peer Memory Write Enable,Disabled,"Disabled,Enabled","Peer Memory Write Enable/Disable","sif c93=0"
Form 5513 (PCI Express Root Port 27),,,,,,,,,
,670eeb73d338776d,119,1,25641,PCI Express Root Port 27,Enabled,"Disabled,Enabled","Control the PCI Express Root Port.",""
*,670eeb73d338776d,381,1,25672,Connection Type,Slot,"Built-in,Slot","Built-In: a built-in device is connected to this rootport. SlotImplemented bit will be clear. Slot: this rootport connects to user-accessible slot. SlotImplemented bit will be set.","sif cb2=0;gif cc0=1"
*,670eeb73d338776d,135,1,25695,ASPM,Auto,"Disabled,L1,Auto","PCI Express Active State Power Management settings.","sif cb2=0"
*,670eeb73d338776d,2d9,1,256bd,L1 Substates,L1.1 & L1.2,"Disabled,L1.1,L1.1 & L1.2","PCI Express L1 Substates settings.","sif cb2=0"
*,670eeb73d338776d,2f5,1,256e5,L1 Low,Enabled,"Disabled,Enabled","PCI Express L1 Low Substate Enable/Disable.","sif cb2=0"
*,670eeb73d338776d,311,1,25706,ACS,Enabled,"Disabled,Enabled","Enable/Disable Access Control Services Extended Capability","sif cb2=0"
*,670eeb73d338776d,32d,1,25727,PTM,Enabled,"Disabled,Enabled","Enable/Disable Precision Time Measurement","sif cb2=0"
*,670eeb73d338776d,349,1,25748,DPC,Disabled,"Disabled,Enabled","Enable/Disable Downstream Port Containment","sif cb2=0"
*,670eeb73d338776d,365,1,25769,EDPC,Enabled,"Disabled,Enabled","Enable/Disable Rootport extensions for Downstream Port Containment","sif cb2=0"
*,670eeb73d338776d,151,1,2578a,URR,Disabled,"Disabled,Enabled","PCI Express Unsupported Request Reporting Enable/Disable.","sif cb2=0"
*,670eeb73d338776d,16d,1,257ab,FER,Disabled,"Disabled,Enabled","PCI Express Device Fatal Error Reporting Enable/Disable.","sif cb2=0"
*,670eeb73d338776d,189,1,257cc,NFER,Disabled,"Disabled,Enabled","PCI Express Device Non-Fatal Error Reporting Enable/Disable.","sif cb2=0"
*,670eeb73d338776d,1a5,1,257ed,CER,Disabled,"Disabled,Enabled","PCI Express Device Correctable Error Reporting Enable/Disable.","sif cb2=0"
*,670eeb73d338776d,1f9,1,2580e,SEFE,Disabled,"Disabled,Enabled","Root PCI Express System Error on Fatal Error Enable/Disable.","sif cb2=0"
*,670eeb73d338776d,215,1,2582f,SENFE,Disabled,"Disabled,Enabled","Root PCI Express System Error on Non-Fatal Error Enable/Disable.","sif cb2=0"
*,670eeb73d338776d,231,1,25850,SECE,Disabled,"Disabled,Enabled","Root PCI Express System Error on Correctable Error Enable/Disable.","sif cb2=0"
*,670eeb73d338776d,24d,1,25871,PME SCI,Enabled,"Disabled,Enabled","PCI Express PME SCI Enable/Disable.","sif cb2=0"
*,670eeb73d338776d,269,1,2589a,Hot Plug,Disabled,"Disabled,Enabled","PCI Express Hot Plug Enable/Disable.","sif cb2=0;gif cb3=0"
*,670eeb73d338776d,285,1,258bd,Advanced Error Reporting,Disabled,"Disabled,Enabled","Advanced Error Reporting Enable/Disable.","sif cb2=0"
*,670eeb73d338776d,2a1,1,258de,PCIe Speed,Auto,"Auto,Gen1,Gen2,Gen3","Configure PCIe Speed","sif cb2=0"
*,670eeb73d338776d,2bd,1,2590d,Transmitter Half Swing,Disabled,"Disabled,Enabled","Transmitter Half Swing Enable/Disable.","sif cb2=0"
*,670eeb73d338776d,3b7,2,2592e,Detect Timeout,0,"Step=1,Min=0,Max=65535","The number of milliseconds reference code will wait for link to exit Detect state for enabled ports before assuming there is no device and potentially disabling the port.","sif cb2=0"
*,670eeb73d338776d,539,1,2594b,Extra Bus Reserved,0,"Step=1,Min=0,Max=7","Extra Bus Reserved (0-7) for bridges behind this Root Bridge.","sif cb2=0"
*,670eeb73d338776d,56f,2,25964,Reserved Memory,10,"Step=1,Min=1,Max=20","Reserved Memory for this Root Bridge (1-20) MB","sif cb2=0"
*,670eeb73d338776d,58d,1,25981,Reserved I/O,4,"Step=4,Min=4,Max=20","Reserved I/O (4K/8K/12K/16K/20K) Range for this Root Bridge.","sif cb2=0"
PCH PCIe LTR Configuration,,,,,,,,,
*,670eeb73d338776d,3fd,1,259ac,LTR,Enabled,"Disabled,Enabled","PCH PCIE Latency Reporting Enable/Disable","sif cb2=0"
*,670eeb73d338776d,435,1,259d5,Snoop Latency Override,Auto,"Disabled,Manual,Auto","Snoop Latency Override for PCH PCIE.
Disabled: Disable override.
Manual: Manually enter override values.
Auto (default): Maintain default BIOS flow.","sif cb2=0;sif cc8=0"
*,670eeb73d338776d,4bf,2,25a09,Snoop Latency Value,60,"Step=1,Min=0,Max=1023","LTR Snoop Latency value of PCH PCIE","sif cb2=0;sif cc8=0;sif cc9=1 !"
*,670eeb73d338776d,451,1,25a26,Snoop Latency Multiplier,1024 ns,"1 ns,32 ns,1024 ns,32768 ns,1048576 ns,33554432 ns","LTR Snoop Latency Multiplier of PCH PCIE","sif cb2=0;sif cc8=0;sif cc9=1 !"
*,670eeb73d338776d,46d,1,25a65,Non Snoop Latency Override,Auto,"Disabled,Manual,Auto","Non Snoop Latency Override for PCH PCIE.
Disabled: Disable override.
Manual: Manually enter override values.
Auto (default): Maintain default BIOS flow.","sif cb2=0;sif cc8=0"
*,670eeb73d338776d,4f7,2,25a99,Non Snoop Latency Value,60,"Step=1,Min=0,Max=1023","LTR Non Snoop Latency value of PCH PCIE","sif cb2=0;sif cc8=0;sif ccc=1 !"
*,670eeb73d338776d,489,1,25ab6,Non Snoop Latency Multiplier,1024 ns,"1 ns,32 ns,1024 ns,32768 ns,1048576 ns,33554432 ns","LTR Non Snoop Latency Multiplier of PCH PCIE","sif cb2=0;sif cc8=0;sif ccc=1 !"
*,670eeb73d338776d,419,1,25b00,LTR Lock,Disabled,"Disabled,Enabled","PCIE LTR Configuration Lock","sif cb2=0"
*,670eeb73d338776d,d8,1,25b21,Peer Memory Write Enable,Disabled,"Disabled,Enabled","Peer Memory Write Enable/Disable","sif cb2=0"
Form 5514 (PCI Express Root Port 28),,,,,,,,,
,670eeb73d338776d,11a,1,25b4c,PCI Express Root Port 28,Enabled,"Disabled,Enabled","Control the PCI Express Root Port.",""
*,670eeb73d338776d,382,1,25b7d,Connection Type,Slot,"Built-in,Slot","Built-In: a built-in device is connected to this rootport. SlotImplemented bit will be clear. Slot: this rootport connects to user-accessible slot. SlotImplemented bit will be set.","sif cd1=0;gif cdf=1"
*,670eeb73d338776d,136,1,25ba0,ASPM,Auto,"Disabled,L1,Auto","PCI Express Active State Power Management settings.","sif cd1=0"
*,670eeb73d338776d,2da,1,25bc8,L1 Substates,L1.1 & L1.2,"Disabled,L1.1,L1.1 & L1.2","PCI Express L1 Substates settings.","sif cd1=0"
*,670eeb73d338776d,2f6,1,25bf0,L1 Low,Enabled,"Disabled,Enabled","PCI Express L1 Low Substate Enable/Disable.","sif cd1=0"
*,670eeb73d338776d,312,1,25c11,ACS,Enabled,"Disabled,Enabled","Enable/Disable Access Control Services Extended Capability","sif cd1=0"
*,670eeb73d338776d,32e,1,25c32,PTM,Enabled,"Disabled,Enabled","Enable/Disable Precision Time Measurement","sif cd1=0"
*,670eeb73d338776d,34a,1,25c53,DPC,Disabled,"Disabled,Enabled","Enable/Disable Downstream Port Containment","sif cd1=0"
*,670eeb73d338776d,366,1,25c74,EDPC,Enabled,"Disabled,Enabled","Enable/Disable Rootport extensions for Downstream Port Containment","sif cd1=0"
*,670eeb73d338776d,152,1,25c95,URR,Disabled,"Disabled,Enabled","PCI Express Unsupported Request Reporting Enable/Disable.","sif cd1=0"
*,670eeb73d338776d,16e,1,25cb6,FER,Disabled,"Disabled,Enabled","PCI Express Device Fatal Error Reporting Enable/Disable.","sif cd1=0"
*,670eeb73d338776d,18a,1,25cd7,NFER,Disabled,"Disabled,Enabled","PCI Express Device Non-Fatal Error Reporting Enable/Disable.","sif cd1=0"
*,670eeb73d338776d,1a6,1,25cf8,CER,Disabled,"Disabled,Enabled","PCI Express Device Correctable Error Reporting Enable/Disable.","sif cd1=0"
*,670eeb73d338776d,1fa,1,25d19,SEFE,Disabled,"Disabled,Enabled","Root PCI Express System Error on Fatal Error Enable/Disable.","sif cd1=0"
*,670eeb73d338776d,216,1,25d3a,SENFE,Disabled,"Disabled,Enabled","Root PCI Express System Error on Non-Fatal Error Enable/Disable.","sif cd1=0"
*,670eeb73d338776d,232,1,25d5b,SECE,Disabled,"Disabled,Enabled","Root PCI Express System Error on Correctable Error Enable/Disable.","sif cd1=0"
*,670eeb73d338776d,24e,1,25d7c,PME SCI,Enabled,"Disabled,Enabled","PCI Express PME SCI Enable/Disable.","sif cd1=0"
*,670eeb73d338776d,26a,1,25da5,Hot Plug,Disabled,"Disabled,Enabled","PCI Express Hot Plug Enable/Disable.","sif cd1=0;gif cd2=0"
*,670eeb73d338776d,286,1,25dc8,Advanced Error Reporting,Disabled,"Disabled,Enabled","Advanced Error Reporting Enable/Disable.","sif cd1=0"
*,670eeb73d338776d,2a2,1,25de9,PCIe Speed,Auto,"Auto,Gen1,Gen2,Gen3","Configure PCIe Speed","sif cd1=0"
*,670eeb73d338776d,2be,1,25e18,Transmitter Half Swing,Disabled,"Disabled,Enabled","Transmitter Half Swing Enable/Disable.","sif cd1=0"
*,670eeb73d338776d,3b9,2,25e39,Detect Timeout,0,"Step=1,Min=0,Max=65535","The number of milliseconds reference code will wait for link to exit Detect state for enabled ports before assuming there is no device and potentially disabling the port.","sif cd1=0"
*,670eeb73d338776d,53a,1,25e56,Extra Bus Reserved,0,"Step=1,Min=0,Max=7","Extra Bus Reserved (0-7) for bridges behind this Root Bridge.","sif cd1=0"
*,670eeb73d338776d,571,2,25e6f,Reserved Memory,10,"Step=1,Min=1,Max=20","Reserved Memory for this Root Bridge (1-20) MB","sif cd1=0"
*,670eeb73d338776d,58e,1,25e8c,Reserved I/O,4,"Step=4,Min=4,Max=20","Reserved I/O (4K/8K/12K/16K/20K) Range for this Root Bridge.","sif cd1=0"
PCH PCIe LTR Configuration,,,,,,,,,
*,670eeb73d338776d,3fe,1,25eb7,LTR,Enabled,"Disabled,Enabled","PCH PCIE Latency Reporting Enable/Disable","sif cd1=0"
*,670eeb73d338776d,436,1,25ee0,Snoop Latency Override,Auto,"Disabled,Manual,Auto","Snoop Latency Override for PCH PCIE.
Disabled: Disable override.
Manual: Manually enter override values.
Auto (default): Maintain default BIOS flow.","sif cd1=0;sif ce7=0"
*,670eeb73d338776d,4c1,2,25f14,Snoop Latency Value,60,"Step=1,Min=0,Max=1023","LTR Snoop Latency value of PCH PCIE","sif cd1=0;sif ce7=0;sif ce8=1 !"
*,670eeb73d338776d,452,1,25f31,Snoop Latency Multiplier,1024 ns,"1 ns,32 ns,1024 ns,32768 ns,1048576 ns,33554432 ns","LTR Snoop Latency Multiplier of PCH PCIE","sif cd1=0;sif ce7=0;sif ce8=1 !"
*,670eeb73d338776d,46e,1,25f70,Non Snoop Latency Override,Auto,"Disabled,Manual,Auto","Non Snoop Latency Override for PCH PCIE.
Disabled: Disable override.
Manual: Manually enter override values.
Auto (default): Maintain default BIOS flow.","sif cd1=0;sif ce7=0"
*,670eeb73d338776d,4f9,2,25fa4,Non Snoop Latency Value,60,"Step=1,Min=0,Max=1023","LTR Non Snoop Latency value of PCH PCIE","sif cd1=0;sif ce7=0;sif ceb=1 !"
*,670eeb73d338776d,48a,1,25fc1,Non Snoop Latency Multiplier,1024 ns,"1 ns,32 ns,1024 ns,32768 ns,1048576 ns,33554432 ns","LTR Non Snoop Latency Multiplier of PCH PCIE","sif cd1=0;sif ce7=0;sif ceb=1 !"
*,670eeb73d338776d,41a,1,2600b,LTR Lock,Disabled,"Disabled,Enabled","PCIE LTR Configuration Lock","sif cd1=0"
*,670eeb73d338776d,d9,1,2602c,Peer Memory Write Enable,Disabled,"Disabled,Enabled","Peer Memory Write Enable/Disable","sif cd1=0"
Form 5504 (PCIE clocks),,,,,,,,,
,670eeb73d338776d,db,1,26057,Clock0 assignment,Platform-POR,"Platform-POR,Enabled,Disabled","Platform-POR = clock is assigned to PCIe port or LAN according to board layout. Enabled = keep clock enabledeven if unused. Disabled = Disable clock.",""
,670eeb73d338776d,ed,1,2607f,ClkReq for Clock0,Platform-POR,"Platform-POR,Disabled","Platform-POR = CLKREQ signal is assigned to CLKSRC according to board layout. Disabled = CLKREQ will not be used.",""
,670eeb73d338776d,dc,1,260a0,Clock1 assignment,Platform-POR,"Platform-POR,Enabled,Disabled","Platform-POR = clock is assigned to PCIe port or LAN according to board layout. Enabled = keep clock enabledeven if unused. Disabled = Disable clock.",""
,670eeb73d338776d,ee,1,260c8,ClkReq for Clock1,Platform-POR,"Platform-POR,Disabled","Platform-POR = CLKREQ signal is assigned to CLKSRC according to board layout. Disabled = CLKREQ will not be used.",""
,670eeb73d338776d,dd,1,260e9,Clock2 assignment,Platform-POR,"Platform-POR,Enabled,Disabled","Platform-POR = clock is assigned to PCIe port or LAN according to board layout. Enabled = keep clock enabledeven if unused. Disabled = Disable clock.",""
,670eeb73d338776d,ef,1,26111,ClkReq for Clock2,Platform-POR,"Platform-POR,Disabled","Platform-POR = CLKREQ signal is assigned to CLKSRC according to board layout. Disabled = CLKREQ will not be used.",""
,670eeb73d338776d,de,1,26132,Clock3 assignment,Disabled,"Platform-POR,Enabled,Disabled","Platform-POR = clock is assigned to PCIe port or LAN according to board layout. Enabled = keep clock enabledeven if unused. Disabled = Disable clock.",""
,670eeb73d338776d,f0,1,2615a,ClkReq for Clock3,Disabled,"Platform-POR,Disabled","Platform-POR = CLKREQ signal is assigned to CLKSRC according to board layout. Disabled = CLKREQ will not be used.",""
,670eeb73d338776d,df,1,2617b,Clock4 assignment,Disabled,"Platform-POR,Enabled,Disabled","Platform-POR = clock is assigned to PCIe port or LAN according to board layout. Enabled = keep clock enabledeven if unused. Disabled = Disable clock.",""
,670eeb73d338776d,f1,1,261a3,ClkReq for Clock4,Disabled,"Platform-POR,Disabled","Platform-POR = CLKREQ signal is assigned to CLKSRC according to board layout. Disabled = CLKREQ will not be used.",""
,670eeb73d338776d,e0,1,261c4,Clock5 assignment,Disabled,"Platform-POR,Enabled,Disabled","Platform-POR = clock is assigned to PCIe port or LAN according to board layout. Enabled = keep clock enabledeven if unused. Disabled = Disable clock.",""
,670eeb73d338776d,f2,1,261ec,ClkReq for Clock5,Disabled,"Platform-POR,Disabled","Platform-POR = CLKREQ signal is assigned to CLKSRC according to board layout. Disabled = CLKREQ will not be used.",""
,670eeb73d338776d,e1,1,2620d,Clock6 assignment,Disabled,"Platform-POR,Enabled,Disabled","Platform-POR = clock is assigned to PCIe port or LAN according to board layout. Enabled = keep clock enabledeven if unused. Disabled = Disable clock.",""
,670eeb73d338776d,f3,1,26235,ClkReq for Clock6,Disabled,"Platform-POR,Disabled","Platform-POR = CLKREQ signal is assigned to CLKSRC according to board layout. Disabled = CLKREQ will not be used.",""
,670eeb73d338776d,e2,1,26256,Clock7 assignment,Disabled,"Platform-POR,Enabled,Disabled","Platform-POR = clock is assigned to PCIe port or LAN according to board layout. Enabled = keep clock enabledeven if unused. Disabled = Disable clock.",""
,670eeb73d338776d,f4,1,2627e,ClkReq for Clock7,Disabled,"Platform-POR,Disabled","Platform-POR = CLKREQ signal is assigned to CLKSRC according to board layout. Disabled = CLKREQ will not be used.",""
,670eeb73d338776d,e3,1,2629f,Clock8 assignment,Disabled,"Platform-POR,Enabled,Disabled","Platform-POR = clock is assigned to PCIe port or LAN according to board layout. Enabled = keep clock enabledeven if unused. Disabled = Disable clock.",""
,670eeb73d338776d,f5,1,262c7,ClkReq for Clock8,Disabled,"Platform-POR,Disabled","Platform-POR = CLKREQ signal is assigned to CLKSRC according to board layout. Disabled = CLKREQ will not be used.",""
,670eeb73d338776d,e4,1,262e8,Clock9 assignment,Disabled,"Platform-POR,Enabled,Disabled","Platform-POR = clock is assigned to PCIe port or LAN according to board layout. Enabled = keep clock enabledeven if unused. Disabled = Disable clock.",""
,670eeb73d338776d,f6,1,26310,ClkReq for Clock9,Disabled,"Platform-POR,Disabled","Platform-POR = CLKREQ signal is assigned to CLKSRC according to board layout. Disabled = CLKREQ will not be used.",""
*,670eeb73d338776d,e5,1,26339,Clock10 assignment,Disabled,"Platform-POR,Enabled,Disabled","Platform-POR = clock is assigned to PCIe port or LAN according to board layout. Enabled = keep clock enabledeven if unused. Disabled = Disable clock.","sif 1017=2"
*,670eeb73d338776d,f7,1,26361,ClkReq for Clock10,Disabled,"Platform-POR,Disabled","Platform-POR = CLKREQ signal is assigned to CLKSRC according to board layout. Disabled = CLKREQ will not be used.","sif 1017=2"
*,670eeb73d338776d,e6,1,26382,Clock11 assignment,Disabled,"Platform-POR,Enabled,Disabled","Platform-POR = clock is assigned to PCIe port or LAN according to board layout. Enabled = keep clock enabledeven if unused. Disabled = Disable clock.","sif 1017=2"
*,670eeb73d338776d,f8,1,263aa,ClkReq for Clock11,Disabled,"Platform-POR,Disabled","Platform-POR = CLKREQ signal is assigned to CLKSRC according to board layout. Disabled = CLKREQ will not be used.","sif 1017=2"
*,670eeb73d338776d,e7,1,263cb,Clock12 assignment,Disabled,"Platform-POR,Enabled,Disabled","Platform-POR = clock is assigned to PCIe port or LAN according to board layout. Enabled = keep clock enabledeven if unused. Disabled = Disable clock.","sif 1017=2"
*,670eeb73d338776d,f9,1,263f3,ClkReq for Clock12,Disabled,"Platform-POR,Disabled","Platform-POR = CLKREQ signal is assigned to CLKSRC according to board layout. Disabled = CLKREQ will not be used.","sif 1017=2"
*,670eeb73d338776d,e8,1,26414,Clock13 assignment,Disabled,"Platform-POR,Enabled,Disabled","Platform-POR = clock is assigned to PCIe port or LAN according to board layout. Enabled = keep clock enabledeven if unused. Disabled = Disable clock.","sif 1017=2"
*,670eeb73d338776d,fa,1,2643c,ClkReq for Clock13,Disabled,"Platform-POR,Disabled","Platform-POR = CLKREQ signal is assigned to CLKSRC according to board layout. Disabled = CLKREQ will not be used.","sif 1017=2"
*,670eeb73d338776d,e9,1,2645d,Clock14 assignment,Disabled,"Platform-POR,Enabled,Disabled","Platform-POR = clock is assigned to PCIe port or LAN according to board layout. Enabled = keep clock enabledeven if unused. Disabled = Disable clock.","sif 1017=2"
*,670eeb73d338776d,fb,1,26485,ClkReq for Clock14,Disabled,"Platform-POR,Disabled","Platform-POR = CLKREQ signal is assigned to CLKSRC according to board layout. Disabled = CLKREQ will not be used.","sif 1017=2"
*,670eeb73d338776d,ea,1,264a6,Clock15 assignment,Disabled,"Platform-POR,Enabled,Disabled","Platform-POR = clock is assigned to PCIe port or LAN according to board layout. Enabled = keep clock enabledeven if unused. Disabled = Disable clock.","sif 1017=2"
*,670eeb73d338776d,fc,1,264ce,ClkReq for Clock15,Disabled,"Platform-POR,Disabled","Platform-POR = CLKREQ signal is assigned to CLKSRC according to board layout. Disabled = CLKREQ will not be used.","sif 1017=2"
*,670eeb73d338776d,eb,1,264ef,Clock16 assignment,Disabled,"Platform-POR,Enabled,Disabled","Platform-POR = clock is assigned to PCIe port or LAN according to board layout. Enabled = keep clock enabledeven if unused. Disabled = Disable clock.","sif 1017=2"
*,670eeb73d338776d,fd,1,26517,ClkReq for Clock16,Disabled,"Platform-POR,Disabled","Platform-POR = CLKREQ signal is assigned to CLKSRC according to board layout. Disabled = CLKREQ will not be used.","sif 1017=2"
*,670eeb73d338776d,ec,1,26538,Clock17 assignment,Disabled,"Platform-POR,Enabled,Disabled","Platform-POR = clock is assigned to PCIe port or LAN according to board layout. Enabled = keep clock enabledeven if unused. Disabled = Disable clock.","sif 1017=2"
*,670eeb73d338776d,fe,1,26560,ClkReq for Clock17,Disabled,"Platform-POR,Disabled","Platform-POR = CLKREQ signal is assigned to CLKSRC according to board layout. Disabled = CLKREQ will not be used.","sif 1017=2"
Form 5422 (THC Configuration),,,,,,,,,
Touch Host Controller Configuration Settings,,,,,,,,,
*,670eeb73d338776d,518,1,265a5,THC Port Configuration,None,"None,THC0","Assign Port to THC","sif 102a=0"
*,670eeb73d338776d,519,1,265ce,Port Clock,Functional,"Functional,DFX","SPI_DFX_CLK_EN BIT set to 0 or 1","sif 102a=0;sif d14=0"
*,670eeb73d338776d,794,4,265ef,Active LTR,0xffffffff,"Step=0x1,Min=0x0,Max=0xffffffff","Expose Active LTR data through ACPI _DSM for OS driver to configure","sif 102a=0;sif d14=0"
*,670eeb73d338776d,79c,4,26614,Idle LTR,0xffffffff,"Step=0x1,Min=0x0,Max=0xffffffff","Expose Idle LTR data through ACPI _DSM for OS driver to configure","sif 102a=0;sif d14=0"
*,670eeb73d338776d,7a4,4,26639,HID Over SPI Limit Packet Size,0x0,"Step=0x1,Min=0x0,Max=0x1","When set, limits SPI read & write packet size to 64B. Otherwise, THC uses Max Soc packet size for SPI Read and Write 
0 - Max Soc Packet Size 
1 - 64 Bytes","sif 102a=0;sif d14=0"
*,670eeb73d338776d,7ac,4,2665e,Hid Over Spi Performance Limitation,0x0,"Step=0x1,Min=0x0,Max=0xffff","Minimum amount of delay the driver must wait between end of write operation and begin of read operation. This value shall be in 10us multiples
 0-Disabled
 1-65535 (0xFFFF) up to 655350us","sif 102a=0;sif d14=0"
*,670eeb73d338776d,51a,1,26683,Wake On Touch,Disabled,"Disabled,Enabled","Based on this setting vGPIO for given THC will be in native mode, and additional _CRS for wake will be exposed in ACPI","sif 102a=0;sif d14=0"
*,670eeb73d338776d,792,1,266a4,THC Mode,THC,"THC,HID over SPI","Switch between Intel THC protcol and Industry standard HID Over SPI protocol.","sif 102a=0;sif d14=0"
*,670eeb73d338776d,7bc,4,266cd,Connection Speed,17000000,"Step=1,Min=0,Max=40000000","HID Over SPI Connection Speed in Hz","sif 102a=0;sif d14=0;sif d1b=0"
*,670eeb73d338776d,7b4,4,266f2,Flags,Single SPI Mode,"Single SPI Mode,Dual SPI Mode,Quad SPI Mode","HID Over SPI Flags","sif 102a=0;sif d14=0;sif d1b=0"
*,670eeb73d338776d,7c4,4,2672c,Input Report Body Address,0x0,"Step=0x1,Min=0x0,Max=0xffffffff","HID Over SPI Input Report Body Address","sif 102a=0;sif d14=0;sif d1b=0"
*,670eeb73d338776d,7cc,4,26751,Input Report Header Address,0x0,"Step=0x1,Min=0x0,Max=0xffffffff","HID Over SPI Input Report Header Address","sif 102a=0;sif d14=0;sif d1b=0"
*,670eeb73d338776d,7d4,4,26776,Output Report Address,0x0,"Step=0x1,Min=0x0,Max=0xffffffff","HID Over SPI Output Report Address","sif 102a=0;sif d14=0;sif d1b=0"
*,670eeb73d338776d,7e4,4,2679b,Write Opcode,0x0,"Step=0x1,Min=0x0,Max=0xffffffff","HID Over SPI Write Opcode","sif 102a=0;sif d14=0;sif d1b=0"
*,670eeb73d338776d,7dc,4,267c0,Read Opcode,0x0,"Step=0x1,Min=0x0,Max=0xffffffff","HID Over SPI Read Opcode","sif 102a=0;sif d14=0;sif d1b=0"
*,670eeb73d338776d,7ec,4,267e5,Reset Pad Trigger,Low,"Low,High","HID Over SPI Reset Pad Trigger","sif 102a=0;sif d14=0;sif d1b=0"
*,670eeb73d338776d,51b,1,26819,THC Port Configuration,None,"None,THC1","Assign Port to THC","sif 102a=0"
*,670eeb73d338776d,51c,1,26842,Port Clock,Functional,"Functional,DFX","SPI_DFX_CLK_EN BIT set to 0 or 1","sif 102a=0;sif d24=0"
*,670eeb73d338776d,798,4,26863,Active LTR,0xffffffff,"Step=0x1,Min=0x0,Max=0xffffffff","Expose Active LTR data through ACPI _DSM for OS driver to configure","sif 102a=0;sif d24=0"
*,670eeb73d338776d,7a0,4,26888,Idle LTR,0xffffffff,"Step=0x1,Min=0x0,Max=0xffffffff","Expose Idle LTR data through ACPI _DSM for OS driver to configure","sif 102a=0;sif d24=0"
*,670eeb73d338776d,7a8,4,268ad,HID Over SPI Limit Packet Size,0x0,"Step=0x1,Min=0x0,Max=0x1","When set, limits SPI read & write packet size to 64B. Otherwise, THC uses Max Soc packet size for SPI Read and Write 
0 - Max Soc Packet Size 
1 - 64 Bytes","sif 102a=0;sif d24=0"
*,670eeb73d338776d,7b0,4,268d2,Hid Over Spi Performance Limitation,0x0,"Step=0x1,Min=0x0,Max=0xffff","Minimum amount of delay the driver must wait between end of write operation and begin of read operation. This value shall be in 10us multiples
 0-Disabled
 1-65535 (0xFFFF) up to 655350us","sif 102a=0;sif d24=0"
*,670eeb73d338776d,51d,1,268f7,Wake On Touch,Disabled,"Disabled,Enabled","Based on this setting vGPIO for given THC will be in native mode, and additional _CRS for wake will be exposed in ACPI","sif 102a=0;sif d24=0"
*,670eeb73d338776d,793,1,26918,THC Mode,THC,"THC,HID over SPI","Switch between Intel THC protcol and Industry standard HID Over SPI protocol.","sif 102a=0;sif d24=0"
*,670eeb73d338776d,7c0,4,26941,Connection Speed,17000000,"Step=1,Min=0,Max=40000000","HID Over SPI Connection Speed in Hz","sif 102a=0;sif d24=0;sif d2b=0"
*,670eeb73d338776d,7b8,4,26966,Flags,Single SPI Mode,"Single SPI Mode,Dual SPI Mode,Quad SPI Mode","HID Over SPI Flags","sif 102a=0;sif d24=0;sif d2b=0"
*,670eeb73d338776d,7c8,4,269a0,Input Report Body Address,0x0,"Step=0x1,Min=0x0,Max=0xffffffff","HID Over SPI Input Report Body Address","sif 102a=0;sif d24=0;sif d2b=0"
*,670eeb73d338776d,7d0,4,269c5,Input Report Header Address,0x0,"Step=0x1,Min=0x0,Max=0xffffffff","HID Over SPI Input Report Header Address","sif 102a=0;sif d24=0;sif d2b=0"
*,670eeb73d338776d,7d8,4,269ea,Output Report Address,0x0,"Step=0x1,Min=0x0,Max=0xffffffff","HID Over SPI Output Report Address","sif 102a=0;sif d24=0;sif d2b=0"
*,670eeb73d338776d,7e8,4,26a0f,Write Opcode,0x0,"Step=0x1,Min=0x0,Max=0xffffffff","HID Over SPI Write Opcode","sif 102a=0;sif d24=0;sif d2b=0"
*,670eeb73d338776d,7e0,4,26a34,Read Opcode,0x0,"Step=0x1,Min=0x0,Max=0xffffffff","HID Over SPI Read Opcode","sif 102a=0;sif d24=0;sif d2b=0"
*,670eeb73d338776d,7f0,4,26a59,Reset Pad Trigger,Low,"Low,High","HID Over SPI Reset Pad Trigger","sif 102a=0;sif d24=0;sif d2b=0"
THC is not available,,,,,,,,,
Form 4156 (HD Audio Configuration),,,,,,,,,
HD Audio Subsystem Configuration Settings,,,,,,,,,
,670eeb73d338776d,58f,1,26ac5,HD Audio,Enabled,"Disabled,Enabled","Control Detection of the HD-Audio device.

Disabled = HDA will be unconditionally disabled

Enabled = HDA will be unconditionally enabled.",""
*,670eeb73d338776d,590,1,26af6,Audio DSP,Enabled,"Disabled,Enabled","Enable/Disable Audio DSP.","sif d34=0;gif 1029=1"
*,670eeb73d338776d,591,1,26b2b,Audio DSP Compliance Mode,Non-UAA (IntelSST),"Non-UAA (IntelSST),UAA (HDA Inbox/IntelSST)","Specifies DSP enabled system compliance:
1. Non-UAA (IntelSST driver support only - CC_040100)
2. UAA (HD Audio Inbox or IntelSST driver support - CC_040380)

Note: NHLT (DMIC/BT/I2S configuration) is published for non-UAA only.","sif d34=0;sif d35=0 1029=1 |"
*,670eeb73d338776d,594,1,26b60,HDA Link,Enabled,"Disabled,Enabled","Muxed interfaces:
1) HDA/SSP0
2) HDA[SDI1]/SSP1
3) DMIC0/SNDW4
4) DMIC1/SNDW3
CNL only:
5) HDA/SNDW1
6) SSP1/SNDW2","sif d34=0;gif d3c=1 d42=1 |"
*,670eeb73d338776d,595,1,26b93,DMIC #0,Disabled,"Disabled,Enabled","Muxed interfaces:
1) HDA/SSP0
2) HDA[SDI1]/SSP1
3) DMIC0/SNDW4
4) DMIC1/SNDW3
CNL only:
5) HDA/SNDW1
6) SSP1/SNDW2","sif d34=0;gif d43=1;sif 1028=0"
*,670eeb73d338776d,597,1,26bc4,Dmic Clock Source Select,ClkA,"Both,ClkA,ClkB","N/A","sif d34=0;gif d43=1;sif 1028=0;gif d44=1;sif d38=0"
*,670eeb73d338776d,596,1,26c04,DMIC #1,Disabled,"Disabled,Enabled","Muxed interfaces:
1) HDA/SSP0
2) HDA[SDI1]/SSP1
3) DMIC0/SNDW4
4) DMIC1/SNDW3
CNL only:
5) HDA/SNDW1
6) SSP1/SNDW2","sif d34=0;gif d45=1;sif 1026=0"
*,670eeb73d338776d,598,1,26c35,Dmic Clock Source Select,ClkA,"Both,ClkA,ClkB","N/A","sif d34=0;gif d45=1;sif 1026=0;gif d44=1;sif d3a=0"
*,670eeb73d338776d,59d,1,26c6d,SSP #0,Disabled,"Disabled,Enabled","Muxed interfaces:
1) HDA/SSP0
2) HDA[SDI1]/SSP1
3) DMIC0/SNDW4
4) DMIC1/SNDW3
CNL only:
5) HDA/SNDW1
6) SSP1/SNDW2","sif d34=0;gif d37=1"
*,670eeb73d338776d,59e,1,26c90,SSP #1,Disabled,"Disabled,Enabled","Muxed interfaces:
1) HDA/SSP0
2) HDA[SDI1]/SSP1
3) DMIC0/SNDW4
4) DMIC1/SNDW3
CNL only:
5) HDA/SNDW1
6) SSP1/SNDW2","sif d34=0"
*,670eeb73d338776d,59f,1,26cc1,SSP #2,Disabled,"Disabled,Enabled","Muxed interfaces:
1) HDA/SSP0
2) HDA[SDI1]/SSP1
3) DMIC0/SNDW4
4) DMIC1/SNDW3
CNL only:
5) HDA/SNDW1
6) SSP1/SNDW2","sif d34=0"
,670eeb73d338776d,5a0,1,26ce4,SSP #3,Disabled,"Disabled,Enabled","Muxed interfaces:
1) HDA/SSP0
2) HDA[SDI1]/SSP1
3) DMIC0/SNDW4
4) DMIC1/SNDW3
CNL only:
5) HDA/SNDW1
6) SSP1/SNDW2",""
,670eeb73d338776d,5a1,1,26d05,SSP #4,Disabled,"Disabled,Enabled","Muxed interfaces:
1) HDA/SSP0
2) HDA[SDI1]/SSP1
3) DMIC0/SNDW4
4) DMIC1/SNDW3
CNL only:
5) HDA/SNDW1
6) SSP1/SNDW2",""
,670eeb73d338776d,5a2,1,26d26,SSP #5,Disabled,"Disabled,Enabled","Muxed interfaces:
1) HDA/SSP0
2) HDA[SDI1]/SSP1
3) DMIC0/SNDW4
4) DMIC1/SNDW3
CNL only:
5) HDA/SNDW1
6) SSP1/SNDW2",""
,670eeb73d338776d,599,1,26d47,SNDW #1,Disabled,"Disabled,Enabled","Muxed interfaces:
1) HDA/SSP0
2) HDA[SDI1]/SSP1
3) DMIC0/SNDW4
4) DMIC1/SNDW3
CNL only:
5) HDA/SNDW1
6) SSP1/SNDW2",""
*,670eeb73d338776d,59a,1,26d78,SNDW #1,Disabled,"Disabled,Enabled","Muxed interfaces:
1) HDA/SSP0
2) HDA[SDI1]/SSP1
3) DMIC0/SNDW4
4) DMIC1/SNDW3
CNL only:
5) HDA/SNDW1
6) SSP1/SNDW2","gif d38=1;sif 101c=0"
*,670eeb73d338776d,59b,1,26de7,SNDW #2,Disabled,"Disabled,Enabled","Muxed interfaces:
1) HDA/SSP0
2) HDA[SDI1]/SSP1
3) DMIC0/SNDW4
4) DMIC1/SNDW3
CNL only:
5) HDA/SNDW1
6) SSP1/SNDW2","gif d38=1 d39=0 and d3a=1 d3b=0 and | d38=1 d39=2 and | d3a=1 d3b=2 and |;sif 101b=0"
*,670eeb73d338776d,59c,1,26e1c,SNDW #3,Disabled,"Disabled,Enabled","Muxed interfaces:
1) HDA/SSP0
2) HDA[SDI1]/SSP1
3) DMIC0/SNDW4
4) DMIC1/SNDW3
CNL only:
5) HDA/SNDW1
6) SSP1/SNDW2","gif d3a=1;sif 1019=0"
>HD Audio Advanced Configuration,,,,,,,,,
>HD Audio DSP Features Configuration,,,,,,,,,
*,670eeb73d338776d,791,1,26e73,HDA Codec ALC245 Configuration,No Dmic to codec,"No Dmic to codec,4 Dmic to codec,2 Dmic to codec","Option for configuring DMIC connection to ALC245.","sif 100e=1"
Form 4159 (HD Audio Advanced Configuration),,,,,,,,,
HD Audio Subsystem Advanced Configuration Settings,,,,,,,,,
,670eeb73d338776d,592,1,26eb7,iDisplay Audio Disconnect,Disabled,"Disabled,Enabled","Disconnects SDI2 signal to hide/disable iDisplay Audio Codec.",""
,670eeb73d338776d,5a6,1,26ed8,Codec Sx Wake Capability,Disabled,"Disabled,Enabled","Capability to detect wake initiated by a codec in Sx (eg by modem codec)",""
,670eeb73d338776d,593,1,26ef9,PME Enable,Disabled,"Disabled,Enabled","Enables PME wake of HD Audio controller during POST.",""
,670eeb73d338776d,5a3,1,26f22,HD Audio Link Frequency,24 MHz,"6 MHz,12 MHz,24 MHz","Selects HD Audio Link frequency.
Applicable only if HDA codec supports selected frequency.",""
,670eeb73d338776d,5a4,1,26f4a,iDisplay Audio Link Frequency,96 MHz,"48 MHz,96 MHz","Selects iDisplay Link frequency.",""
,670eeb73d338776d,5a5,1,26f6b,iDisplay Audio Link T-Mode,8T Mode,"1T Mode,2T Mode,4T Mode,8T Mode,16T Mode","Indicates whether SDI is operating in 1T, 2T (CNL) or 2T, 4T, 8T mode (ICL).",""
,670eeb73d338776d,5a7,1,26fa1,Autonomous Clock Stop SNDW #0,Disabled,"Disabled,Enabled","Enable/Disable Autonomous Clock Stop for SoundWire LINK0",""
,670eeb73d338776d,5a8,1,26fc2,Autonomous Clock Stop SNDW #1,Disabled,"Disabled,Enabled","Enable/Disable Autonomous Clock Stop for SoundWire LINK1",""
,670eeb73d338776d,5a9,1,26fe3,Autonomous Clock Stop SNDW #2,Disabled,"Disabled,Enabled","Enable/Disable Autonomous Clock Stop for SoundWire LINK2",""
,670eeb73d338776d,5aa,1,27004,Autonomous Clock Stop SNDW #3,Disabled,"Disabled,Enabled","Enable/Disable Autonomous Clock Stop for SoundWire LINK3",""
,670eeb73d338776d,5ab,1,27025,Data On Active Interval Select SNDW #0,11 clock periods,"6 clock periods,7 clock periods,8 clock periods,11 clock periods","Data On Active Interval Select:
1) 6 clock periods
2) 7 clock periods
3) 8 clock periods
4) 11 clock periods
5)",""
,670eeb73d338776d,5ac,1,27054,Data On Active Interval Select SNDW #1,11 clock periods,"6 clock periods,7 clock periods,8 clock periods,11 clock periods","Data On Active Interval Select:
1) 6 clock periods
2) 7 clock periods
3) 8 clock periods
4) 11 clock periods
5)",""
,670eeb73d338776d,5ad,1,27083,Data On Active Interval Select SNDW #2,11 clock periods,"6 clock periods,7 clock periods,8 clock periods,11 clock periods","Data On Active Interval Select:
1) 6 clock periods
2) 7 clock periods
3) 8 clock periods
4) 11 clock periods
5)",""
,670eeb73d338776d,5ae,1,270b2,Data On Active Interval Select SNDW #3,11 clock periods,"6 clock periods,7 clock periods,8 clock periods,11 clock periods","Data On Active Interval Select:
1) 6 clock periods
2) 7 clock periods
3) 8 clock periods
4) 11 clock periods
5)",""
,670eeb73d338776d,5af,1,270e1,Data On Delay Select SNDW #0,3 clock periods,"2 clock periods,3 clock periods","Data On Delay Select:
1) 2 clock periods
2) 3 clock periods
3)",""
,670eeb73d338776d,5b0,1,27102,Data On Delay Select SNDW #1,3 clock periods,"2 clock periods,3 clock periods","Data On Delay Select:
1) 2 clock periods
2) 3 clock periods
3)",""
,670eeb73d338776d,5b1,1,27123,Data On Delay Select SNDW #2,3 clock periods,"2 clock periods,3 clock periods","Data On Delay Select:
1) 2 clock periods
2) 3 clock periods
3)",""
,670eeb73d338776d,5b2,1,27144,Data On Delay Select SNDW #3,3 clock periods,"2 clock periods,3 clock periods","Data On Delay Select:
1) 2 clock periods
2) 3 clock periods
3)",""
,670eeb73d338776d,7ff,1,27165,ACX SSID 305610EC Codecs Topology,Disabled,"Disabled,Enabled","Codecs: ALC711-VD1, ALC714-VC1, 2x ALC316",""
Form 4160 (HD Audio DSP Features Configuration),,,,,,,,,
HD Audio Subsystem Features Configuration (ACPI),,,,,,,,,
*,7c3d5fba83e1ea89,1,1,271f0,Dmic Mono 38.4MHz,Disabled,"Disabled,Enabled","Enables/Disables 1 Mic Array Endpoint in NHLT ACPI table. XTAL: 38.4MHz.","gif d36=0 !;gif d38=0 d3a=0 and;gif d5d=1 d5e=1 | d5f=1 | d60=1 | d61=1 |"
*,7c3d5fba83e1ea89,2,1,2723d,Dmic Stereo 38.4MHz,Disabled,"Disabled,Enabled","Enables/Disables 2 Mic Array Endpoint in NHLT ACPI table. XTAL: 38.4MHz.","gif d36=0 !;gif d38=0 d3a=0 and;gif d5c=1 d5e=1 | d5f=1 | d60=1 | d61=1 |"
*,7c3d5fba83e1ea89,3,1,2728a,Dmic Quad 38.4MHz,Disabled,"Disabled,Enabled","Enables/Disables 4 Mic Array Endpoint in NHLT ACPI table. XTAL: 38.4MHz.","gif d36=0 !;gif d38=0 d3a=0 and;gif d5c=1 d5d=1 | d5f=1 | d60=1 | d61=1 |"
*,7c3d5fba83e1ea89,6,1,272d7,Dmic Mono 24MHz,Disabled,"Disabled,Enabled","Enables/Disables 1 Mic Array Endpoint in NHLT ACPI table. XTAL: 24MHz.","gif d36=0 !;gif d38=0 d3a=0 and;gif d5c=1 d5d=1 | d5e=1 | d60=1 | d61=1 |"
*,7c3d5fba83e1ea89,7,1,27324,Dmic Stereo 24MHz,Disabled,"Disabled,Enabled","Enables/Disables 2 Mic Array Endpoint in NHLT ACPI table. XTAL: 24MHz.","gif d36=0 !;gif d38=0 d3a=0 and;gif d5c=1 d5d=1 | d5e=1 | d5f=1 | d61=1 |"
*,7c3d5fba83e1ea89,8,1,27371,Dmic Quad 24MHz,Disabled,"Disabled,Enabled","Enables/Disables 4 Mic Array Endpoint in NHLT ACPI table. XTAL: 24MHz.","gif d36=0 !;gif d38=0 d3a=0 and;gif d5c=1 d5d=1 | d5e=1 | d5f=1 | d60=1 |"
*,7c3d5fba83e1ea89,4,1,273dc,Bluetooth 38.4MHz,Enabled,"Disabled,Enabled","Enables/Disables Bluetooth Endpoint in NHLT ACPI table. XTAL: 38.4MHz.
","gif d36=0 !;gif d3c=0 d3d=0 and d3e=0 and d3f=0 and d40=0 and d41=0 and and;gif d63=1"
*,7c3d5fba83e1ea89,9,1,27407,Bluetooth 24MHz,Disabled,"Disabled,Enabled","Enables/Disables Bluetooth Endpoint in NHLT ACPI table. XTAL: 24MHz.
","gif d36=0 !;gif d3c=0 d3d=0 and d3e=0 and d3f=0 and d40=0 and d41=0 and and;gif d62=1"
*,7c3d5fba83e1ea89,5,1,27470,I2S Alc274 38.4MHz,Disabled,"Disabled,Enabled","Enables/Disables I2S Endpoint for ALC274 in NHLT ACPI table. XTAL: 38.4MHz.
","gif d36=0 !;gif d3c=0 d3d=0 and d3e=0 and d3f=0 and d40=0 and d41=0 and;gif d65=1 d66=1 |"
*,7c3d5fba83e1ea89,a,1,274a5,I2S Alc274 24MHz,Disabled,"Disabled,Enabled","Enables/Disables I2S Endpoint for ALC274 in NHLT ACPI table. XTAL: 24MHz.
","gif d36=0 !;gif d3c=0 d3d=0 and d3e=0 and d3f=0 and d40=0 and d41=0 and;gif d64=1 d66=1 |"
*,7c3d5fba83e1ea89,b,1,274da,I2S Es8326 24MHz,Disabled,"Disabled,Enabled","Enables/Disables I2S Endpoint for Everest Codec 8326 and 8336 in NHLT ACPI table. XTAL: 24MHz.
","gif d36=0 !;gif d3c=0 d3d=0 and d3e=0 and d3f=0 and d40=0 and d41=0 and;gif d64=1 d65=1 |"
*,670eeb73d338776d,5b3,1,274fd,I2S Codec Select,Disabled,"Disabled,Realtek ALC274,Realtek ALC1308,Everest ES8326","Selects I2S Audio Codec support.
Note: SerialIo UART0 must be disabled to enable external I2S codec (due to GPIO pin muxing).
","gif d36=0 !;gif d3c=0 d3d=0 and d3e=0 and d3f=0 and d40=0 and d41=0 and"
*,670eeb73d338776d,5b4,1,2752c,I2S Codec Bus Number,I2C0 Controller,"I2C0 Controller,I2C1 Controller,I2C2 Controller,I2C3 Controller,I2C4 Controller,I2C5 Controller","Selectcs Codec Bus from Serial IO I2C0/1/2/3/4/5","gif d36=0 !;gif d3c=0 d3d=0 and d3e=0 and d3f=0 and d40=0 and d41=0 and"
,670eeb73d338776d,800,1,2757e,WoV (Wake on Voice),1,"Bool=0,1,None","Enables/Disables DSP Feature.
Bitmask structure:
[BIT0] - WoV
[BIT1] - BT Sideband
[BIT2] - Codec based VAD
[BIT5] - BT Intel HFP
[BIT6] - BT Intel A2DP
[BIT7] - DSP based speech pre-processing disabled (for Intel WoV mode)
[BIT8] - WoV Mode: Intel WoV / Windows Voice Activation for Cortana",""
,670eeb73d338776d,801,1,27594,Bluetooth Sideband,1,"Bool=0,1,None","Enables/Disables DSP Feature.
Bitmask structure:
[BIT0] - WoV
[BIT1] - BT Sideband
[BIT2] - Codec based VAD
[BIT5] - BT Intel HFP
[BIT6] - BT Intel A2DP
[BIT7] - DSP based speech pre-processing disabled (for Intel WoV mode)
[BIT8] - WoV Mode: Intel WoV / Windows Voice Activation for Cortana",""
*,670eeb73d338776d,805,1,275b2,BT Intel HFP,1,"Bool=0,1,None","Enables/Disables DSP Feature.
Bitmask structure:
[BIT0] - WoV
[BIT1] - BT Sideband
[BIT2] - Codec based VAD
[BIT5] - BT Intel HFP
[BIT6] - BT Intel A2DP
[BIT7] - DSP based speech pre-processing disabled (for Intel WoV mode)
[BIT8] - WoV Mode: Intel WoV / Windows Voice Activation for Cortana","gif 15a0=0"
*,670eeb73d338776d,806,1,275c8,BT Intel A2DP,1,"Bool=0,1,None","Enables/Disables DSP Feature.
Bitmask structure:
[BIT0] - WoV
[BIT1] - BT Sideband
[BIT2] - Codec based VAD
[BIT5] - BT Intel HFP
[BIT6] - BT Intel A2DP
[BIT7] - DSP based speech pre-processing disabled (for Intel WoV mode)
[BIT8] - WoV Mode: Intel WoV / Windows Voice Activation for Cortana","gif 15a0=0"
*,670eeb73d338776d,809,1,275de,BT Intel LE Audio,0,"Bool=0,1,None","Enables/Disables DSP Feature.
Bitmask structure:
[BIT0] - WoV
[BIT1] - BT Sideband
[BIT2] - Codec based VAD
[BIT5] - BT Intel HFP
[BIT6] - BT Intel A2DP
[BIT7] - DSP based speech pre-processing disabled (for Intel WoV mode)
[BIT8] - WoV Mode: Intel WoV / Windows Voice Activation for Cortana","gif 15a0=0"
,670eeb73d338776d,80a,1,275f6,ACX/SDCA,0,"Bool=0,1,None","Enables/Disables DSP Feature.
Bitmask structure:
[BIT0] - WoV
[BIT1] - BT Sideband
[BIT2] - Codec based VAD
[BIT5] - BT Intel HFP
[BIT6] - BT Intel A2DP
[BIT7] - DSP based speech pre-processing disabled (for Intel WoV mode)
[BIT8] - WoV Mode: Intel WoV / Windows Voice Activation for Cortana",""
*,670eeb73d338776d,80b,1,2760e,ACX/SDCA speaker aggregation,0,"Bool=0,1,None","Enables/Disables DSP Feature.
Bitmask structure:
[BIT0] - WoV
[BIT1] - BT Sideband
[BIT2] - Codec based VAD
[BIT5] - BT Intel HFP
[BIT6] - BT Intel A2DP
[BIT7] - DSP based speech pre-processing disabled (for Intel WoV mode)
[BIT8] - WoV Mode: Intel WoV / Windows Voice Activation for Cortana","gif d6d=0"
,670eeb73d338776d,802,1,27620,Codec based VAD,0,"Bool=0,1,None","Enables/Disables DSP Feature.
Bitmask structure:
[BIT0] - WoV
[BIT1] - BT Sideband
[BIT2] - Codec based VAD
[BIT5] - BT Intel HFP
[BIT6] - BT Intel A2DP
[BIT7] - DSP based speech pre-processing disabled (for Intel WoV mode)
[BIT8] - WoV Mode: Intel WoV / Windows Voice Activation for Cortana",""
*,670eeb73d338776d,807,1,27638,DSP based Speech Pre-Processing Disabled,0,"Bool=0,1,None","Enables/Disables DSP Feature.
Bitmask structure:
[BIT0] - WoV
[BIT1] - BT Sideband
[BIT2] - Codec based VAD
[BIT5] - BT Intel HFP
[BIT6] - BT Intel A2DP
[BIT7] - DSP based speech pre-processing disabled (for Intel WoV mode)
[BIT8] - WoV Mode: Intel WoV / Windows Voice Activation for Cortana","gif d71=1"
,670eeb73d338776d,808,1,27650,Voice Activity Detection,Windows 10 Voice Activation,"Intel Wake on Voice,Windows 10 Voice Activation","Enables/Disables DSP Feature.
Bitmask structure:
[BIT0] - WoV
[BIT1] - BT Sideband
[BIT2] - Codec based VAD
[BIT5] - BT Intel HFP
[BIT6] - BT Intel A2DP
[BIT7] - DSP based speech pre-processing disabled (for Intel WoV mode)
[BIT8] - WoV Mode: Intel WoV / Windows Voice Activation for Cortana",""
*,670eeb73d338776d,80d,1,27679,Discrete BT HCI Audio Offload Support,Disabled,"Disabled,Enabled"," Enables/Disables Discrete Bluetooth HCI Audio Offload Support","sif 1018=0"
,670eeb73d338776d,5be,1,27730,Waves Post-process,0,"Bool=0,1,None","Enables/Disables 3rd Party Processing Module Support (identified by GUID).
WoV must be enabled as a feature first to select relevant WoV IP.",""
,670eeb73d338776d,5bf,1,27740,DTS,0,"Bool=0,1,None","Enables/Disables 3rd Party Processing Module Support (identified by GUID).
WoV must be enabled as a feature first to select relevant WoV IP.",""
,670eeb73d338776d,5c0,1,27750,IntelSST Speech,0,"Bool=0,1,None","Enables/Disables 3rd Party Processing Module Support (identified by GUID).
WoV must be enabled as a feature first to select relevant WoV IP.",""
,670eeb73d338776d,5c1,1,27760,Dolby,1,"Bool=0,1,None","Enables/Disables 3rd Party Processing Module Support (identified by GUID).
WoV must be enabled as a feature first to select relevant WoV IP.",""
,670eeb73d338776d,5c2,1,27770,Waves Pre-process,0,"Bool=0,1,None","Enables/Disables 3rd Party Processing Module Support (identified by GUID).
WoV must be enabled as a feature first to select relevant WoV IP.",""
,670eeb73d338776d,5c3,1,27780,Audyssey,0,"Bool=0,1,None","Enables/Disables 3rd Party Processing Module Support (identified by GUID).
WoV must be enabled as a feature first to select relevant WoV IP.",""
,670eeb73d338776d,5c4,1,27790,Maxim Smart AMP,0,"Bool=0,1,None","Enables/Disables 3rd Party Processing Module Support (identified by GUID).
WoV must be enabled as a feature first to select relevant WoV IP.",""
,670eeb73d338776d,5c5,1,277a0,ForteMedia SAMSoft,0,"Bool=0,1,None","Enables/Disables 3rd Party Processing Module Support (identified by GUID).
WoV must be enabled as a feature first to select relevant WoV IP.",""
,670eeb73d338776d,5c7,1,277b0,Sound Research IP,0,"Bool=0,1,None","Enables/Disables 3rd Party Processing Module Support (identified by GUID).
WoV must be enabled as a feature first to select relevant WoV IP.",""
,670eeb73d338776d,5c8,1,277c0,Conexant Pre-Process,0,"Bool=0,1,None","Enables/Disables 3rd Party Processing Module Support (identified by GUID).
WoV must be enabled as a feature first to select relevant WoV IP.",""
,670eeb73d338776d,5c9,1,277d0,Conexant Smart Amp,0,"Bool=0,1,None","Enables/Disables 3rd Party Processing Module Support (identified by GUID).
WoV must be enabled as a feature first to select relevant WoV IP.",""
,670eeb73d338776d,5ca,1,277e0,Realtek Post-Process,0,"Bool=0,1,None","Enables/Disables 3rd Party Processing Module Support (identified by GUID).
WoV must be enabled as a feature first to select relevant WoV IP.",""
,670eeb73d338776d,5cb,1,277f0,Realtek Smart Amp,0,"Bool=0,1,None","Enables/Disables 3rd Party Processing Module Support (identified by GUID).
WoV must be enabled as a feature first to select relevant WoV IP.",""
,670eeb73d338776d,5cc,1,27800,Icepower IP MFX sub module,0,"Bool=0,1,None","Enables/Disables 3rd Party Processing Module Support (identified by GUID).
WoV must be enabled as a feature first to select relevant WoV IP.",""
,670eeb73d338776d,5cd,1,27810,Icepower IP EFX sub module,0,"Bool=0,1,None","Enables/Disables 3rd Party Processing Module Support (identified by GUID).
WoV must be enabled as a feature first to select relevant WoV IP.",""
,670eeb73d338776d,5ce,1,27820,Icepower IP SFX sub module,0,"Bool=0,1,None","Enables/Disables 3rd Party Processing Module Support (identified by GUID).
WoV must be enabled as a feature first to select relevant WoV IP.",""
,670eeb73d338776d,5cf,1,27830,Voice Preprocessing,0,"Bool=0,1,None","Enables/Disables 3rd Party Processing Module Support (identified by GUID).
WoV must be enabled as a feature first to select relevant WoV IP.",""
,670eeb73d338776d,5d0,1,27840,Acoustic Context Awareness (ACA),0,"Bool=0,1,None","Enables/Disables 3rd Party Processing Module Support (identified by GUID).
WoV must be enabled as a feature first to select relevant WoV IP.",""
,670eeb73d338776d,5db,1,27850,Custom Module 'Alpha',0,"Bool=0,1,None","Enables/Disables 3rd Party Processing Module Support (identified by GUID).
WoV must be enabled as a feature first to select relevant WoV IP.",""
,670eeb73d338776d,5dc,1,2787c,Custom Module 'Beta',0,"Bool=0,1,None","Enables/Disables 3rd Party Processing Module Support (identified by GUID).
WoV must be enabled as a feature first to select relevant WoV IP.",""
,670eeb73d338776d,5dd,1,278a8,Custom Module 'Gamma',0,"Bool=0,1,None","Enables/Disables 3rd Party Processing Module Support (identified by GUID).
WoV must be enabled as a feature first to select relevant WoV IP.",""
Form 4157 (Security Configuration),,,,,,,,,
Security Configuration,,,,,,,,,
,670eeb73d338776d,1b,1,278ee,RTC Memory Lock,Enabled,"Disabled,Enabled","Enable will lock bytes 38h-3Fh in the lower/upper 128-byte bank of RTC RAM",""
,670eeb73d338776d,1c,1,2790f,BIOS Lock,Enabled,"Disabled,Enabled","Enable/Disable the PCH BIOS Lock Enable feature. Required to be enabled to ensure SMM protection of flash.",""
,670eeb73d338776d,1d,1,27930,Force unlock on all GPIO pads,Disabled,"Disabled,Enabled","If Enabled BIOS will force all GPIO pads to be in unlocked state",""
Form 122 (SerialIo Configuration),,,,,,,,,
SerialIo Configuration,,,,,,,,,
*,670eeb73d338776d,705,1,2797c,I2C0 Controller,Enabled,"Disabled,Enabled","Enables/Disables SerialIo Controller
If given device is Function 0 PSF disabling is skipped. PSF default will remain and device PCI CFG Space will still be visible. This is needed to allow PCI enumerator access functions above 0 in a multifunction device.
The following devices depend on each other:
I2C0 and I2C1,2,3
UART0 and UART1,SPI0,1
UART2 and I2C4,5

 UART 0 (00:30:00) cannot be disabled when:
1. Child device is enabled like CNVi Bluetooth (\_SB.PC00.UA00.BTH0)
 UART 0 (00:30:00) cannot be enabled when:
1. I2S Audio codec is enabled (\_SB.PC00.I2C0.HDAC)","gif d90=1 d91=1 | d92=1 |"
*,670eeb73d338776d,706,1,279a7,I2C1 Controller,Enabled,"Disabled,Enabled","Enables/Disables SerialIo Controller
If given device is Function 0 PSF disabling is skipped. PSF default will remain and device PCI CFG Space will still be visible. This is needed to allow PCI enumerator access functions above 0 in a multifunction device.
The following devices depend on each other:
I2C0 and I2C1,2,3
UART0 and UART1,SPI0,1
UART2 and I2C4,5

 UART 0 (00:30:00) cannot be disabled when:
1. Child device is enabled like CNVi Bluetooth (\_SB.PC00.UA00.BTH0)
 UART 0 (00:30:00) cannot be enabled when:
1. I2S Audio codec is enabled (\_SB.PC00.I2C0.HDAC)","gif d8f=0"
*,670eeb73d338776d,707,1,279d2,I2C2 Controller,Enabled,"Disabled,Enabled","Enables/Disables SerialIo Controller
If given device is Function 0 PSF disabling is skipped. PSF default will remain and device PCI CFG Space will still be visible. This is needed to allow PCI enumerator access functions above 0 in a multifunction device.
The following devices depend on each other:
I2C0 and I2C1,2,3
UART0 and UART1,SPI0,1
UART2 and I2C4,5

 UART 0 (00:30:00) cannot be disabled when:
1. Child device is enabled like CNVi Bluetooth (\_SB.PC00.UA00.BTH0)
 UART 0 (00:30:00) cannot be enabled when:
1. I2S Audio codec is enabled (\_SB.PC00.I2C0.HDAC)","gif d8f=0"
*,670eeb73d338776d,708,1,27a03,I2C3 Controller,Enabled,"Disabled,Enabled","Enables/Disables SerialIo Controller
If given device is Function 0 PSF disabling is skipped. PSF default will remain and device PCI CFG Space will still be visible. This is needed to allow PCI enumerator access functions above 0 in a multifunction device.
The following devices depend on each other:
I2C0 and I2C1,2,3
UART0 and UART1,SPI0,1
UART2 and I2C4,5

 UART 0 (00:30:00) cannot be disabled when:
1. Child device is enabled like CNVi Bluetooth (\_SB.PC00.UA00.BTH0)
 UART 0 (00:30:00) cannot be enabled when:
1. I2S Audio codec is enabled (\_SB.PC00.I2C0.HDAC)","gif d8f=0"
,670eeb73d338776d,709,1,27a26,I2C4 Controller,Enabled,"Disabled,Enabled","Enables/Disables SerialIo Controller
For I2C5 and UART2 to work this device has to be enabled",""
,670eeb73d338776d,70a,1,27a47,I2C5 Controller,Disabled,"Disabled,Enabled","Enables/Disables SerialIo Controller
For this device to work I2C4 has to be enabled",""
,670eeb73d338776d,70b,1,27a68,I2C6 Controller,Disabled,"Disabled,Enabled","Enables/Disables SerialIo Controller
If given device is Function 0 PSF disabling is skipped. PSF default will remain and device PCI CFG Space will still be visible. This is needed to allow PCI enumerator access functions above 0 in a multifunction device.
The following devices depend on each other:
I2C0 and I2C1,2,3
UART0 and UART1,SPI0,1
UART2 and I2C4,5

 UART 0 (00:30:00) cannot be disabled when:
1. Child device is enabled like CNVi Bluetooth (\_SB.PC00.UA00.BTH0)
 UART 0 (00:30:00) cannot be enabled when:
1. I2S Audio codec is enabled (\_SB.PC00.I2C0.HDAC)",""
,670eeb73d338776d,70c,1,27a97,I2C7 Controller,Disabled,"Disabled,Enabled","Enables/Disables SerialIo Controller
If given device is Function 0 PSF disabling is skipped. PSF default will remain and device PCI CFG Space will still be visible. This is needed to allow PCI enumerator access functions above 0 in a multifunction device.
The following devices depend on each other:
I2C0 and I2C1,2,3
UART0 and UART1,SPI0,1
UART2 and I2C4,5

 UART 0 (00:30:00) cannot be disabled when:
1. Child device is enabled like CNVi Bluetooth (\_SB.PC00.UA00.BTH0)
 UART 0 (00:30:00) cannot be enabled when:
1. I2S Audio codec is enabled (\_SB.PC00.I2C0.HDAC)",""
,670eeb73d338776d,6e0,1,27ac6,SPI0 Controller,Disabled,"Disabled,Enabled","Enables/Disables SerialIo Controller
If given device is Function 0 PSF disabling is skipped. PSF default will remain and device PCI CFG Space will still be visible. This is needed to allow PCI enumerator access functions above 0 in a multifunction device.
The following devices depend on each other:
I2C0 and I2C1,2,3
UART0 and UART1,SPI0,1
UART2 and I2C4,5

 UART 0 (00:30:00) cannot be disabled when:
1. Child device is enabled like CNVi Bluetooth (\_SB.PC00.UA00.BTH0)
 UART 0 (00:30:00) cannot be enabled when:
1. I2S Audio codec is enabled (\_SB.PC00.I2C0.HDAC)",""
,670eeb73d338776d,6e1,1,27ae7,SPI1 Controller,Enabled,"Disabled,Enabled","Enables/Disables SerialIo Controller
If given device is Function 0 PSF disabling is skipped. PSF default will remain and device PCI CFG Space will still be visible. This is needed to allow PCI enumerator access functions above 0 in a multifunction device.
The following devices depend on each other:
I2C0 and I2C1,2,3
UART0 and UART1,SPI0,1
UART2 and I2C4,5

 UART 0 (00:30:00) cannot be disabled when:
1. Child device is enabled like CNVi Bluetooth (\_SB.PC00.UA00.BTH0)
 UART 0 (00:30:00) cannot be enabled when:
1. I2S Audio codec is enabled (\_SB.PC00.I2C0.HDAC)",""
,670eeb73d338776d,6e2,1,27b0e,SPI2 Controller,Disabled,"Disabled,Enabled","Enables/Disables SerialIo SPI2 Controller
The following device depends from:
Thermal Subsystem in PCI mode
Otherwise SPI2 will not appear in the OS",""
,670eeb73d338776d,6e3,1,27b2f,SPI3 Controller,Disabled,"Disabled,Enabled","Enables/Disables SerialIo Controller
If given device is Function 0 PSF disabling is skipped. PSF default will remain and device PCI CFG Space will still be visible. This is needed to allow PCI enumerator access functions above 0 in a multifunction device.
The following devices depend on each other:
I2C0 and I2C1,2,3
UART0 and UART1,SPI0,1
UART2 and I2C4,5

 UART 0 (00:30:00) cannot be disabled when:
1. Child device is enabled like CNVi Bluetooth (\_SB.PC00.UA00.BTH0)
 UART 0 (00:30:00) cannot be enabled when:
1. I2S Audio codec is enabled (\_SB.PC00.I2C0.HDAC)",""
*,670eeb73d338776d,6e4,1,27b5c,SPI4 Controller,Disabled,"Disabled,Enabled","Enables/Disables SerialIo Controller
If given device is Function 0 PSF disabling is skipped. PSF default will remain and device PCI CFG Space will still be visible. This is needed to allow PCI enumerator access functions above 0 in a multifunction device.
The following devices depend on each other:
I2C0 and I2C1,2,3
UART0 and UART1,SPI0,1
UART2 and I2C4,5

 UART 0 (00:30:00) cannot be disabled when:
1. Child device is enabled like CNVi Bluetooth (\_SB.PC00.UA00.BTH0)
 UART 0 (00:30:00) cannot be enabled when:
1. I2S Audio codec is enabled (\_SB.PC00.I2C0.HDAC)","sif 1017=2 !"
*,670eeb73d338776d,6e5,1,27b8b,SPI5 Controller,Disabled,"Disabled,Enabled","Enables/Disables SerialIo Controller
If given device is Function 0 PSF disabling is skipped. PSF default will remain and device PCI CFG Space will still be visible. This is needed to allow PCI enumerator access functions above 0 in a multifunction device.
The following devices depend on each other:
I2C0 and I2C1,2,3
UART0 and UART1,SPI0,1
UART2 and I2C4,5

 UART 0 (00:30:00) cannot be disabled when:
1. Child device is enabled like CNVi Bluetooth (\_SB.PC00.UA00.BTH0)
 UART 0 (00:30:00) cannot be enabled when:
1. I2S Audio codec is enabled (\_SB.PC00.I2C0.HDAC)","sif 1017=2 !"
*,670eeb73d338776d,6e6,1,27bba,SPI6 Controller,Disabled,"Disabled,Enabled","Enables/Disables SerialIo Controller
If given device is Function 0 PSF disabling is skipped. PSF default will remain and device PCI CFG Space will still be visible. This is needed to allow PCI enumerator access functions above 0 in a multifunction device.
The following devices depend on each other:
I2C0 and I2C1,2,3
UART0 and UART1,SPI0,1
UART2 and I2C4,5

 UART 0 (00:30:00) cannot be disabled when:
1. Child device is enabled like CNVi Bluetooth (\_SB.PC00.UA00.BTH0)
 UART 0 (00:30:00) cannot be enabled when:
1. I2S Audio codec is enabled (\_SB.PC00.I2C0.HDAC)","sif 1017=2 !"
*,670eeb73d338776d,6e9,1,27be5,UART0 Controller,Disabled,"Disabled,Enabled,Communication port (COM)","Set UART0 mode
 - DBG used for BIOS log print and/or Kernel OS Debug 
 - COM - 16550 compatible serial port with Power Gating support","sif 2a=1"
,670eeb73d338776d,6ea,1,27c0f,UART1 Controller,Disabled,"Disabled,Enabled,Communication port (COM)","Enables/Disables SerialIo Controller
If given device is Function 0 PSF disabling is skipped. PSF default will remain and device PCI CFG Space will still be visible. This is needed to allow PCI enumerator access functions above 0 in a multifunction device.
The following devices depend on each other:
I2C0 and I2C1,2,3
UART0 and UART1,SPI0,1
UART2 and I2C4,5

 UART 0 (00:30:00) cannot be disabled when:
1. Child device is enabled like CNVi Bluetooth (\_SB.PC00.UA00.BTH0)
 UART 0 (00:30:00) cannot be enabled when:
1. I2S Audio codec is enabled (\_SB.PC00.I2C0.HDAC)",""
*,670eeb73d338776d,6eb,1,27c3f,UART2 Controller,Disabled,"Disabled,Enabled,Communication port (COM)","Enables/Disables SerialIo Controller
If given device is Function 0 PSF disabling is skipped. PSF default will remain and device PCI CFG Space will still be visible. This is needed to allow PCI enumerator access functions above 0 in a multifunction device.
The following devices depend on each other:
I2C0 and I2C1,2,3
UART0 and UART1,SPI0,1
UART2 and I2C4,5

 UART 0 (00:30:00) cannot be disabled when:
1. Child device is enabled like CNVi Bluetooth (\_SB.PC00.UA00.BTH0)
 UART 0 (00:30:00) cannot be enabled when:
1. I2S Audio codec is enabled (\_SB.PC00.I2C0.HDAC)","gif 187=1"
,670eeb73d338776d,6ec,1,27c69,UART3 Controller,Disabled,"Disabled,Enabled,Communication port (COM)","Enables/Disables SerialIo Controller
If given device is Function 0 PSF disabling is skipped. PSF default will remain and device PCI CFG Space will still be visible. This is needed to allow PCI enumerator access functions above 0 in a multifunction device.
The following devices depend on each other:
I2C0 and I2C1,2,3
UART0 and UART1,SPI0,1
UART2 and I2C4,5

 UART 0 (00:30:00) cannot be disabled when:
1. Child device is enabled like CNVi Bluetooth (\_SB.PC00.UA00.BTH0)
 UART 0 (00:30:00) cannot be enabled when:
1. I2S Audio codec is enabled (\_SB.PC00.I2C0.HDAC)",""
,670eeb73d338776d,6ed,1,27c91,UART4 Controller,Disabled,"Disabled,Enabled,Communication port (COM)","Enables/Disables SerialIo Controller
If given device is Function 0 PSF disabling is skipped. PSF default will remain and device PCI CFG Space will still be visible. This is needed to allow PCI enumerator access functions above 0 in a multifunction device.
The following devices depend on each other:
I2C0 and I2C1,2,3
UART0 and UART1,SPI0,1
UART2 and I2C4,5

 UART 0 (00:30:00) cannot be disabled when:
1. Child device is enabled like CNVi Bluetooth (\_SB.PC00.UA00.BTH0)
 UART 0 (00:30:00) cannot be enabled when:
1. I2S Audio codec is enabled (\_SB.PC00.I2C0.HDAC)",""
,670eeb73d338776d,6ee,1,27cb9,UART5 Controller,Disabled,"Disabled,Enabled,Communication port (COM)","Enables/Disables SerialIo Controller
If given device is Function 0 PSF disabling is skipped. PSF default will remain and device PCI CFG Space will still be visible. This is needed to allow PCI enumerator access functions above 0 in a multifunction device.
The following devices depend on each other:
I2C0 and I2C1,2,3
UART0 and UART1,SPI0,1
UART2 and I2C4,5

 UART 0 (00:30:00) cannot be disabled when:
1. Child device is enabled like CNVi Bluetooth (\_SB.PC00.UA00.BTH0)
 UART 0 (00:30:00) cannot be enabled when:
1. I2S Audio codec is enabled (\_SB.PC00.I2C0.HDAC)",""
,670eeb73d338776d,6ef,1,27ce1,UART6 Controller,Disabled,"Disabled,Enabled,Communication port (COM)","Enables/Disables SerialIo Controller
If given device is Function 0 PSF disabling is skipped. PSF default will remain and device PCI CFG Space will still be visible. This is needed to allow PCI enumerator access functions above 0 in a multifunction device.
The following devices depend on each other:
I2C0 and I2C1,2,3
UART0 and UART1,SPI0,1
UART2 and I2C4,5

 UART 0 (00:30:00) cannot be disabled when:
1. Child device is enabled like CNVi Bluetooth (\_SB.PC00.UA00.BTH0)
 UART 0 (00:30:00) cannot be enabled when:
1. I2S Audio codec is enabled (\_SB.PC00.I2C0.HDAC)",""
,670eeb73d338776d,70f,1,27d1f,GPIO IRQ Route,IRQ14,"IRQ14,IRQ15","Route all GPIOs to one of the IRQ.",""
>Serial IO I2C0 Settings,,,,,,,,,
>Serial IO I2C1 Settings,,,,,,,,,
>Serial IO I2C2 Settings,,,,,,,,,
>Serial IO I2C3 Settings,,,,,,,,,
>Serial IO I2C4 Settings,,,,,,,,,
>Serial IO I2C5 Settings,,,,,,,,,
>Serial IO I2C6 Settings,,,,,,,,,
>Serial IO I2C7 Settings,,,,,,,,,
>Serial IO SPI0 Settings,,,,,,,,,
>Serial IO SPI1 Settings,,,,,,,,,
>Serial IO SPI2 Settings,,,,,,,,,
>Serial IO UART0 Settings,,,,,,,,,
>Serial IO UART1 Settings,,,,,,,,,
>Serial IO UART2 Settings,,,,,,,,,
,2a9481a84954a43e,5cf,1,27ece,WITT/MITT Test Device,Disabled,"Disabled,Enabled - I2C0,Enabled - I2C1,Enabled - I2C2,Enabled - I2C3,Enabled - I2C4,Enabled - I2C5,Enabled - SPI0,Enabled - SPI1,Enabled - SPI2","Choose if WITT Device is used and with which controller",""
*,2a9481a84954a43e,5d0,1,27f2f,WITT/MITT Device selection,MITT,"WITT,MITT","Change WITT Device version","sif db4=0"
,2a9481a84954a43e,5d1,1,27f52,UART Test Device,Disabled,"Disabled,Enabled - UART0,Enabled - UART1,Enabled - UART2","Choose if UART Test Device is used and with which controller",""
,670eeb73d338776d,713,1,27f81,Additional Serial IO devices,0,"Bool=0,1,None","When enabled, ACPI will report additional devices connected to Serial IO.",""
,2a9481a84954a43e,5d4,1,27f91,SerialIO timing parameters,0,"Bool=0,1,None","Enables additional timing parameters for all SeraialIO controllers.
Defaults can be changed in each controller setting.
Platform restart required to apply changes",""
Form 128 (Serial IO I2C0 Settings),,,,,,,,,
Serial IO I2C0 Settings,,,,,,,,,
>Serial IO Touch Pad Settings,,,,,,,,,
>Serial IO Touch Panel Settings,,,,,,,,,
Timing parameters,,,,,,,,,
*,2a9481a84954a43e,5d5,2,2803e,StandardSpeed SCL High,612,"Step=0,Min=0,Max=65535","Default:
612 [DEC]

Minimum:
1 [DEC]

Maximum:
65535 [DEC]","sif db8=0"
*,2a9481a84954a43e,5d7,2,2805b,StandardSpeed SCL Low,706,"Step=0,Min=0,Max=65535","Default:
706 [DEC]

Minimum:
1 [DEC]

Maximum:
65535 [DEC]","sif db8=0"
*,2a9481a84954a43e,5d9,2,28078,StandardSpeed SDA Hold,30,"Step=0,Min=0,Max=65535","Default:
30 [DEC]

Minimum:
1 [DEC]

Maximum:
65535 [DEC]","sif db8=0"
*,2a9481a84954a43e,5db,2,28095,FastSpeed SCL High,110,"Step=0,Min=0,Max=65535","Default:
110 [DEC]

Minimum:
1 [DEC]

Maximum:
65535 [DEC]","sif db8=0"
*,2a9481a84954a43e,5dd,2,280b2,FastSpeed SCL Low,207,"Step=0,Min=0,Max=65535","Default:
207 [DEC]

Minimum:
1 [DEC]

Maximum:
65535 [DEC]","sif db8=0"
*,2a9481a84954a43e,5df,2,280cf,FastSpeed SDA Hold,30,"Step=0,Min=0,Max=65535","Default:
30 [DEC]

Minimum:
1 [DEC]

Maximum:
65535 [DEC]","sif db8=0"
*,2a9481a84954a43e,5e1,2,280ec,FastSpeedPlus SCL High,43,"Step=0,Min=0,Max=65535","Default:
43 [DEC]

Minimum:
1 [DEC]

Maximum:
65535 [DEC]","sif db8=0"
*,2a9481a84954a43e,5e3,2,28109,FastSpeedPlus SCL Low,76,"Step=0,Min=0,Max=65535","Default:
76 [DEC]

Minimum:
1 [DEC]

Maximum:
65535 [DEC]","sif db8=0"
*,2a9481a84954a43e,5e5,2,28126,FastSpeedPlus SDA Hold,30,"Step=0,Min=0,Max=65535","Default:
30 [DEC]

Minimum:
1 [DEC]

Maximum:
65535 [DEC]","sif db8=0"
*,2a9481a84954a43e,5e7,2,28143,HighSpeed SCL High,11,"Step=0,Min=0,Max=65535","Default:
11 [DEC]

Minimum:
1 [DEC]

Maximum:
65535 [DEC]","sif db8=0"
*,2a9481a84954a43e,5e9,2,28160,HighSpeed SCL Low,22,"Step=0,Min=0,Max=65535","Default:
22 [DEC]

Minimum:
1 [DEC]

Maximum:
65535 [DEC]","sif db8=0"
*,2a9481a84954a43e,5eb,2,2817d,HighSpeed SDA Hold,5,"Step=0,Min=0,Max=65535","Default:
8 [DEC]

Minimum:
1 [DEC]

Maximum:
65535 [DEC]","sif db8=0"
*,2a9481a84954a43e,665,2,2819a,D0->D3 idle timeout (screen off),200,"Step=0,Min=1,Max=10000","Default:
200 [DEC]

Minimum:
1 [DEC]

Maximum:
10000 [DEC]","sif db8=0"
*,2a9481a84954a43e,667,2,281b7,D0->D3 idle timeout (screen on),2000,"Step=0,Min=1,Max=10000","Default:
2000 [DEC]

Minimum:
1 [DEC]

Maximum:
10000 [DEC]","sif db8=0"
Timing parameters disabled,,,,,,,,,
Form 129 (Serial IO I2C1 Settings),,,,,,,,,
Serial IO I2C1 Settings,,,,,,,,,
>Serial IO Touch Pad Settings,,,,,,,,,
>Serial IO Touch Panel Settings,,,,,,,,,
Timing parameters,,,,,,,,,
*,2a9481a84954a43e,5ed,2,28286,StandardSpeed SCL High,612,"Step=0,Min=0,Max=65535","Default:
612 [DEC]

Minimum:
1 [DEC]

Maximum:
65535 [DEC]","sif db8=0"
*,2a9481a84954a43e,5ef,2,282a3,StandardSpeed SCL Low,706,"Step=0,Min=0,Max=65535","Default:
706 [DEC]

Minimum:
1 [DEC]

Maximum:
65535 [DEC]","sif db8=0"
*,2a9481a84954a43e,5f1,2,282c0,StandardSpeed SDA Hold,30,"Step=0,Min=0,Max=65535","Default:
30 [DEC]

Minimum:
1 [DEC]

Maximum:
65535 [DEC]","sif db8=0"
*,2a9481a84954a43e,5f3,2,282dd,FastSpeed SCL High,110,"Step=0,Min=0,Max=65535","Default:
110 [DEC]

Minimum:
1 [DEC]

Maximum:
65535 [DEC]","sif db8=0"
*,2a9481a84954a43e,5f5,2,282fa,FastSpeed SCL Low,207,"Step=0,Min=0,Max=65535","Default:
207 [DEC]

Minimum:
1 [DEC]

Maximum:
65535 [DEC]","sif db8=0"
*,2a9481a84954a43e,5f7,2,28317,FastSpeed SDA Hold,30,"Step=0,Min=0,Max=65535","Default:
30 [DEC]

Minimum:
1 [DEC]

Maximum:
65535 [DEC]","sif db8=0"
*,2a9481a84954a43e,5f9,2,28334,FastSpeedPlus SCL High,43,"Step=0,Min=0,Max=65535","Default:
43 [DEC]

Minimum:
1 [DEC]

Maximum:
65535 [DEC]","sif db8=0"
*,2a9481a84954a43e,5fb,2,28351,FastSpeedPlus SCL Low,76,"Step=0,Min=0,Max=65535","Default:
76 [DEC]

Minimum:
1 [DEC]

Maximum:
65535 [DEC]","sif db8=0"
*,2a9481a84954a43e,5fd,2,2836e,FastSpeedPlus SDA Hold,30,"Step=0,Min=0,Max=65535","Default:
30 [DEC]

Minimum:
1 [DEC]

Maximum:
65535 [DEC]","sif db8=0"
*,2a9481a84954a43e,5ff,2,2838b,HighSpeed SCL High,11,"Step=0,Min=0,Max=65535","Default:
11 [DEC]

Minimum:
1 [DEC]

Maximum:
65535 [DEC]","sif db8=0"
*,2a9481a84954a43e,601,2,283a8,HighSpeed SCL Low,22,"Step=0,Min=0,Max=65535","Default:
22 [DEC]

Minimum:
1 [DEC]

Maximum:
65535 [DEC]","sif db8=0"
*,2a9481a84954a43e,603,2,283c5,HighSpeed SDA Hold,5,"Step=0,Min=0,Max=65535","Default:
8 [DEC]

Minimum:
1 [DEC]

Maximum:
65535 [DEC]","sif db8=0"
*,2a9481a84954a43e,669,2,283e2,D0->D3 idle timeout (screen off),200,"Step=0,Min=1,Max=10000","Default:
200 [DEC]

Minimum:
1 [DEC]

Maximum:
10000 [DEC]","sif db8=0"
*,2a9481a84954a43e,66b,2,283ff,D0->D3 idle timeout (screen on),2000,"Step=0,Min=1,Max=10000","Default:
2000 [DEC]

Minimum:
1 [DEC]

Maximum:
10000 [DEC]","sif db8=0"
Timing parameters disabled,,,,,,,,,
Form 135 (Serial IO I2C2 Settings),,,,,,,,,
Serial IO I2C2 Settings,,,,,,,,,
>Serial IO Touch Pad Settings,,,,,,,,,
>Serial IO Touch Panel Settings,,,,,,,,,
Timing parameters,,,,,,,,,
*,2a9481a84954a43e,605,2,284ce,StandardSpeed SCL High,612,"Step=0,Min=0,Max=65535","Default:
612 [DEC]

Minimum:
1 [DEC]

Maximum:
65535 [DEC]","sif db8=0"
*,2a9481a84954a43e,607,2,284eb,StandardSpeed SCL Low,706,"Step=0,Min=0,Max=65535","Default:
706 [DEC]

Minimum:
1 [DEC]

Maximum:
65535 [DEC]","sif db8=0"
*,2a9481a84954a43e,609,2,28508,StandardSpeed SDA Hold,30,"Step=0,Min=0,Max=65535","Default:
30 [DEC]

Minimum:
1 [DEC]

Maximum:
65535 [DEC]","sif db8=0"
*,2a9481a84954a43e,60b,2,28525,FastSpeed SCL High,110,"Step=0,Min=0,Max=65535","Default:
110 [DEC]

Minimum:
1 [DEC]

Maximum:
65535 [DEC]","sif db8=0"
*,2a9481a84954a43e,60d,2,28542,FastSpeed SCL Low,207,"Step=0,Min=0,Max=65535","Default:
207 [DEC]

Minimum:
1 [DEC]

Maximum:
65535 [DEC]","sif db8=0"
*,2a9481a84954a43e,60f,2,2855f,FastSpeed SDA Hold,30,"Step=0,Min=0,Max=65535","Default:
30 [DEC]

Minimum:
1 [DEC]

Maximum:
65535 [DEC]","sif db8=0"
*,2a9481a84954a43e,611,2,2857c,FastSpeedPlus SCL High,43,"Step=0,Min=0,Max=65535","Default:
43 [DEC]

Minimum:
1 [DEC]

Maximum:
65535 [DEC]","sif db8=0"
*,2a9481a84954a43e,613,2,28599,FastSpeedPlus SCL Low,76,"Step=0,Min=0,Max=65535","Default:
76 [DEC]

Minimum:
1 [DEC]

Maximum:
65535 [DEC]","sif db8=0"
*,2a9481a84954a43e,615,2,285b6,FastSpeedPlus SDA Hold,30,"Step=0,Min=0,Max=65535","Default:
30 [DEC]

Minimum:
1 [DEC]

Maximum:
65535 [DEC]","sif db8=0"
*,2a9481a84954a43e,617,2,285d3,HighSpeed SCL High,11,"Step=0,Min=0,Max=65535","Default:
11 [DEC]

Minimum:
1 [DEC]

Maximum:
65535 [DEC]","sif db8=0"
*,2a9481a84954a43e,619,2,285f0,HighSpeed SCL Low,22,"Step=0,Min=0,Max=65535","Default:
22 [DEC]

Minimum:
1 [DEC]

Maximum:
65535 [DEC]","sif db8=0"
*,2a9481a84954a43e,61b,2,2860d,HighSpeed SDA Hold,5,"Step=0,Min=0,Max=65535","Default:
8 [DEC]

Minimum:
1 [DEC]

Maximum:
65535 [DEC]","sif db8=0"
*,2a9481a84954a43e,66d,2,2862a,D0->D3 idle timeout (screen off),200,"Step=0,Min=1,Max=10000","Default:
200 [DEC]

Minimum:
1 [DEC]

Maximum:
10000 [DEC]","sif db8=0"
*,2a9481a84954a43e,66f,2,28647,D0->D3 idle timeout (screen on),2000,"Step=0,Min=1,Max=10000","Default:
2000 [DEC]

Minimum:
1 [DEC]

Maximum:
10000 [DEC]","sif db8=0"
Timing parameters disabled,,,,,,,,,
Form 136 (Serial IO I2C3 Settings),,,,,,,,,
Serial IO I2C3 Settings,,,,,,,,,
>Serial IO Touch Pad Settings,,,,,,,,,
>Serial IO Touch Panel Settings,,,,,,,,,
Timing parameters,,,,,,,,,
*,2a9481a84954a43e,61d,2,28716,StandardSpeed SCL High,612,"Step=0,Min=0,Max=65535","Default:
612 [DEC]

Minimum:
1 [DEC]

Maximum:
65535 [DEC]","sif db8=0"
*,2a9481a84954a43e,61f,2,28733,StandardSpeed SCL Low,706,"Step=0,Min=0,Max=65535","Default:
706 [DEC]

Minimum:
1 [DEC]

Maximum:
65535 [DEC]","sif db8=0"
*,2a9481a84954a43e,621,2,28750,StandardSpeed SDA Hold,30,"Step=0,Min=0,Max=65535","Default:
30 [DEC]

Minimum:
1 [DEC]

Maximum:
65535 [DEC]","sif db8=0"
*,2a9481a84954a43e,623,2,2876d,FastSpeed SCL High,110,"Step=0,Min=0,Max=65535","Default:
110 [DEC]

Minimum:
1 [DEC]

Maximum:
65535 [DEC]","sif db8=0"
*,2a9481a84954a43e,625,2,2878a,FastSpeed SCL Low,207,"Step=0,Min=0,Max=65535","Default:
207 [DEC]

Minimum:
1 [DEC]

Maximum:
65535 [DEC]","sif db8=0"
*,2a9481a84954a43e,627,2,287a7,FastSpeed SDA Hold,30,"Step=0,Min=0,Max=65535","Default:
30 [DEC]

Minimum:
1 [DEC]

Maximum:
65535 [DEC]","sif db8=0"
*,2a9481a84954a43e,629,2,287c4,FastSpeedPlus SCL High,43,"Step=0,Min=0,Max=65535","Default:
43 [DEC]

Minimum:
1 [DEC]

Maximum:
65535 [DEC]","sif db8=0"
*,2a9481a84954a43e,62b,2,287e1,FastSpeedPlus SCL Low,76,"Step=0,Min=0,Max=65535","Default:
76 [DEC]

Minimum:
1 [DEC]

Maximum:
65535 [DEC]","sif db8=0"
*,2a9481a84954a43e,62d,2,287fe,FastSpeedPlus SDA Hold,30,"Step=0,Min=0,Max=65535","Default:
30 [DEC]

Minimum:
1 [DEC]

Maximum:
65535 [DEC]","sif db8=0"
*,2a9481a84954a43e,62f,2,2881b,HighSpeed SCL High,11,"Step=0,Min=0,Max=65535","Default:
11 [DEC]

Minimum:
1 [DEC]

Maximum:
65535 [DEC]","sif db8=0"
*,2a9481a84954a43e,631,2,28838,HighSpeed SCL Low,22,"Step=0,Min=0,Max=65535","Default:
22 [DEC]

Minimum:
1 [DEC]

Maximum:
65535 [DEC]","sif db8=0"
*,2a9481a84954a43e,633,2,28855,HighSpeed SDA Hold,5,"Step=0,Min=0,Max=65535","Default:
8 [DEC]

Minimum:
1 [DEC]

Maximum:
65535 [DEC]","sif db8=0"
*,2a9481a84954a43e,671,2,28872,D0->D3 idle timeout (screen off),200,"Step=0,Min=1,Max=10000","Default:
200 [DEC]

Minimum:
1 [DEC]

Maximum:
10000 [DEC]","sif db8=0"
*,2a9481a84954a43e,673,2,2888f,D0->D3 idle timeout (screen on),2000,"Step=0,Min=1,Max=10000","Default:
2000 [DEC]

Minimum:
1 [DEC]

Maximum:
10000 [DEC]","sif db8=0"
Timing parameters disabled,,,,,,,,,
Form 137 (Serial IO I2C4 Settings),,,,,,,,,
Serial IO I2C4 Settings,,,,,,,,,
Timing parameters,,,,,,,,,
*,2a9481a84954a43e,635,2,288e3,StandardSpeed SCL High,612,"Step=0,Min=0,Max=65535","Default:
612 [DEC]

Minimum:
1 [DEC]

Maximum:
65535 [DEC]","sif db8=0"
*,2a9481a84954a43e,637,2,28900,StandardSpeed SCL Low,706,"Step=0,Min=0,Max=65535","Default:
706 [DEC]

Minimum:
1 [DEC]

Maximum:
65535 [DEC]","sif db8=0"
*,2a9481a84954a43e,639,2,2891d,StandardSpeed SDA Hold,30,"Step=0,Min=0,Max=65535","Default:
30 [DEC]

Minimum:
1 [DEC]

Maximum:
65535 [DEC]","sif db8=0"
*,2a9481a84954a43e,63b,2,2893a,FastSpeed SCL High,110,"Step=0,Min=0,Max=65535","Default:
110 [DEC]

Minimum:
1 [DEC]

Maximum:
65535 [DEC]","sif db8=0"
*,2a9481a84954a43e,63d,2,28957,FastSpeed SCL Low,207,"Step=0,Min=0,Max=65535","Default:
207 [DEC]

Minimum:
1 [DEC]

Maximum:
65535 [DEC]","sif db8=0"
*,2a9481a84954a43e,63f,2,28974,FastSpeed SDA Hold,30,"Step=0,Min=0,Max=65535","Default:
30 [DEC]

Minimum:
1 [DEC]

Maximum:
65535 [DEC]","sif db8=0"
*,2a9481a84954a43e,641,2,28991,FastSpeedPlus SCL High,43,"Step=0,Min=0,Max=65535","Default:
43 [DEC]

Minimum:
1 [DEC]

Maximum:
65535 [DEC]","sif db8=0"
*,2a9481a84954a43e,643,2,289ae,FastSpeedPlus SCL Low,76,"Step=0,Min=0,Max=65535","Default:
76 [DEC]

Minimum:
1 [DEC]

Maximum:
65535 [DEC]","sif db8=0"
*,2a9481a84954a43e,645,2,289cb,FastSpeedPlus SDA Hold,30,"Step=0,Min=0,Max=65535","Default:
30 [DEC]

Minimum:
1 [DEC]

Maximum:
65535 [DEC]","sif db8=0"
*,2a9481a84954a43e,647,2,289e8,HighSpeed SCL High,11,"Step=0,Min=0,Max=65535","Default:
11 [DEC]

Minimum:
1 [DEC]

Maximum:
65535 [DEC]","sif db8=0"
*,2a9481a84954a43e,649,2,28a05,HighSpeed SCL Low,22,"Step=0,Min=0,Max=65535","Default:
22 [DEC]

Minimum:
1 [DEC]

Maximum:
65535 [DEC]","sif db8=0"
*,2a9481a84954a43e,64b,2,28a22,HighSpeed SDA Hold,5,"Step=0,Min=0,Max=65535","Default:
8 [DEC]

Minimum:
1 [DEC]

Maximum:
65535 [DEC]","sif db8=0"
*,2a9481a84954a43e,675,2,28a3f,D0->D3 idle timeout (screen off),200,"Step=0,Min=1,Max=10000","Default:
200 [DEC]

Minimum:
1 [DEC]

Maximum:
10000 [DEC]","sif db8=0"
*,2a9481a84954a43e,677,2,28a5c,D0->D3 idle timeout (screen on),2000,"Step=0,Min=1,Max=10000","Default:
2000 [DEC]

Minimum:
1 [DEC]

Maximum:
10000 [DEC]","sif db8=0"
Timing parameters disabled,,,,,,,,,
Form 138 (Serial IO I2C5 Settings),,,,,,,,,
Serial IO I2C5 Settings,,,,,,,,,
Timing parameters,,,,,,,,,
*,2a9481a84954a43e,64d,2,28ab0,StandardSpeed SCL High,706,"Step=0,Min=0,Max=65535","Default:
612 [DEC]

Minimum:
1 [DEC]

Maximum:
65535 [DEC]","sif db8=0"
*,2a9481a84954a43e,64f,2,28acd,StandardSpeed SCL Low,612,"Step=0,Min=0,Max=65535","Default:
706 [DEC]

Minimum:
1 [DEC]

Maximum:
65535 [DEC]","sif db8=0"
*,2a9481a84954a43e,651,2,28aea,StandardSpeed SDA Hold,30,"Step=0,Min=0,Max=65535","Default:
30 [DEC]

Minimum:
1 [DEC]

Maximum:
65535 [DEC]","sif db8=0"
*,2a9481a84954a43e,653,2,28b07,FastSpeed SCL High,110,"Step=0,Min=0,Max=65535","Default:
110 [DEC]

Minimum:
1 [DEC]

Maximum:
65535 [DEC]","sif db8=0"
*,2a9481a84954a43e,655,2,28b24,FastSpeed SCL Low,207,"Step=0,Min=0,Max=65535","Default:
207 [DEC]

Minimum:
1 [DEC]

Maximum:
65535 [DEC]","sif db8=0"
*,2a9481a84954a43e,657,2,28b41,FastSpeed SDA Hold,30,"Step=0,Min=0,Max=65535","Default:
30 [DEC]

Minimum:
1 [DEC]

Maximum:
65535 [DEC]","sif db8=0"
*,2a9481a84954a43e,659,2,28b5e,FastSpeedPlus SCL High,43,"Step=0,Min=0,Max=65535","Default:
43 [DEC]

Minimum:
1 [DEC]

Maximum:
65535 [DEC]","sif db8=0"
*,2a9481a84954a43e,65b,2,28b7b,FastSpeedPlus SCL Low,76,"Step=0,Min=0,Max=65535","Default:
76 [DEC]

Minimum:
1 [DEC]

Maximum:
65535 [DEC]","sif db8=0"
*,2a9481a84954a43e,65d,2,28b98,FastSpeedPlus SDA Hold,30,"Step=0,Min=0,Max=65535","Default:
30 [DEC]

Minimum:
1 [DEC]

Maximum:
65535 [DEC]","sif db8=0"
*,2a9481a84954a43e,65f,2,28bb5,HighSpeed SCL High,11,"Step=0,Min=0,Max=65535","Default:
11 [DEC]

Minimum:
1 [DEC]

Maximum:
65535 [DEC]","sif db8=0"
*,2a9481a84954a43e,661,2,28bd2,HighSpeed SCL Low,22,"Step=0,Min=0,Max=65535","Default:
22 [DEC]

Minimum:
1 [DEC]

Maximum:
65535 [DEC]","sif db8=0"
*,2a9481a84954a43e,663,2,28bef,HighSpeed SDA Hold,5,"Step=0,Min=0,Max=65535","Default:
8 [DEC]

Minimum:
1 [DEC]

Maximum:
65535 [DEC]","sif db8=0"
*,2a9481a84954a43e,679,2,28c0c,D0->D3 idle timeout (screen off),200,"Step=0,Min=1,Max=10000","Default:
200 [DEC]

Minimum:
1 [DEC]

Maximum:
10000 [DEC]","sif db8=0"
*,2a9481a84954a43e,67b,2,28c29,D0->D3 idle timeout (screen on),2000,"Step=0,Min=1,Max=10000","Default:
2000 [DEC]

Minimum:
1 [DEC]

Maximum:
10000 [DEC]","sif db8=0"
Timing parameters disabled,,,,,,,,,
Form 153 (Serial IO I2C6 Settings),,,,,,,,,
Serial IO I2C6 Settings,,,,,,,,,
Timing parameters,,,,,,,,,
*,2a9481a84954a43e,aee,2,28c7d,StandardSpeed SCL High,706,"Step=0,Min=0,Max=65535","Default:
612 [DEC]

Minimum:
1 [DEC]

Maximum:
65535 [DEC]","sif db8=0"
*,2a9481a84954a43e,af0,2,28c9a,StandardSpeed SCL Low,612,"Step=0,Min=0,Max=65535","Default:
706 [DEC]

Minimum:
1 [DEC]

Maximum:
65535 [DEC]","sif db8=0"
*,2a9481a84954a43e,af2,2,28cb7,StandardSpeed SDA Hold,30,"Step=0,Min=0,Max=65535","Default:
30 [DEC]

Minimum:
1 [DEC]

Maximum:
65535 [DEC]","sif db8=0"
*,2a9481a84954a43e,af4,2,28cd4,FastSpeed SCL High,110,"Step=0,Min=0,Max=65535","Default:
110 [DEC]

Minimum:
1 [DEC]

Maximum:
65535 [DEC]","sif db8=0"
*,2a9481a84954a43e,af6,2,28cf1,FastSpeed SCL Low,207,"Step=0,Min=0,Max=65535","Default:
207 [DEC]

Minimum:
1 [DEC]

Maximum:
65535 [DEC]","sif db8=0"
*,2a9481a84954a43e,af8,2,28d0e,FastSpeed SDA Hold,30,"Step=0,Min=0,Max=65535","Default:
30 [DEC]

Minimum:
1 [DEC]

Maximum:
65535 [DEC]","sif db8=0"
*,2a9481a84954a43e,afa,2,28d2b,FastSpeedPlus SCL High,43,"Step=0,Min=0,Max=65535","Default:
43 [DEC]

Minimum:
1 [DEC]

Maximum:
65535 [DEC]","sif db8=0"
*,2a9481a84954a43e,afc,2,28d48,FastSpeedPlus SCL Low,76,"Step=0,Min=0,Max=65535","Default:
76 [DEC]

Minimum:
1 [DEC]

Maximum:
65535 [DEC]","sif db8=0"
*,2a9481a84954a43e,afe,2,28d65,FastSpeedPlus SDA Hold,30,"Step=0,Min=0,Max=65535","Default:
30 [DEC]

Minimum:
1 [DEC]

Maximum:
65535 [DEC]","sif db8=0"
*,2a9481a84954a43e,b00,2,28d82,HighSpeed SCL High,11,"Step=0,Min=0,Max=65535","Default:
11 [DEC]

Minimum:
1 [DEC]

Maximum:
65535 [DEC]","sif db8=0"
*,2a9481a84954a43e,b02,2,28d9f,HighSpeed SCL Low,22,"Step=0,Min=0,Max=65535","Default:
22 [DEC]

Minimum:
1 [DEC]

Maximum:
65535 [DEC]","sif db8=0"
*,2a9481a84954a43e,b04,2,28dbc,HighSpeed SDA Hold,5,"Step=0,Min=0,Max=65535","Default:
8 [DEC]

Minimum:
1 [DEC]

Maximum:
65535 [DEC]","sif db8=0"
*,2a9481a84954a43e,b06,2,28dd9,D0->D3 idle timeout (screen off),200,"Step=0,Min=1,Max=10000","Default:
200 [DEC]

Minimum:
1 [DEC]

Maximum:
10000 [DEC]","sif db8=0"
*,2a9481a84954a43e,b08,2,28df6,D0->D3 idle timeout (screen on),2000,"Step=0,Min=1,Max=10000","Default:
2000 [DEC]

Minimum:
1 [DEC]

Maximum:
10000 [DEC]","sif db8=0"
Timing parameters disabled,,,,,,,,,
Form 154 (Serial IO I2C7 Settings),,,,,,,,,
Serial IO I2C7 Settings,,,,,,,,,
Timing parameters,,,,,,,,,
*,2a9481a84954a43e,b0b,2,28e4a,StandardSpeed SCL High,706,"Step=0,Min=0,Max=65535","Default:
612 [DEC]

Minimum:
1 [DEC]

Maximum:
65535 [DEC]","sif db8=0"
*,2a9481a84954a43e,b0d,2,28e67,StandardSpeed SCL Low,612,"Step=0,Min=0,Max=65535","Default:
706 [DEC]

Minimum:
1 [DEC]

Maximum:
65535 [DEC]","sif db8=0"
*,2a9481a84954a43e,b0f,2,28e84,StandardSpeed SDA Hold,30,"Step=0,Min=0,Max=65535","Default:
30 [DEC]

Minimum:
1 [DEC]

Maximum:
65535 [DEC]","sif db8=0"
*,2a9481a84954a43e,b11,2,28ea1,FastSpeed SCL High,110,"Step=0,Min=0,Max=65535","Default:
110 [DEC]

Minimum:
1 [DEC]

Maximum:
65535 [DEC]","sif db8=0"
*,2a9481a84954a43e,b13,2,28ebe,FastSpeed SCL Low,207,"Step=0,Min=0,Max=65535","Default:
207 [DEC]

Minimum:
1 [DEC]

Maximum:
65535 [DEC]","sif db8=0"
*,2a9481a84954a43e,b15,2,28edb,FastSpeed SDA Hold,30,"Step=0,Min=0,Max=65535","Default:
30 [DEC]

Minimum:
1 [DEC]

Maximum:
65535 [DEC]","sif db8=0"
*,2a9481a84954a43e,b17,2,28ef8,FastSpeedPlus SCL High,43,"Step=0,Min=0,Max=65535","Default:
43 [DEC]

Minimum:
1 [DEC]

Maximum:
65535 [DEC]","sif db8=0"
*,2a9481a84954a43e,b19,2,28f15,FastSpeedPlus SCL Low,76,"Step=0,Min=0,Max=65535","Default:
76 [DEC]

Minimum:
1 [DEC]

Maximum:
65535 [DEC]","sif db8=0"
*,2a9481a84954a43e,b1b,2,28f32,FastSpeedPlus SDA Hold,30,"Step=0,Min=0,Max=65535","Default:
30 [DEC]

Minimum:
1 [DEC]

Maximum:
65535 [DEC]","sif db8=0"
*,2a9481a84954a43e,b1d,2,28f4f,HighSpeed SCL High,11,"Step=0,Min=0,Max=65535","Default:
11 [DEC]

Minimum:
1 [DEC]

Maximum:
65535 [DEC]","sif db8=0"
*,2a9481a84954a43e,b1f,2,28f6c,HighSpeed SCL Low,22,"Step=0,Min=0,Max=65535","Default:
22 [DEC]

Minimum:
1 [DEC]

Maximum:
65535 [DEC]","sif db8=0"
*,2a9481a84954a43e,b21,2,28f89,HighSpeed SDA Hold,5,"Step=0,Min=0,Max=65535","Default:
8 [DEC]

Minimum:
1 [DEC]

Maximum:
65535 [DEC]","sif db8=0"
*,2a9481a84954a43e,b23,2,28fa6,D0->D3 idle timeout (screen off),200,"Step=0,Min=1,Max=10000","Default:
200 [DEC]

Minimum:
1 [DEC]

Maximum:
10000 [DEC]","sif db8=0"
*,2a9481a84954a43e,b25,2,28fc3,D0->D3 idle timeout (screen on),2000,"Step=0,Min=1,Max=10000","Default:
2000 [DEC]

Minimum:
1 [DEC]

Maximum:
10000 [DEC]","sif db8=0"
Timing parameters disabled,,,,,,,,,
Form 130 (Serial IO SPI0 Settings),,,,,,,,,
Serial IO SPI0 Settings,,,,,,,,,
,670eeb73d338776d,6d2,1,29006,ChipSelect 0 polarity,Active High,"Active Low,Active High","Sets initial polarity for ChipSelect signal. Active low is with initial idle polarity of low and vice versa",""
,670eeb73d338776d,6d3,1,29027,ChipSelect 1 polarity,Active High,"Active Low,Active High","Sets initial polarity for ChipSelect signal. Active low is with initial idle polarity of low and vice versa",""
Timing parameters,,,,,,,,,
*,2a9481a84954a43e,67d,2,29062,D0->D3 idle timeout (screen off),200,"Step=0,Min=1,Max=10000","Default:
200 [DEC]

Minimum:
1 [DEC]

Maximum:
10000 [DEC]","sif db8=0"
*,2a9481a84954a43e,67f,2,2907f,D0->D3 idle timeout (screen on),2000,"Step=0,Min=1,Max=10000","Default:
2000 [DEC]

Minimum:
1 [DEC]

Maximum:
10000 [DEC]","sif db8=0"
Timing parameters disabled,,,,,,,,,
Form 131 (Serial IO SPI1 Settings),,,,,,,,,
Serial IO SPI1 Settings,,,,,,,,,
,670eeb73d338776d,6d4,1,290c2,ChipSelect 0 polarity,Active High,"Active Low,Active High","Sets initial polarity for ChipSelect signal. Active low is with initial idle polarity of low and vice versa",""
,670eeb73d338776d,6d5,1,290e3,ChipSelect 1 polarity,Active High,"Active Low,Active High","Sets initial polarity for ChipSelect signal. Active low is with initial idle polarity of low and vice versa",""
>Serial IO Finger Print Settings,,,,,,,,,
Form 140 (Serial IO SPI2 Settings),,,,,,,,,
Serial IO SPI2 Settings,,,,,,,,,
,670eeb73d338776d,6d6,1,2915c,ChipSelect 0 polarity,Active High,"Active Low,Active High","Sets initial polarity for ChipSelect signal. Active low is with initial idle polarity of low and vice versa",""
,670eeb73d338776d,6d7,1,2917d,ChipSelect 1 polarity,Active High,"Active Low,Active High","Sets initial polarity for ChipSelect signal. Active low is with initial idle polarity of low and vice versa",""
>Serial IO Finger Print Settings,,,,,,,,,
Form 132 (Serial IO UART0 Settings),,,,,,,,,
Serial IO UART0 Settings,,,,,,,,,
,670eeb73d338776d,6f7,1,291f6,Hardware Flow Control,Enabled,"Disabled,Enabled","When enabled configures additional 2 GPIO pads for use as RTS/CTS signals for UART",""
,670eeb73d338776d,6f0,1,29217,DMA Enable,Enabled,"Disabled,Enabled","Enabled: UART OS driver will use DMA when possible. Disabled: OS driver will enforce PIO mode",""
*,670eeb73d338776d,6fe,1,29244,Power Gating,Auto,"Disabled,Enabled,Auto","Disabled:
 No _PS0 _PS3 support, device is left in D0, after initialization
Enabled:
 _PS0 _PS3 that supports getting device out of reset
Auto:
 _PS0 and _PS3 detection through ACPI if device was initialized prior to first PG. If it was used (DBG2) PG is disabled","sif d9e=3 !"
Timing parameters,,,,,,,,,
*,2a9481a84954a43e,689,2,29288,D0->D3 idle timeout (screen off),200,"Step=0,Min=1,Max=10000","Default:
200 [DEC]

Minimum:
1 [DEC]

Maximum:
10000 [DEC]","sif db8=0"
*,2a9481a84954a43e,68b,2,292a5,D0->D3 idle timeout (screen on),200,"Step=0,Min=1,Max=10000","Default:
200 [DEC]

Minimum:
1 [DEC]

Maximum:
10000 [DEC]","sif db8=0"
Timing parameters disabled,,,,,,,,,
Form 133 (Serial IO UART1 Settings),,,,,,,,,
Serial IO UART1 Settings,,,,,,,,,
,670eeb73d338776d,6f8,1,292e8,Hardware Flow Control,Enabled,"Disabled,Enabled","When enabled configures additional 2 GPIO pads for use as RTS/CTS signals for UART",""
,670eeb73d338776d,6f1,1,29309,DMA Enable,Enabled,"Disabled,Enabled","Enabled: UART OS driver will use DMA when possible. Disabled: OS driver will enforce PIO mode",""
*,670eeb73d338776d,6ff,1,29336,Power Gating,Auto,"Disabled,Enabled,Auto","Disabled:
 No _PS0 _PS3 support, device is left in D0, after initialization
Enabled:
 _PS0 _PS3 that supports getting device out of reset
Auto:
 _PS0 and _PS3 detection through ACPI if device was initialized prior to first PG. If it was used (DBG2) PG is disabled","sif 1015=3 !"
Timing parameters,,,,,,,,,
*,2a9481a84954a43e,68d,2,2937a,D0->D3 idle timeout (screen off),200,"Step=0,Min=1,Max=10000","Default:
200 [DEC]

Minimum:
1 [DEC]

Maximum:
10000 [DEC]","sif db8=0"
*,2a9481a84954a43e,68f,2,29397,D0->D3 idle timeout (screen on),200,"Step=0,Min=1,Max=10000","Default:
200 [DEC]

Minimum:
1 [DEC]

Maximum:
10000 [DEC]","sif db8=0"
Timing parameters disabled,,,,,,,,,
Form 139 (Serial IO UART2 Settings),,,,,,,,,
Serial IO UART2 Settings,,,,,,,,,
,670eeb73d338776d,6f9,1,293da,Hardware Flow Control,Enabled,"Disabled,Enabled","When enabled configures additional 2 GPIO pads for use as RTS/CTS signals for UART",""
,670eeb73d338776d,6f2,1,293fb,DMA Enable,Enabled,"Disabled,Enabled","Enabled: UART OS driver will use DMA when possible. Disabled: OS driver will enforce PIO mode",""
*,670eeb73d338776d,700,1,29428,Power Gating,Auto,"Disabled,Enabled,Auto","Disabled:
 No _PS0 _PS3 support, device is left in D0, after initialization
Enabled:
 _PS0 _PS3 that supports getting device out of reset
Auto:
 _PS0 and _PS3 detection through ACPI if device was initialized prior to first PG. If it was used (DBG2) PG is disabled","sif 1014=3 !"
Timing parameters,,,,,,,,,
*,2a9481a84954a43e,691,2,2946c,D0->D3 idle timeout (screen off),200,"Step=0,Min=1,Max=10000","Default:
200 [DEC]

Minimum:
1 [DEC]

Maximum:
10000 [DEC]","sif db8=0"
*,2a9481a84954a43e,693,2,29489,D0->D3 idle timeout (screen on),200,"Step=0,Min=1,Max=10000","Default:
200 [DEC]

Minimum:
1 [DEC]

Maximum:
10000 [DEC]","sif db8=0"
Timing parameters disabled,,,,,,,,,
Form 5044 (SCS Configuration),,,,,,,,,
*,670eeb73d338776d,6c0,1,294cb,UFS 2.0 Controller 1,Enabled,"Disabled,Enabled","Enable or Disable UFS 2.0 Controller","sif 1013=0"
Form 5046 (ISH Configuration),,,,,,,,,
*,670eeb73d338776d,6c1,1,294fe,ISH Controller,Enabled,"Disabled,Enabled","Enables/Disables Integrated Sensor Hub (ISH) Device","sif 1012=0"
*,670eeb73d338776d,6d1,1,29527,PDT Unlock Message,0,"Bool=0,1,None","Checked = Sends PDT Unlock Message to ISH.
After the message is sent the field is set back to unchecked automatically.","sif 1012=0;sif e51=0"
*,670eeb73d338776d,6c2,1,2953f,SPI_0,0,"Bool=0,1,None","Checked = Pin set to ISH Native function.
Checkbox grayed out = disable conflicting SerialIo controller to set.
Shared pins:
1. ISH UART0 - LPSS I2C2(PCH-H)
2. ISH UART1 - LPSS UART1
3. ISH I2C2 - LPSS I2C5(PCH-LP) / I2C3(PCH-H)","sif 1012=0;sif e51=0"
*,670eeb73d338776d,6c3,1,29557,SPI_0 CS_0,0,"Bool=0,1,None","Checked = Pin set to ISH Native function.
Checkbox grayed out = disable conflicting SerialIo controller to set.
Shared pins:
1. ISH UART0 - LPSS I2C2(PCH-H)
2. ISH UART1 - LPSS UART1
3. ISH I2C2 - LPSS I2C5(PCH-LP) / I2C3(PCH-H)","sif 1012=0;sif e51=0;sif e53=0"
*,670eeb73d338776d,6c4,1,29569,UART0,0,"Bool=0,1,None","Checked = Pin set to ISH Native function.
Checkbox grayed out = disable conflicting SerialIo controller to set.
Shared pins:
1. ISH UART0 - LPSS I2C2(PCH-H)
2. ISH UART1 - LPSS UART1
3. ISH I2C2 - LPSS I2C5(PCH-LP) / I2C3(PCH-H)","sif 1012=0;sif e51=0"
*,670eeb73d338776d,6c5,1,29579,UART1,0,"Bool=0,1,None","Checked = Pin set to ISH Native function.
Checkbox grayed out = disable conflicting SerialIo controller to set.
Shared pins:
1. ISH UART0 - LPSS I2C2(PCH-H)
2. ISH UART1 - LPSS UART1
3. ISH I2C2 - LPSS I2C5(PCH-LP) / I2C3(PCH-H)","sif 1012=0;sif e51=0"
*,670eeb73d338776d,6c6,1,29589,I2C0,1,"Bool=0,1,None","Checked = Pin set to ISH Native function.
Checkbox grayed out = disable conflicting SerialIo controller to set.
Shared pins:
1. ISH UART0 - LPSS I2C2(PCH-H)
2. ISH UART1 - LPSS UART1
3. ISH I2C2 - LPSS I2C5(PCH-LP) / I2C3(PCH-H)","sif 1012=0;sif e51=0"
*,670eeb73d338776d,6c7,1,29599,I2C1,1,"Bool=0,1,None","Checked = Pin set to ISH Native function.
Checkbox grayed out = disable conflicting SerialIo controller to set.
Shared pins:
1. ISH UART0 - LPSS I2C2(PCH-H)
2. ISH UART1 - LPSS UART1
3. ISH I2C2 - LPSS I2C5(PCH-LP) / I2C3(PCH-H)","sif 1012=0;sif e51=0"
*,670eeb73d338776d,6c8,1,295a9,I2C2,1,"Bool=0,1,None","Checked = Pin set to ISH Native function.
Checkbox grayed out = disable conflicting SerialIo controller to set.
Shared pins:
1. ISH UART0 - LPSS I2C2(PCH-H)
2. ISH UART1 - LPSS UART1
3. ISH I2C2 - LPSS I2C5(PCH-LP) / I2C3(PCH-H)","sif 1012=0;sif e51=0"
*,670eeb73d338776d,6c9,1,295b9,GP_0,1,"Bool=0,1,None","Checked = Pin set to ISH Native function.
Checkbox grayed out = disable conflicting SerialIo controller to set.
Shared pins:
1. ISH UART0 - LPSS I2C2(PCH-H)
2. ISH UART1 - LPSS UART1
3. ISH I2C2 - LPSS I2C5(PCH-LP) / I2C3(PCH-H)","sif 1012=0;sif e51=0"
*,670eeb73d338776d,6ca,1,295c9,GP_1,1,"Bool=0,1,None","Checked = Pin set to ISH Native function.
Checkbox grayed out = disable conflicting SerialIo controller to set.
Shared pins:
1. ISH UART0 - LPSS I2C2(PCH-H)
2. ISH UART1 - LPSS UART1
3. ISH I2C2 - LPSS I2C5(PCH-LP) / I2C3(PCH-H)","sif 1012=0;sif e51=0"
*,670eeb73d338776d,6cb,1,295d9,GP_2,1,"Bool=0,1,None","Checked = Pin set to ISH Native function.
Checkbox grayed out = disable conflicting SerialIo controller to set.
Shared pins:
1. ISH UART0 - LPSS I2C2(PCH-H)
2. ISH UART1 - LPSS UART1
3. ISH I2C2 - LPSS I2C5(PCH-LP) / I2C3(PCH-H)","sif 1012=0;sif e51=0"
*,670eeb73d338776d,6cc,1,295e9,GP_3,1,"Bool=0,1,None","Checked = Pin set to ISH Native function.
Checkbox grayed out = disable conflicting SerialIo controller to set.
Shared pins:
1. ISH UART0 - LPSS I2C2(PCH-H)
2. ISH UART1 - LPSS UART1
3. ISH I2C2 - LPSS I2C5(PCH-LP) / I2C3(PCH-H)","sif 1012=0;sif e51=0"
*,670eeb73d338776d,6cd,1,295f9,GP_4,1,"Bool=0,1,None","Checked = Pin set to ISH Native function.
Checkbox grayed out = disable conflicting SerialIo controller to set.
Shared pins:
1. ISH UART0 - LPSS I2C2(PCH-H)
2. ISH UART1 - LPSS UART1
3. ISH I2C2 - LPSS I2C5(PCH-LP) / I2C3(PCH-H)","sif 1012=0;sif e51=0"
*,670eeb73d338776d,6ce,1,29609,GP_5,1,"Bool=0,1,None","Checked = Pin set to ISH Native function.
Checkbox grayed out = disable conflicting SerialIo controller to set.
Shared pins:
1. ISH UART0 - LPSS I2C2(PCH-H)
2. ISH UART1 - LPSS UART1
3. ISH I2C2 - LPSS I2C5(PCH-LP) / I2C3(PCH-H)","sif 1012=0;sif e51=0"
*,670eeb73d338776d,6cf,1,29619,GP_6,1,"Bool=0,1,None","Checked = Pin set to ISH Native function.
Checkbox grayed out = disable conflicting SerialIo controller to set.
Shared pins:
1. ISH UART0 - LPSS I2C2(PCH-H)
2. ISH UART1 - LPSS UART1
3. ISH I2C2 - LPSS I2C5(PCH-LP) / I2C3(PCH-H)","sif 1012=0;sif e51=0"
*,670eeb73d338776d,6d0,1,29629,GP_7,0,"Bool=0,1,None","Checked = Pin set to ISH Native function.
Checkbox grayed out = disable conflicting SerialIo controller to set.
Shared pins:
1. ISH UART0 - LPSS I2C2(PCH-H)
2. ISH UART1 - LPSS UART1
3. ISH I2C2 - LPSS I2C5(PCH-LP) / I2C3(PCH-H)","sif 1012=0;sif e51=0"
ISH is not available,,,,,,,,,
Form 5054 (Pch Thermal Throttling Control),,,,,,,,,
,670eeb73d338776d,717,1,29661,Thermal Throttling Level,Suggested Setting,"Suggested Setting,Manual","Determine if use Intel suggested setting",""
*,670eeb73d338776d,71e,1,2968a,Thermal Throttling,0,"Bool=0,1,None","Enable/Disable the thermal throttling states control","sif e62=1"
*,670eeb73d338776d,71f,1,2969a,TT State 13,0,"Bool=0,1,None","PMSync state 13 will force at least T2 state","sif e62=1"
*,670eeb73d338776d,720,1,296aa,Thermal Throttling Lock,0,"Bool=0,1,None","Lock the entire TL register","sif e62=1"
*,670eeb73d338776d,718,2,296ba,T0 Level,0,"Step=1,Min=0,Max=65535","If Trip Point Temperature <= T0Level, the system is in T0 state","sif e62=1"
*,670eeb73d338776d,71a,2,296d7,T1 Level,0,"Step=1,Min=0,Max=65535","If T1Level >= Trip Point Temperature > T0Level, the system is in T1 state","sif e62=1"
*,670eeb73d338776d,71c,2,296f4,T2 Level,0,"Step=1,Min=0,Max=65535","If T2Level >= Trip Point Temperature > T1Level, the system is in T2 state","sif e62=1"
,670eeb73d338776d,721,1,29713,DMI Thermal Setting,Suggested Setting,"Suggested Setting,Manual","Determine if use Intel suggested setting",""
*,670eeb73d338776d,726,1,2973c,DMI Thermal Sensor Autonomous Width,0,"Bool=0,1,None","Enable/Disable Thermal Sensor initiated Autonomous Width Negotiation","sif e69=1"
*,670eeb73d338776d,722,1,2974c,Thermal Sensor 0 Width,x8,"x1,x2,x4,x8,x16","Determine the DMI Link Width when the output from the Thermal Sensor is T0","sif e69=1"
*,670eeb73d338776d,723,1,29782,Thermal Sensor 1 Width,x4,"x1,x2,x4,x8,x16","Determine the DMI Link Width when the output from the Thermal Sensor is T1","sif e69=1"
*,670eeb73d338776d,724,1,297b8,Thermal Sensor 2 Width,x2,"x1,x2,x4,x8,x16","Determine the DMI Link Width when the output from the Thermal Sensor is T2","sif e69=1"
*,670eeb73d338776d,725,1,297ee,Thermal Sensor 3 Width,x1,"x1,x2,x4,x8,x16","Determine the DMI Link Width when the output from the Thermal Sensor is T3","sif e69=1"
,670eeb73d338776d,727,1,29826,SATA Thermal Setting,Suggested Setting,"Suggested Setting,Manual","Determine if use Intel suggested setting",""
Port 0,,,,,,,,,
*,670eeb73d338776d,728,1,29858,T1 Multipler,x1,"Disabled,x1,x2,x4","Determine the value of SATA Port T1 Multipler","sif e6f=1"
*,670eeb73d338776d,729,1,29887,T2 Multipler,x2,"Disabled,x1,x2,x4","Determine the value of SATA Port T2 Multipler","sif e6f=1"
*,670eeb73d338776d,72a,1,298b6,T3 Multipler,x4,"Disabled,x1,x2,x4","Determine the value of SATA Port T3 Multipler","sif e6f=1"
*,670eeb73d338776d,72d,1,298e5,Alternate Fast Init Tdispatch,0,"Bool=0,1,None","Enable/Disable SATA Port Alternate Fast Init Tdispatch","sif e6f=1"
*,670eeb73d338776d,72b,1,29909,Tdispatch,~32us,"~32us,~128us,~8us","Determine the value of SATA Port Tdispatch","sif e73=0 e6f=1 |"
*,670eeb73d338776d,72c,1,29931,Tinactive,~32us,"~32us,~128us,~8us","Determine the value of SATA Port Tinactive","sif e73=0 e6f=1 |"
*,670eeb73d338776d,72b,1,2996d,Tdispatch,~32ms,"~32ms,~128ms,~8ms","Determine the value of SATA Port Tdispatch","sif e73=1 e6f=1 |"
*,670eeb73d338776d,72c,1,29995,Tinactive,~32ms,"~32ms,~128ms,~8ms","Determine the value of SATA Port Tinactive","sif e73=1 e6f=1 |"
Port 1,,,,,,,,,
*,670eeb73d338776d,72e,1,299d0,T1 Multipler,x1,"Disabled,x1,x2,x4","Determine the value of SATA Port T1 Multipler","sif e6f=1"
*,670eeb73d338776d,72f,1,299ff,T2 Multipler,x2,"Disabled,x1,x2,x4","Determine the value of SATA Port T2 Multipler","sif e6f=1"
*,670eeb73d338776d,730,1,29a2e,T3 Multipler,x4,"Disabled,x1,x2,x4","Determine the value of SATA Port T3 Multipler","sif e6f=1"
*,670eeb73d338776d,733,1,29a5d,Alternate Fast Init Tdispatch,0,"Bool=0,1,None","Enable/Disable SATA Port Alternate Fast Init Tdispatch","sif e6f=1"
*,670eeb73d338776d,731,1,29a81,Tdispatch,~32us,"~32us,~128us,~8us","Determine the value of SATA Port Tdispatch","sif e7b=0 e6f=1 |"
*,670eeb73d338776d,732,1,29aa9,Tinactive,~32us,"~32us,~128us,~8us","Determine the value of SATA Port Tinactive","sif e7b=0 e6f=1 |"
*,670eeb73d338776d,731,1,29ae5,Tdispatch,~32ms,"~32ms,~128ms,~8ms","Determine the value of SATA Port Tdispatch","sif e7b=1 e6f=1 |"
*,670eeb73d338776d,732,1,29b0d,Tinactive,~32ms,"~32ms,~128ms,~8ms","Determine the value of SATA Port Tinactive","sif e7b=1 e6f=1 |"
Form 4382 (Serial IO Touch Pad Settings),,,,,,,,,
,2a9481a84954a43e,5b8,1,29b3f,Touch Pad,Disabled,"Disabled,Synaptics Precision Touchpad,Synaptics Forcepad,ALPS Precision Touchpad ClickPad,THAT Touchpad,Sensel Forcepad,Smart C Cover,Custom device","Indicates what type of I2C Touch Pad is connected to this SerialIo controller",""
*,2a9481a84954a43e,5b9,1,29bac,Touch Pad Interrupt Mode,GPIO Interrupt,"GPIO Interrupt,APIC Interrupt","Selects different routing for interrupts from Touch Pad","sif e80=0 db9=1 e80=3 e80=4 | and |"
*,2a9481a84954a43e,5ba,1,29bdb,Device's bus address,0x0,"Step=0x1,Min=0x0,Max=0x7f","Specify parameters of custom I2C device","sif e80=5 !"
*,2a9481a84954a43e,5bb,2,29bf4,Device's HID address,0x0,"Step=0x1,Min=0x0,Max=0xffff","Specify parameters of custom I2C device","sif e80=5 !"
*,2a9481a84954a43e,5bd,1,29c11,Device's bus speed,100kHz,"100kHz,400kHz,1MHz","Specify parameters of custom I2C device","sif e80=5 !"
Form 4383 (Serial IO Touch Panel Settings),,,,,,,,,
,2a9481a84954a43e,5be,1,29c43,Touch Panel,Disabled,"Disabled,Atmel3432 TouchPanel,Atmel2952 TouchPanel,Elan9048 TouchPanel,N-Trig/Samsung 13.3",N-Trig/Sharp 12.5",WACOM TouchPanel,Custom device","Indicates what type of I2C Touch Panel is connected to this SerialIo controller",""
*,2a9481a84954a43e,5bf,1,29c96,Touch Panel Interrupt Mode,GPIO Interrupt,"GPIO Interrupt,APIC Interrupt","Selects different routing for interrupts from Touch Panel","sif e85=0"
*,2a9481a84954a43e,5c0,1,29cc5,Device's bus address,0x0,"Step=0x1,Min=0x0,Max=0x7f","Specify parameters of custom I2C device","sif e85=7 !"
*,2a9481a84954a43e,5c1,2,29cde,Device's HID address,0x0,"Step=0x1,Min=0x0,Max=0xffff","Specify parameters of custom I2C device","sif e85=7 !"
*,2a9481a84954a43e,5c3,1,29d0c,Device's bus speed,400kHz,"100kHz,400kHz,1MHz","Specify parameters of custom I2C device","sif e85 6 >= !"
Form 4384 (Serial IO Finger Print Settings),,,,,,,,,
,2a9481a84954a43e,5cb,1,29d3e,Finger Print Sensor,Disabled,"Disabled,FPC1011,FPC1020,VFSI6101,Synaptics VFSI7500,EGIS0300,FPC1021","Select the HID to enable Finger Print Sensor",""
*,2a9481a84954a43e,5cc,1,29d90,Finger Print Interrupt Mode,APIC Interrupt,"GPIO Interrupt,APIC Interrupt","Selects different routing for interrupts from Finger Print","sif e8a=0"
Timing parameters,,,,,,,,,
*,2a9481a84954a43e,681,2,29dcd,D0->D3 idle timeout (screen off),200,"Step=0,Min=1,Max=10000","Default:
200 [DEC]

Minimum:
1 [DEC]

Maximum:
10000 [DEC]","sif db8=0"
*,2a9481a84954a43e,683,2,29dea,D0->D3 idle timeout (screen on),2000,"Step=0,Min=1,Max=10000","Default:
2000 [DEC]

Minimum:
1 [DEC]

Maximum:
10000 [DEC]","sif db8=0"
Timing parameters disabled,,,,,,,,,
Timing parameters,,,,,,,,,
*,2a9481a84954a43e,685,2,29e2d,D0->D3 idle timeout (screen off),200,"Step=0,Min=1,Max=10000","Default:
200 [DEC]

Minimum:
1 [DEC]

Maximum:
10000 [DEC]","sif db8=0"
*,2a9481a84954a43e,687,2,29e4a,D0->D3 idle timeout (screen on),2000,"Step=0,Min=1,Max=10000","Default:
2000 [DEC]

Minimum:
1 [DEC]

Maximum:
10000 [DEC]","sif db8=0"
Timing parameters disabled,,,,,,,,,
Form 5089 (FIVR Configuration),,,,,,,,,
,670eeb73d338776d,744,1,29e8c,Enable Rail in S0i1/S0i2,0,"Bool=0,1,None","Enables External V1P05 Rail in corresponding Sx/S0ix",""
,670eeb73d338776d,745,1,29e9c,Enable Rail in S0i3,0,"Bool=0,1,None","Enables External V1P05 Rail in corresponding Sx/S0ix",""
,670eeb73d338776d,746,1,29eac,Enable Rail in S3,0,"Bool=0,1,None","Enables External V1P05 Rail in corresponding Sx/S0ix",""
,670eeb73d338776d,747,1,29ebc,Enable Rail in S4,0,"Bool=0,1,None","Enables External V1P05 Rail in corresponding Sx/S0ix",""
,670eeb73d338776d,748,1,29ecc,Enable Rail in S5,0,"Bool=0,1,None","Enables External V1P05 Rail in corresponding Sx/S0ix",""
,670eeb73d338776d,749,1,29edc,Enable Rail in S0,0,"Bool=0,1,None","Enables External V1P05 Rail in corresponding Sx/S0ix",""
,670eeb73d338776d,74a,1,29efd,Enable Rail in S0i1/S0i2,0,"Bool=0,1,None","Enables External Vnn Rail in corresponding Sx/S0ix",""
,670eeb73d338776d,74b,1,29f0d,Enable Rail in S0i3,0,"Bool=0,1,None","Enables External Vnn Rail in corresponding Sx/S0ix",""
,670eeb73d338776d,74c,1,29f1d,Enable Rail in S3,0,"Bool=0,1,None","Enables External Vnn Rail in corresponding Sx/S0ix",""
,670eeb73d338776d,74d,1,29f2d,Enable Rail in S4,0,"Bool=0,1,None","Enables External Vnn Rail in corresponding Sx/S0ix",""
,670eeb73d338776d,74e,1,29f3d,Enable Rail in S5,0,"Bool=0,1,None","Enables External Vnn Rail in corresponding Sx/S0ix",""
,670eeb73d338776d,74f,1,29f4d,Enable Rail in S0,0,"Bool=0,1,None","Enables External Vnn Rail in corresponding Sx/S0ix",""
,670eeb73d338776d,75e,1,29f5d,External Vnn Rail Voltage Configuration at S0 and S0ix,1.05V@Bypass - 1.05V@Bypass   - 1.05V@Bypass,"0.78V@Bypass - 0.78V@Bypass   - 1.05V@Internal,1.05V@Bypass - 1.05V@Bypass   - 1.05V@Bypass","Configures TARGET_VOLT_LEVEL for External Rail",""
,670eeb73d338776d,777,2,29f8f,External V1P05 Icc Max Value,500,"Step=1,Min=0,Max=500","Icc Max Value for external V1p05 rail. Expressed in mA. Accepted value are between 0 and 500 mA",""
,670eeb73d338776d,779,2,29fac,External Vnn Icc Max Value,500,"Step=1,Min=0,Max=500","Icc Max Value for external Vnn rail. Expressed in mA. Accepted value are between 0 and 500 mA",""
,670eeb73d338776d,768,1,29fda,Retention to Low Current Mode,0,"Step=1,Min=0,Max=255","Transition time in microseconds from Off (0V) to High Current Mode Voltage. This field has 1us resolution.",""
,670eeb73d338776d,769,1,29ff3,Retention to High Current Mode,0,"Step=1,Min=0,Max=255","Transition time in microseconds from Retention Mode Voltage to High Current Mode Voltage. This field has 1us resolution.",""
,670eeb73d338776d,76a,1,2a00c,Low to High Current Mode,12,"Step=1,Min=0,Max=255","Transition time in microseconds from Low Current Mode Voltage to High Current Mode Voltage. This field has 1us resolution.",""
,670eeb73d338776d,76b,2,2a025,Off to High Current Mode,150,"Step=1,Min=0,Max=2047","Transition time in microseconds from Off (0V) to High Current Mode Voltage. This field has 1us resolution. 0 = Transition to 0V is disabled. The value must be greater than or equal to VccST board FET ramp time",""
,670eeb73d338776d,76d,1,2a04b,FIVR Dynamic PM,Enabled,"Disabled,Enabled","Enable/Disable FIVR Dynamic Power Management",""
Form 5090 (PMC Configuration),,,,,,,,,
>PMC ADR Configuration,,,,,,,,,
Form 5091 (PMC ADR Configuration),,,,,,,,,
,670eeb73d338776d,77f,1,2a08b,ADR enable,Platform-POR,"Platform-POR,Enabled,Disabled","Enable asynchronous DRAM refresh",""
*,670eeb73d338776d,782,1,2a0bb,Host Partition Reset ADR Enable,Enabled,"Platform-POR,Enabled,Disabled","Enables/Disables ADR on Host Partition Reset","sif ea5=2"
*,670eeb73d338776d,780,1,2a0e3,ADR timer 1 expire time,32,"Step=0,Min=1,Max=255","Type desired ADR timer expire time, valid values - <1, 256>. Entered time is scaled by ADR timer time unit.","sif ea5=2"
*,670eeb73d338776d,781,1,2a0fc,ADR timer 1 time unit,1s,"1us,10us,100us,1ms,10ms,100ms,1s,10s","Select ADR timer time unit.","sif ea5=2"
Form 4158 (PCH-FW Configuration),,,,,,,,,
*,d9fcf68766cfe7f7,2,1,2a201,ME State,Enabled,"Disabled,Enabled","When Disabled ME will be put into ME Temporarily Disabled Mode.","gif 1010=1 1009=1 |"
>Local Platform Erase Configuration,,,,,,,,,
*,72c0ca0753960665,10,1,2a25b,ME Unconfig on RTC Clear,Enabled,"Disabled,Enabled","When Disabled ME will not be unconfigured on RTC Clear","sif ea9=0;sif 100f=1 !"
*,72c0ca0753960665,4,1,2a27e,Comms Hub Support,Disabled,"Disabled,Enabled","Enables/Disables support for Comms Hub.","sif ea9=0"
*,72c0ca0753960665,13,1,2a29f,JHI Support,Disabled,"Disabled,Enabled","Enable/Disable Intel(R) DAL Host Interface Service (JHI)","sif ea9=0"
*,72c0ca0753960665,11,1,2a2c0,Core Bios Done Message,Enabled,"Disabled,Enabled","Enable/Disable Core Bios Done message sent to ME","sif ea9=0"
*,72c0ca0753960665,35,1,2a2e9,CSE Data Resilience Support,Enabled,"Disabled,Enabled","Enable/Disable CSE Data Resilience Support","sif ea9=0;sif 100e=1"
>Firmware Update Configuration,,,,,,,,,
>PTT Configuration,,,,,,,,,
>FIPS Configuration,,,,,,,,,
>Unique Platform Id Configuration,,,,,,,,,
>ME Debug Configuration,,,,,,,,,
>Anti-Rollback SVN Configuration,,,,,,,,,
,72c0ca0753960665,27,1,2a389,Extend CSME Measurement to TPM-PCR,Disabled,"Disabled,Enabled","Enable/Disable Extend CSME Measurement to TPM-PCR[0] and AMT Config to TPM-PCR[1]",""
Form 4161 (PTT Configuration),,,,,,,,,
*,d9fcf68766cfe7f7,6,1,2a3f4,TPM 1.2 Deactivate,Disabled,"Disabled,Enabled","Enabling this option will invoke the TPM 1.2 De-activate flow","gif 1009=1;sif 100b=0 100a=0 |"
Form 4163 (Firmware Update Configuration),,,,,,,,,
,72c0ca0753960665,3,1,2a421,Me FW Image Re-Flash,Disabled,"Disabled,Enabled","Enable/Disable Me FW Image Re-Flash function.",""
*,d9fcf68766cfe7f7,1,1,2a44a,FW Update,Enabled,"Disabled,Enabled","Enable/Disable ME FW Update function.","gif 1009=1"
Form 4184 (Unique Platform Id Configuration),,,,,,,,,
Form 4162 (ME Debug Configuration),,,,,,,,,
,72c0ca0753960665,5,1,2a4e2,HECI Timeouts,1,"Bool=0,1,None","Enable/Disable HECI Send/Receive Timeouts.",""
,72c0ca0753960665,6,1,2a4fb,Force ME DID Init Status,Disabled,"Disabled,0 - Success,1 - No Memory in Channels,2 - Memory Init Error","Forces the DID Initialization Status value.",""
,72c0ca0753960665,7,1,2a52a,CPU Replaced Polling Disable,Disabled,"Disabled,Enabled","Setting this option disables CPU replacement polling loop",""
,72c0ca0753960665,8,1,2a54b,HECI Message check Disable,Disabled,"Disabled,Enabled","Setting this option disables message check for Bios Boot Path when sending",""
,72c0ca0753960665,9,1,2a56c,MBP HOB Skip,Disabled,"Disabled,Enabled","Setting this option will skip MBP HOB",""
,72c0ca0753960665,a,1,2a58d,HECI2 Interface Communication,0,"Bool=0,1,None","Adds and Removes HECI2 Device from PCI space.",""
,72c0ca0753960665,b,1,2a59d,KT Device,1,"Bool=0,1,None","Enable/Disable KT Device",""
,72c0ca0753960665,12,1,2a5ad,End Of Post Message,Send in DXE,"Disabled,Send in DXE","Enable/Disable End of Post message sent to ME",""
,72c0ca0753960665,c,1,2a5ce,D0I3 Setting for HECI Disable,Disabled,"Disabled,Enabled","Setting this option disables setting D0I3 bit for all HECI devices",""
,72c0ca0753960665,d,1,2a5ef,MCTP Broadcast Cycle,Disabled,"Disabled,Enabled","Enable/Disable Management Component Transport Protocol Broadcast Cycle and Set PMT as Bus Owner",""
Form 4181 (FIPS Mode),,,,,,,,,
,d9fcf68766cfe7f7,a,1,2a618,FIPS Mode Select,Disabled,"Disabled,Enabled","FIPS Mode configuration",""
*,b07398139d839cf0,1ab,1,2a641,FIPS Mode auto sync,Disabled,"Disabled,Enabled","When enabled, it always synchronizes FIPS mode automatically.

(Spending 250ms at least)","sif ec6=0"
Form 4164 (Anti-Rollback SVN Configuration),,,,,,,,,
*,72c0ca0753960665,28,1,2a694,Automatic HW-Enforced Anti-Rollback SVN,Disabled,"Disabled,Enabled","When enabled, hardware-enforced Anti-Rollback mechanism is automatically activated: once ME FW was successfully run on a platform, FW with lower ARB-SVN will be blocked from execution","gif 1009=1"
*,d9fcf68766cfe7f7,b,1,2a6bd,Set HW-Enforced Anti-Rollback for Current SVN,Disabled,"Disabled,Enabled","Enable hardware-enforced Anti-Rollback mechanism for current ARB-SVN value. FW with lower ARB-SVN will be blocked from execution. The value will be restored to disable after the command is sent.","gif 1009=1;sif ec8=1"
Form 4406 (Local Platform Erase Configuration),,,,,,,,,
*,f9aee15fd7cd7732,1,1,2a6f2,Perform Platform Erase Operations,Disabled,"Disabled,Enabled","Enabling this Feature will trigger Platform Erase Operations on the Next Boot","sif 1008=0"
*,f9aee15fd7cd7732,2,1,2a728,Erase All,Enabled,"Disabled,Enabled","Performs SSD Erase, TPM Clear,
Reload BIOS golden config, Clear NVME and 
OEM Custom actions","sif 1008=0;sif 113f=0"
*,f9aee15fd7cd7732,3,1,2a749,Storage Device Erase,0,"Bool=0,1,None","Perform SSD/Nvme Erase","sif 1008=0;sif 113f=0"
*,f9aee15fd7cd7732,9,1,2a761,SSD Erase Mode,Simulated,"Simulated,Real","Change LPE SSD Erase Action behavior:
Simulated: Performs LPE SSD Erase flow without erasing SSD
Real: Erase SSD.
*** If SATA device is used, OEM could use SECURE_ERASE_HOOK_PROTOCOL to remove SATA power to skip G3 cycle. ***","sif 1008=0;sif 113f=0;sif 1138=0"
*,f9aee15fd7cd7732,a,1,2a794,Storage Erase Verification,Disabled,"Enabled,Disabled","Perform storage erase verification","sif 1008=0;sif 113f=0;sif 1138=0;sif eca=0 1006=0 |"
*,f9aee15fd7cd7732,4,1,2a7b9,TPM CLEAR,0,"Bool=0,1,None","Perform SSD/Nvme Erase","sif 1008=0;sif 113f=0"
*,f9aee15fd7cd7732,5,1,2a7c9,OEM Custom Actions,0,"Bool=0,1,None","OEM Custom Actions","sif 1008=0;sif 113f=0"
*,f9aee15fd7cd7732,6,1,2a7d9,Clear NVM Variable,0,"Bool=0,1,None","Clears NVM Varibles","sif 1008=0;sif 113f=0"
*,f9aee15fd7cd7732,7,1,2a7e9,BIOS Reload Golden Config,0,"Bool=0,1,None","Load BIOS default config","sif 1008=0;sif 113f=0"
*,f9aee15fd7cd7732,8,1,2a7f9,Unconfigure CSME,0,"Bool=0,1,None","This option Unconfigure CSME Firmware and Unprovision AMT.","sif 1008=0;sif 113f=0"
Form 4166 (Thermal Configuration),,,,,,,,,
Thermal Configuration,,,,,,,,,
,14c8006250a6403a,1f1,1,2a834,Enable All Thermal Functions,Enabled,"Disabled,Enabled","Enable All Thermal Functions" is Enabled it Enables 'Memory Thermal Management','Active Trip Points', 'Critical Trip Points'.Set to disabled for Manual Configuration",""
>CPU Thermal Configuration,,,,,,,,,
>Platform Thermal Configuration,,,,,,,,,
>Intel(R) Dynamic Tuning Technology Configuration,,,,,,,,,
>Hardware Health Monitor,,,,,,,,,
Form 4167 (Cpu Thermal Configuration),,,,,,,,,
Cpu Thermal Configuration,,,,,,,,,
,14c8006250a6403a,7f,1,2a8b9,Tcc Activation Offset,6,"Step=0,Min=0,Max=63","Offset from factory set Tcc activation temprature at which the Thermal Control Circuit must be activated. Tcc will be activated at: Tcc Activation Temp - Tcc Activation Offset. Tcc Activation Offset range is 0 to 63.",""
,14c8006250a6403a,1c8,4,2a8d2,Tcc Offset Time Window,Disabled,"Disabled,5 ms,10 ms,55 ms,156 ms,375 ms,500 ms,750 ms,1 sec,2 sec,3 sec,4 sec,5 sec,6 sec,7 sec,8 sec,10 sec,12 sec,14 sec,16 sec,20 sec,24 sec,28 sec,32 sec,40 sec,48 sec,56 sec,64 sec,80 sec,96 sec,112 sec,128 sec,160 sec,192 sec,224 sec,256 sec,320 sec,384 sec,448 sec","Tcc Offset Time Window for Running Average Temperature Limit(RATL) feature. The Tcc offset time window can range from 5ms to 448s.",""
,14c8006250a6403a,1cc,1,2aa74,Tcc Offset Clamp Enable,Disabled,"Disabled,Enabled","Tcc Offset Clamp bit Enable for Running Average Temperature Limit(RATL) feature to allow CPU to throttle below P1.",""
,14c8006250a6403a,1cd,1,2aa95,Tcc Offset Lock Enable,Disabled,"Disabled,Enabled","Lock Enable for Running Average Temperature Limit(RATL) feature to lock Temperature Target MSR.",""
,14c8006250a6403a,7a,1,2aab6,Bi-directional PROCHOT#,Enabled,"Disabled,Enabled","When a processor thermal sensor trips (either core), the PROCHOT# will be driven.
If bi-direction is enabled, external agents can drive PROCHOT# to throttle the processor.",""
*,14c8006250a6403a,7b,1,2aadf,Disable PROCHOT# Output,Enabled,"Disabled,Enabled","Enable/Disable PROCHOT# Output","sif ed6=0"
,14c8006250a6403a,7c,1,2ab02,Disable VR Thermal Alert,Disabled,"Disabled,Enabled","Enable/Disable VR Thermal Alert",""
,14c8006250a6403a,7e,1,2ab23,PROCHOT Response,Enabled,"Disabled,Enabled","Enable/Disable PROCHOT Response",""
,14c8006250a6403a,7d,1,2ab44,PROCHOT Lock,Enabled,"Disabled,Enabled","Enable/Disable PROCHOT Lock",""
,14c8006250a6403a,79,1,2ab65,ACPI T-States,0,"Bool=0,1,None","Enable/Disable ACPI T-States.",""
Form 4169 (Platform Thermal Configuration),,,,,,,,,
Platform Thermal Configuration,,,,,,,,,
*,2a9481a84954a43e,69c,1,2ab9d,Critical Trip Point,119 C (POR),"15 C,23 C,31 C,39 C,47 C,55 C,63 C,71 C,79 C,87 C,95 C,100 C,103 C,111 C,119 C (POR),127 C,130 C","This value controls the temperature of the ACPI Critical Trip Point - the point in which the OS will shut the system off.

NOTE:  119C is the Plan Of Record (POR) for all Intel mobile processors.","sif 152f=0"
,2a9481a84954a43e,698,1,2ac2f,Active Trip Point 0,71 C,"Disabled,15 C,23 C,31 C,39 C,47 C,55 C,63 C,71 C,79 C,87 C,95 C,103 C,111 C,119 C (POR)","This value controls the temperature of the ACPI Active Trip Point 0 - the point in which the OS will turn the processor fan on Active Trip Point 0 Fan Speed.",""
,2a9481a84954a43e,69a,1,2acab,Active Trip Point 0 Fan Speed,100,"Step=1,Min=0,Max=100","Active Trip Point 0 Fan Speed in percentage. Value must be between 0 (Fan off) - 100 (Max fan speed). This is the speed at which fan will run when Active Trip Point 0 is crossed.",""
,2a9481a84954a43e,697,1,2acc4,Active Trip Point 1,55 C,"Disabled,15 C,23 C,31 C,39 C,47 C,55 C,63 C,71 C,79 C,87 C,95 C,103 C,111 C,119 C (POR)","This value controls the temperature of the ACPI Active Trip Point 1 - the point in which the OS will turn the processor fan on Active Trip Point 1 Fan Speed.",""
,2a9481a84954a43e,699,1,2ad40,Active Trip Point 1 Fan Speed,75,"Step=1,Min=0,Max=100","Active Trip Point 1 Fan Speed in percentage. Value must be between 0 (Fan off) - 100 (Max fan speed). This value must be less than Active Trip Point 0 Fan speed. This is the speed at which fan will run when Active Trip 1 is crossed.",""
,2a9481a84954a43e,69b,1,2ad59,Passive Trip Point,95 C,"Disabled,15 C,23 C,31 C,39 C,47 C,55 C,63 C,71 C,79 C,87 C,95 C,103 C,111 C,119 C (POR)","This value controls the temperature of the ACPI Passive Trip Point - the point in which the OS will begin throttling the processor.",""
,2a9481a84954a43e,69d,1,2addb,Passive TC1 Value,1,"Step=1,Min=1,Max=16","This value sets the TC1 value for the ACPI Passive Cooling Formula. Range 1 - 16",""
,2a9481a84954a43e,69e,1,2adf4,Passive TC2 Value,5,"Step=1,Min=1,Max=16","This value sets the TC2 value for the ACPI Passive Cooling Formula. Range 1 - 16",""
,2a9481a84954a43e,69f,1,2ae0d,Passive TSP Value,10,"Step=2,Min=2,Max=32","This item sets the TSP value for the ACPI Passive Cooling Formula.  It represents in tenths of a second how often the OS will read the temperature when passive cooling is enabled. Range 2 - 32",""
,2a9481a84954a43e,6a0,1,2ae2f,Active Trip Points,Enabled,"Disabled,Enabled","Disable Active Trip Points",""
,2a9481a84954a43e,6a1,1,2ae50,Passive Trip Points,Disabled,"Disabled,Enabled","Disable Passive Trip Points",""
,2a9481a84954a43e,6a2,1,2ae71,Critical Trip Points,Enabled,"Disabled,Enabled","Disable Critical Trip Points",""
,2a9481a84954a43e,6ab,1,2ae9b,PCH Temp Read,1,"Bool=0,1,None","PCH Temperature Read Enable",""
,2a9481a84954a43e,6aa,1,2aeab,CPU Energy Read,1,"Bool=0,1,None","CPU Energy Read Enable",""
,2a9481a84954a43e,6a9,1,2aebb,CPU Temp Read,1,"Bool=0,1,None","CPU Temperature Read Enable",""
,2a9481a84954a43e,6ac,1,2aecb,Alert Enable Lock,Disabled,"Disabled,Enabled","Lock all Alert Enable settings",""
*,2a9481a84954a43e,6ad,1,2aef4,PCH Alert,Disabled,"Disabled,Enabled","PCH Alert pin enable","sif eeb=0"
*,2a9481a84954a43e,6ae,1,2af15,DIMM Alert,Disabled,"Disabled,Enabled","DIMM Alert pin enable","sif eeb=0"
,2a9481a84954a43e,6af,1,2af38,CPU Temp,72,"Step=1,Min=1,Max=110","Fail Safe temp that EC will use if OS is hung",""
,2a9481a84954a43e,6b0,1,2af51,CPU Fan Speed,65,"Step=1,Min=1,Max=100","Fan speed that EC will use if OS is hung",""
Form 4348 (Intel(R) Dynamic Tuning Technology Configuration),,,,,,,,,
Intel(R) Dynamic Tuning Technology Configuration,,,,,,,,,
*,2a9481a84954a43e,6b1,1,2af8c,Intel(R) Dynamic Tuning Technology,Enabled,"Disabled,Enabled","Enable/Disable Intel Dynamic Platform Thermal Framework","gif d5=1"
*,2a9481a84954a43e,6c1,1,2afbd,INT3400 Device,Enabled,"Disabled,Enabled","Enable/Disable the INT3400 Device.","sif ef0=0"
*,2a9481a84954a43e,6b3,1,2afde,Processor Thermal Device,SA Thermal Device,"Disabled,SA Thermal Device","Enable/Disable Processor Thermal Device.","sif ef0=0"
*,2a9481a84954a43e,6b4,4,2b007,PPCC Step Size,0.5 Watts,"0.5 Watts,1.0 Watts,1.5 Watts,2.0 Watts","Step size for Turbo power limit (RAPL) control","sif ef0=0;sif ef2=0"
*,2a9481a84954a43e,6b2,1,2b04d,Intel(R) Dynamic Tuning Technology Configuration,7,"Step=1,Min=0,Max=255","An Integer containing the Intel(R) Dynamic Tuning Technology Configuration bitmap:   BIT0[Generic UI Access Control](0=enable,1=disable) BIT1[Restricted UI Access Control](0=enable,1=disable) BIT2[shell Access Control](0=enable,1=disable) BIT3[Environment Monitoring Report Control](0=report,1=silent) BIT4[Thermal Mitigation Report Control](0=silent,1=report)  BIT5[Thermal Policy Report Control](0=silent,1=report)","sif ef0=0"
*,2a9481a84954a43e,6bb,1,2b06e,FAN1 Device,Enabled,"Disabled,Enabled","Enable the Fan1 device.","sif ef0=0;gif 1005=0"
*,2a9481a84954a43e,a8a,1,2b099,FAN2 Device,Disabled,"Disabled,Enabled","Enable the Fan2 device.","sif ef0=0;gif 1004=0"
*,2a9481a84954a43e,a8b,1,2b0c4,FAN3 Device,Disabled,"Disabled,Enabled","Enable the Fan3 device.","sif ef0=0;gif 1003=0"
*,2a9481a84954a43e,6bc,1,2b0e7,Charger participant,Disabled,"Disabled,Enabled","Enable/Disable Charger device","sif ef0=0"
*,2a9481a84954a43e,6bd,1,2b108,Power participant,Disabled,"Disabled,Enabled","Enable/Disable the Power participant.","sif ef0=0"
*,2a9481a84954a43e,6c0,1,2b129,Battery Participant,Disabled,"Disabled,Enabled","Enable/Disable the Battery Participant.","sif ef0=0"
*,2a9481a84954a43e,6be,2,2b152,Intel(R) Dynamic Tuning Technology Battery Sampling Period,0,"Step=1,Min=0,Max=1000","This battery sampling period for the Battery Participant Object.","sif ef0=0;sif efa=0"
*,2a9481a84954a43e,6cd,1,2b171,PCH FIVR Participant,Disabled,"Disabled,Enabled","Enable/Disable PCH FIVR Participant","sif ef0=0"
*,2a9481a84954a43e,6c8,1,2b1a3,Sensor Device 1,Disabled,"Disabled,Enabled","Enable/Disable Memory Thermal Device","sif ef0=0;gif 1002=0"
*,2a9481a84954a43e,6c9,1,2b1ce,Sensor Device 2,Disabled,"Disabled,Enabled","Enable/Disable VR Hotspot Q50 sensor","sif ef0=0;gif 1001=0"
*,2a9481a84954a43e,6ca,1,2b1f9,Sensor Device 3,Disabled,"Disabled,Enabled","Enable/Disable Skin Hotspot U50 sensor","sif ef0=0;gif 1000=0"
*,2a9481a84954a43e,6cb,1,2b224,Sensor Device 4,Disabled,"Disabled,Enabled","Enable/Disable PMIC-MCP Hotspot Q16 sensor","sif ef0=0;gif fff=0"
*,2a9481a84954a43e,6cc,1,2b24f,Sensor Device 5,Disabled,"Disabled,Enabled","Enable/Disable C-Skin Chassis U50 IR sensor","sif ef0=0;gif ffe=0"
*,2a9481a84954a43e,a8c,1,2b288,Discret Graphics Sensor Device,Disabled,"Disabled,Enabled","Enable/Disable DGPU Thermal Sensor","sif ef0=0;sif ffd=1 ! ffc=1 ! and"
>OEM variable and Object,,,,,,,,,
Form 4170 (OEM variable and Object),,,,,,,,,
OEM variable and Object,,,,,,,,,
,2a9481a84954a43e,6da,1,2b2d7,Design Variable 0,0,"Step=1,Min=0,Max=255","OEM Design Variable: an integer between 0-255. This allows OEM's to customize Intel(R) Dynamic Tuning Technology behavior based on platform changes.",""
,2a9481a84954a43e,6db,1,2b2f0,Design Variable 1,0,"Step=1,Min=0,Max=255","OEM Design Variable: an integer between 0-255. This allows OEM's to customize Intel(R) Dynamic Tuning Technology behavior based on platform changes.",""
,2a9481a84954a43e,6dc,1,2b309,Design Variable 2,0,"Step=1,Min=0,Max=255","OEM Design Variable: an integer between 0-255. This allows OEM's to customize Intel(R) Dynamic Tuning Technology behavior based on platform changes.",""
,2a9481a84954a43e,6dd,1,2b322,Design Variable 3,0,"Step=1,Min=0,Max=255","OEM Design Variable: an integer between 0-255. This allows OEM's to customize Intel(R) Dynamic Tuning Technology behavior based on platform changes.",""
,2a9481a84954a43e,6de,1,2b33b,Design Variable 4,0,"Step=1,Min=0,Max=255","OEM Design Variable: an integer between 0-255. This allows OEM's to customize Intel(R) Dynamic Tuning Technology behavior based on platform changes.",""
,2a9481a84954a43e,6df,1,2b354,Design Variable 5,0,"Step=1,Min=0,Max=255","OEM Design Variable: an integer between 0-255. This allows OEM's to customize Intel(R) Dynamic Tuning Technology behavior based on platform changes.",""
,2a9481a84954a43e,6e0,1,2b36d,Design Variable 6,0,"Step=1,Min=0,Max=255","OEM Design Variable: an integer between 0-255. This allows OEM's to customize Intel(R) Dynamic Tuning Technology behavior based on platform changes.",""
,2a9481a84954a43e,6e1,1,2b386,Design Variable 7,0,"Step=1,Min=0,Max=255","OEM Design Variable: an integer between 0-255. This allows OEM's to customize Intel(R) Dynamic Tuning Technology behavior based on platform changes.",""
,2a9481a84954a43e,6e2,1,2b39f,Design Variable 8,0,"Step=1,Min=0,Max=255","OEM Design Variable: an integer between 0-255. This allows OEM's to customize Intel(R) Dynamic Tuning Technology behavior based on platform changes.",""
,2a9481a84954a43e,6e3,1,2b3b8,Design Variable 9,0,"Step=1,Min=0,Max=255","OEM Design Variable: an integer between 0-255. This allows OEM's to customize Intel(R) Dynamic Tuning Technology behavior based on platform changes.",""
,2a9481a84954a43e,6e4,1,2b3d1,Design Variable 10,0,"Step=1,Min=0,Max=255","OEM Design Variable: an integer between 0-255. This allows OEM's to customize Intel(R) Dynamic Tuning Technology behavior based on platform changes.",""
,2a9481a84954a43e,6e5,1,2b3ea,Design Variable 11,0,"Step=1,Min=0,Max=255","OEM Design Variable: an integer between 0-255. This allows OEM's to customize Intel(R) Dynamic Tuning Technology behavior based on platform changes.",""
,2a9481a84954a43e,6e6,1,2b403,Design Variable 12,0,"Step=1,Min=0,Max=255","OEM Design Variable: an integer between 0-255. This allows OEM's to customize Intel(R) Dynamic Tuning Technology behavior based on platform changes.",""
,2a9481a84954a43e,6e7,1,2b41c,Design Variable 13,0,"Step=1,Min=0,Max=255","OEM Design Variable: an integer between 0-255. This allows OEM's to customize Intel(R) Dynamic Tuning Technology behavior based on platform changes.",""
,2a9481a84954a43e,6e8,1,2b435,Design Variable 14,0,"Step=1,Min=0,Max=255","OEM Design Variable: an integer between 0-255. This allows OEM's to customize Intel(R) Dynamic Tuning Technology behavior based on platform changes.",""
,2a9481a84954a43e,6e9,1,2b44e,Design Variable 15,0,"Step=1,Min=0,Max=255","OEM Design Variable: an integer between 0-255. This allows OEM's to customize Intel(R) Dynamic Tuning Technology behavior based on platform changes.",""
,2a9481a84954a43e,6ea,1,2b467,Design Variable 16,0,"Step=1,Min=0,Max=255","OEM Design Variable: an integer between 0-255. This allows OEM's to customize Intel(R) Dynamic Tuning Technology behavior based on platform changes.",""
,2a9481a84954a43e,6eb,1,2b480,Design Variable 17,0,"Step=1,Min=0,Max=255","OEM Design Variable: an integer between 0-255. This allows OEM's to customize Intel(R) Dynamic Tuning Technology behavior based on platform changes.",""
,2a9481a84954a43e,6ec,1,2b499,Design Variable 18,0,"Step=1,Min=0,Max=255","OEM Design Variable: an integer between 0-255. This allows OEM's to customize Intel(R) Dynamic Tuning Technology behavior based on platform changes.",""
,2a9481a84954a43e,6ed,1,2b4b2,Design Variable 19,0,"Step=1,Min=0,Max=255","OEM Design Variable: an integer between 0-255. This allows OEM's to customize Intel(R) Dynamic Tuning Technology behavior based on platform changes.",""
,2a9481a84954a43e,6ee,1,2b4cb,Design Variable 20,0,"Step=1,Min=0,Max=255","OEM Design Variable: an integer between 0-255. This allows OEM's to customize Intel(R) Dynamic Tuning Technology behavior based on platform changes.",""
,2a9481a84954a43e,6ef,1,2b4e4,Design Variable 21,0,"Step=1,Min=0,Max=255","OEM Design Variable: an integer between 0-255. This allows OEM's to customize Intel(R) Dynamic Tuning Technology behavior based on platform changes.",""
,2a9481a84954a43e,6f0,1,2b4fd,Design Variable 22,0,"Step=1,Min=0,Max=255","OEM Design Variable: an integer between 0-255. This allows OEM's to customize Intel(R) Dynamic Tuning Technology behavior based on platform changes.",""
,2a9481a84954a43e,6ce,1,2b51f,PPCC Object,Enabled,"Disabled,Enabled","Enable/Disable PPCC object for validation.",""
,2a9481a84954a43e,6cf,1,2b540,ARTG Object,Enabled,"Disabled,Enabled","Enable/Disable ARTG object for validation.",""
,2a9481a84954a43e,6d0,1,2b561,PMAX Object,Enabled,"Disabled,Enabled","Enable/Disable PMAX object for validation.",""
*,2a9481a84954a43e,ac5,1,2b598,PMAX Device,Disabled,"Enabled,Disabled","Enable/Disable PMAX device for validation.","sif ff3=1 ! ff3=6 ! and"
*,2a9481a84954a43e,ac6,1,2b5c1,PMAX Audio codec,Enabled,"Disabled,Enabled","Enable/Disable PMAX Audio codec for validation.","sif ff3=1 ! ff3=6 ! and;sif f1e=0"
*,2a9481a84954a43e,ac7,1,2b5e2,PMAX WF Camera,Enabled,"Disabled,Enabled","Enable/Disable PMAX WF Camera for validation.","sif ff3=1 ! ff3=6 ! and;sif f1e=0"
*,2a9481a84954a43e,ac8,1,2b603,PMAX UF Camera,Enabled,"Disabled,Enabled","Enable/Disable PMAX UF Camera for validation.","sif ff3=1 ! ff3=6 ! and;sif f1e=0"
*,2a9481a84954a43e,ac9,1,2b624,PMAX Flash device,Enabled,"Disabled,Enabled","Enable/Disable PMAX Flash device for validation.","sif ff3=1 ! ff3=6 ! and;sif f1e=0"
,2a9481a84954a43e,6d1,1,2b651,_TMP 1 Object,Disabled,"Disabled,Enabled","Enable/Disable _TMP 1 object for validation.",""
Form 4389 (Platform Settings),,,,,,,,,
Platform Settings,,,,,,,,,
,2a9481a84954a43e,841,1,2b79a,Charging Method,Normal Charging,"Normal Charging,Fast Charging","Select charging method as Normal Charging or Fast Charging.",""
*,2a9481a84954a43e,3f,1,2b7d1,Pseudo G3,Disabled,"Enabled,Disabled","Enable/Disable Pseudo G3","sif ff3=1 ! ff3=6 ! and"
*,2a9481a84954a43e,b79,1,2b800,RP08 D3 cold Support,Disabled,"Enabled,Disabled","Enable - RP08 D3cold entry is disabled .Disabled -RP08 D3Cold entry is enabled","sif ffb=1 !"
*,2a9481a84954a43e,b7a,1,2b821,Rp08 Wake Rework Support,Disabled,"Enabled,Disabled","Enable - Wake Enabled on RP08.Disabled - Wake Enabled on PEG10","sif ffb=1 !"
*,2a9481a84954a43e,bab,1,2b85a,KeemBay Port,Disabled,"Disabled,CPU port,PCH port","dVPU device KeemBay Port support.
 Disable - KeemBay is not supported on CPU and PCH port.
 CPU port - KeemBay is supported on CPU SSD M.2 Port1 (Need related rework).
 PCH port - KeemBay is supported on PCH SSD M.2 Port1 (Need related rework).
","sif ffa=5 ! ffa=23 ! and"
,2a9481a84954a43e,695,1,2b88e,Scan Matrix Keyboard Support,Enabled,"Enabled,Disabled","Enable Scan Matrix Keyboard Support",""
*,2a9481a84954a43e,35,1,2b8b7,EC PECI Mode,Legacy PECI mode,"Legacy PECI mode,PECI over eSPI mode","Switch eSPI PECI Mode or Legacy PECI mode","sif ff9=1"
,2a9481a84954a43e,a90,1,2b8da,Power Loss Notification Feature,Default,"Disabled,Enabled,Default","Enable/Disable Power Loss Notification Feature",""
,2a9481a84954a43e,98e,1,2b902,Device password support,1,"Bool=0,1,None","Support device password feature",""
,2a9481a84954a43e,6a3,1,2b912,Pmic Vcc IO Level,Disable,"Disable,1.05V,1.071V,1.023V,0.997V,0.850V,0.900V,0.950V","Select the Pmic Vcc IO Voltage Level",""
,2a9481a84954a43e,6a4,1,2b95d,Pmic Vddq Level,Disable,"Disable,0,1,2,3,4,5,6,7","Select the Pmic Vddq Voltage Level",""
,2a9481a84954a43e,6a6,1,2b9af,CSC Pmic NVM Update Support,Disabled,"Enabled,Disabled","Enable/Disable CastroCove Pmic Nvm Update",""
*,2a9481a84954a43e,6a7,1,2b9d8,CSC Pmic Customization Nvm Update Support,Disabled,"Enabled,Disabled","Enable/Disable CastroCove Pmic Customization Nvm Update","sif f35=0"
,2a9481a84954a43e,6a8,1,2b9fb,Pmic NVM Write Lock Support,Disabled,"Disabled,Enabled","Enable/Disable WarrenCove/CastroCove Pmic Nvm Write Lock",""
*,2a9481a84954a43e,809,4,2ba28,HEBC value,144371,"Step=1,Min=0,Max=4294967295","HEBC value 32bit ","sif ff8=1 !"
,2a9481a84954a43e,807,1,2ba4f,Pmic SlpS0 VM Support,Disabled,"Disabled,Enabled","Support to auto check Primium PMIC and disable SlpS0 voltage.",""
,2a9481a84954a43e,710,1,2ba70,Power Sharing Manager,Disabled,"Disabled,Enabled","Configure the PSM ACPI objects.",""
*,2a9481a84954a43e,711,1,2ba99,Domain Type SPLC 1,9,"Step=1,Min=1,Max=50","09h: Module(M.2); 07h: WiFi/WLAN; 0Fh: WWAN; 10h WiGig; 14h: RFEM","sif f3a=0"
*,2a9481a84954a43e,712,4,2bab2,Default Power Limit 1 SPLC,4000,"Step=1,Min=1,Max=10000","Power Limit in milli watts","sif f3a=0"
*,2a9481a84954a43e,716,4,2bad7,Default Time Window 1 SPLC,30000,"Step=1,Min=1,Max=100000","Time Window in milli seconds","sif f3a=0"
*,2a9481a84954a43e,71a,1,2bb05,Domain Type DPLC 1,9,"Step=1,Min=1,Max=50","09h: Module(M.2); 07h: WiFi/WLAN; 0Fh: WWAN; 10h WiGig; 14h: RFEM","sif f3a=0"
*,2a9481a84954a43e,71b,1,2bb1e,Domain Preference DPLC 1,9,"Step=1,Min=1,Max=50","09h: Module(M.2); 07h: WiFi/WLAN; 0Fh: WWAN; 10h WiGig; 14h: RFEM","sif f3a=0"
*,2a9481a84954a43e,71c,2,2bb37,Power Limit Index 1 DPLC,0,"Step=1,Min=0,Max=10","Index of the specific power limit range information","sif f3a=0"
*,2a9481a84954a43e,71e,2,2bb54,Default Power Limit 1 DPLC,1200,"Step=1,Min=1,Max=10000","Power Limit in milli watts","sif f3a=0"
*,2a9481a84954a43e,720,4,2bb71,Default Time Window 1 DPLC,30000,"Step=1,Min=1,Max=100000","Time Window in milli seconds","sif f3a=0"
*,2a9481a84954a43e,724,2,2bb96,Minimum Power Limit 1 DPLC,1200,"Step=1,Min=1,Max=10000","Power Limit in milli watts","sif f3a=0"
*,2a9481a84954a43e,726,2,2bbb3,Maximum Power Limit 1 DPLC,1200,"Step=1,Min=1,Max=10000","Power Limit in milli watts","sif f3a=0"
*,2a9481a84954a43e,728,2,2bbd0,Maximum Time Window 1 DPLC,1000,"Step=1,Min=1,Max=10000","Time Window in milli seconds","sif f3a=0"
,2a9481a84954a43e,785,1,2bbef,Enable FFU Support,Disabled,"Disabled,Enabled","Enable/Disable FFU Support.",""
,2a9481a84954a43e,806,1,2bc10,HID Event Filter Driver,Enabled,"Disabled,Enabled","Enables/Disables HID Event Filter Driver interface to OS.",""
*,2a9481a84954a43e,80d,1,2bc39,Delay to wait for WWAN device to be ready before SAR reset.,8,"Step=1,Min=0,Max=255","Value between 0-255 seconds. Default is 8. Will result in Responsiveness impact. ","sif 2e7=0"
,2a9481a84954a43e,844,1,2bc54,System Time and Alarm Source,ACPI Time and Alarm Device,"ACPI Time and Alarm Device,Legacy RTC","Select source of system time and alarm functions. ACPI Time and Alarm (default, legacy RTC disabled) or Legacy RTC support only",""
*,2a9481a84954a43e,84f,1,2bc81,Enable xdpclock,Enabled,"Disabled,Enabled","Enable xdpclock routing on slot1 CMU_ONE_DWORD0 bits muxsel_itpxdp ","sif ff7=1 !"
,2a9481a84954a43e,a98,1,2bca4,DG Platform Support,Add In Card,"Add In Card,MB Down","DG is supported as MotherBoard Down OR Add In Card",""
,2a9481a84954a43e,85e,1,2bcc5,Enable PowerMeter,Disabled,"Disabled,Enabled","",""
,2a9481a84954a43e,845,1,2bce6,Intel Trusted Device Setup Boot,Disabled,"Enabled,Disabled","Enables/Disables a Intel Trusted Device Setup Boot on the next boot",""
,2a9481a84954a43e,acb,1,2bd07,MPDT Support,Disabled,"Disabled,Sensor_BOM1,Sensor_BOM2,Sensor_BOM1 with Companion Chip","Enable(Sensor_BOM1,Sensor_BOM2 and Sensor_BOM1 with Companion Chip)/Disable MPDT Support in BIOS",""
,2a9481a84954a43e,ad3,1,2bd36,Closed Lid WoV LED Lighting Support,Disabled,"Enabled,Disabled","Disables/Enables Closed Lid WoV LED Lighting Support. ",""
*,2a9481a84954a43e,a96,1,2bd6f,Aux Rail Budget (Watt),6,"Step=1,Min=0,Max=10","Total aux rail budget avaiable per RVP. Value must be between 0 (Min Watt) - 10 (Max Watt)","sif ff3=2 !;sif 8a1=1 !"
>System Firmware Update Config,,,,,,,,,
>VTIO,,,,,,,,,
>TCSS Platform Setting,,,,,,,,,
Form 4339 (ACPI D3Cold settings),,,,,,,,,
ACPI D3Cold settings,,,,,,,,,
,2a9481a84954a43e,6f1,1,2bdd3,ACPI D3Cold Support,Enabled,"Disabled,Enabled","Enable/Disable ACPI D3Cold support to be executed on D3 entry and exit

Note: Disable it would affect the Storage D3 setting",""
*,2a9481a84954a43e,6fd,2,2be05,VR Ramp up delay,16,"Step=16,Min=0,Max=100","Delay between subsequent VR ramp ups if they are all Turn ON at the same time","sif 140b=0"
*,2a9481a84954a43e,6f2,1,2be22,PCIE Slot 5 Device Power-on delay in ms,100,"Step=16,Min=0,Max=200","Delay between applying core power and Deasserting PERST#","sif 140b=0"
*,2a9481a84954a43e,6f5,2,2be43,Audio Delay,200,"Step=16,Min=0,Max=1000","Delay after applying power to HD Audio(Realtek) codec device.","sif 140b=0;sif d34=0"
*,2a9481a84954a43e,6fb,2,2be62,SensorHub,68,"Step=16,Min=0,Max=1000","Delay after applying power to SensorHub device.","sif 140b=0"
*,2a9481a84954a43e,6f7,2,2be7f,TouchPad,68,"Step=16,Min=0,Max=1000","Delay after applying power to TouchPad device.","sif 140b=0"
*,2a9481a84954a43e,6f9,2,2be9c,TouchPanel,68,"Step=16,Min=0,Max=1000","Delay in PR _ON after applying power to TouchPanel device.","sif 140b=0"
*,2a9481a84954a43e,6ff,1,2beb9,P-state Capping,Disabled,"Disabled,Enabled","Set _PPC and send ACPI notification","sif 140b=0"
*,2a9481a84954a43e,6f3,1,2beda,USB Port 1,Disabled,"High Speed,Super Speed,Disabled","USB RTD3 support. Super Speed : USB3.0 devices will be exposed as RTD3 capable. High Speed: USB2.0 devices will be exposed as RTD3 capable. Disabled : USB RTD3 support disabled.

 For SawtoothPeak USB Port1(Below) is Superspeed and Port2(Top) is HighSpeed. Check respective board configuration to know about USB port position.","sif 140b=0"
*,2a9481a84954a43e,6f4,1,2bf02,USB Port 2,Disabled,"Disabled,High Speed,Super Speed,Super Speed WWAN","USB RTD3 support. Super Speed : USB3.0 devices will be exposed as RTD3 capable. High Speed: USB2.0 devices will be exposed as RTD3 capable. Disabled : USB RTD3 support disabled.

 For SawtoothPeak USB Port1(Below) is Superspeed and Port2(Top) is HighSpeed. Check respective board configuration to know about USB port position.","sif 140b=0"
*,2a9481a84954a43e,701,1,2bf43,ZPODD,Disabled,"Disabled,Enabled","Zero Power ODD option is applicable only for the board with ZPODD support.","sif 140b=0;sif ff6=1"
*,2a9481a84954a43e,702,1,2bf6e,WWAN,D3/L2,"Disabled,D0/L1.2,D3/L2","Enable/Disable RTD3 support for WWAN","sif 140b=0;gif 2e7=0"
*,2a9481a84954a43e,703,1,2bf98,Sata Port 0,Disabled,"Disabled,Enabled","Setup option to control the SATA port RTD3 functionality","sif 140b=0"
*,2a9481a84954a43e,704,1,2bfb9,Sata Port 1,Disabled,"Disabled,Enabled","Setup option to control the SATA port RTD3 functionality","sif 140b=0"
*,2a9481a84954a43e,705,1,2bfda,Sata Port 2,Disabled,"Disabled,Enabled","Setup option to control the SATA port RTD3 functionality","sif 140b=0"
*,2a9481a84954a43e,706,1,2bffb,Sata Port 3,Disabled,"Disabled,Enabled","Setup option to control the SATA port RTD3 functionality","sif 140b=0"
*,2a9481a84954a43e,707,1,2c01c,Sata Port 4,Disabled,"Disabled,Enabled","Setup option to control the SATA port RTD3 functionality","sif 140b=0"
*,2a9481a84954a43e,708,1,2c03d,Sata Port 5,Disabled,"Disabled,Enabled","Setup option to control the SATA port RTD3 functionality","sif 140b=0"
*,2a9481a84954a43e,709,1,2c05e,Sata Port 6,Disabled,"Disabled,Enabled","Setup option to control the SATA port RTD3 functionality","sif 140b=0"
*,2a9481a84954a43e,70a,1,2c07f,Sata Port 7,Disabled,"Disabled,Enabled","Setup option to control the SATA port RTD3 functionality","sif 140b=0"
*,2a9481a84954a43e,990,1,2c0b8,DTBT RTD3 Enable,Disabled,"Disabled,Enabled","Enables or Disables DTBT RTD3 support","sif 140b=0;sif 13e6=1 !;gif 13ff=2 !"
*,2a9481a84954a43e,ab9,1,2c0e7,TBT Power-off delay Optimization,Enabled,"Disabled,Enabled","Enables or Disables TBT Power-off delay Optimization support","sif 140b=0;sif 13e6=1 !;sif f67=1 !"
*,2a9481a84954a43e,991,2,2c108,TBT Power-off delay in ms,5000,"Step=1,Min=0,Max=15000","Specify delay in ms necessary after removing TBT power","sif 140b=0;sif 13e6=1 !;sif f67=1 !"
*,2a9481a84954a43e,993,4,2c125,DTBT RTD3 CLKREQ Enable,Disabled,"Disabled,Enabled","Enables or Disables DTBT RTD3 CLKREQ mask","sif 140b=0;sif 13e6=1 !;sif f67=1 !"
*,2a9481a84954a43e,997,2,2c155,DTBT RTD3 CLKREQ Delay value,0,"Step=1,Min=0,Max=2000","Specify delay in ms necessary after CLKREQ mask state is changed.","sif 140b=0;sif 13e6=1 !;sif f67=1 !"
Form 5415 (System Firmware Update Config),,,,,,,,,
System Firmware Update Config,,,,,,,,,
,2a9481a84954a43e,84b,1,2c192,Restore Setup Default,Disabled,"Disabled,Enabled","Restore Setup default settings after System Firmware Update",""
,2a9481a84954a43e,84c,1,2c1b3,Skip Power Check,Disabled,"Disabled,Enabled","Skip AC/DC Check before System Firmware Update",""
Form 5420 (VTIO),,,,,,,,,
VTIO,,,,,,,,,
,2a9481a84954a43e,81c,1,2c1ee,Enable VTIO Support,Disabled,"Disabled,Enabled","Enable/Disable VTIO Support.",""
*,2a9481a84954a43e,81e,1,2c247,Expose ISP SDEV Entry,Enabled,"Disabled,Enabled","ISP Entry in SDEV table will be exposed based on this option","sif f6e=0"
*,2a9481a84954a43e,825,2,2c270,Number of Sensor Entries,0x2,"Step=0x0,Min=0x0,Max=0x2","An array of Sensors Entries","sif f6e=0;sif f70=0"
*,2a9481a84954a43e,989,1,2c295,Flags,0x0,"Step=0x0,Min=0x0,Max=0x1","Enter HEX value

BIT[0] - Allow handoff to non-secure OS
","sif f6e=0;sif f70=0;sif f71=0"
*,2a9481a84954a43e,82f,2,2c2ae,Sensor Entry 1,0x1,"Step=0x0,Min=0x0,Max=0xffff","Enter HEX value

BIT[8:7] - Camera type
BIT[6]   - Plug-N-Play supported
BIT[5:2] - Port ID
BIT[1]   - Privacy Enabled Sensor present
BIT[0]   - Embedded Sensor present
","sif f6e=0;sif f70=0;sif f71=0"
*,2a9481a84954a43e,839,2,2c2da,Sensor Entry 2,0x105,"Step=0x0,Min=0x0,Max=0xffff","Enter HEX value

BIT[8:7] - Camera type
BIT[6]   - Plug-N-Play supported
BIT[5:2] - Port ID
BIT[1]   - Privacy Enabled Sensor present
BIT[0]   - Embedded Sensor present
","sif f6e=0;sif f70=0;sif f71 1 <="
*,2a9481a84954a43e,81f,1,2c304,Expose HECI SDEV Entry,Disabled,"Disabled,Enabled","HECI Entry in SDEV table will be exposed based on this option","sif f6e=0"
*,2a9481a84954a43e,827,2,2c32d,Number of Sensor Entries,0x0,"Step=0x0,Min=0x0,Max=0x2","An array of Sensors Entries","sif f6e=0;sif f75=0"
*,2a9481a84954a43e,98a,1,2c352,Flags,0x0,"Step=0x0,Min=0x0,Max=0x1","Enter HEX value

BIT[0] - Allow handoff to non-secure OS
","sif f6e=0;sif f75=0;sif f76=0"
*,2a9481a84954a43e,831,2,2c36b,Sensor Entry 1,0x0,"Step=0x0,Min=0x0,Max=0xffff","Enter HEX value

BIT[8:7] - Camera type
BIT[6]   - Plug-N-Play supported
BIT[5:2] - Port ID
BIT[1]   - Privacy Enabled Sensor present
BIT[0]   - Embedded Sensor present
","sif f6e=0;sif f75=0;sif f76=0"
*,2a9481a84954a43e,83b,2,2c397,Sensor Entry 2,0x0,"Step=0x0,Min=0x0,Max=0xffff","Enter HEX value

BIT[8:7] - Camera type
BIT[6]   - Plug-N-Play supported
BIT[5:2] - Port ID
BIT[1]   - Privacy Enabled Sensor present
BIT[0]   - Embedded Sensor present
","sif f6e=0;sif f75=0;sif f76 1 <="
*,2a9481a84954a43e,820,1,2c3c1,Expose SPI1 Dev 1E Fun 2 SDEV Entry,Disabled,"Disabled,Enabled","SPI1 Entry in SDEV table will be exposed based on this option","sif f6e=0"
*,2a9481a84954a43e,829,2,2c3ea,Number of Sensor Entries,0x1,"Step=0x0,Min=0x0,Max=0x2","An array of Sensors Entries","sif f6e=0;sif f7a=0"
*,2a9481a84954a43e,98b,1,2c40f,Flags,0x0,"Step=0x0,Min=0x0,Max=0x1","Enter HEX value

BIT[0] - Allow handoff to non-secure OS
","sif f6e=0;sif f7a=0;sif f7b=0"
*,2a9481a84954a43e,833,2,2c428,Sensor Entry 1,0x1,"Step=0x0,Min=0x0,Max=0xffff","Enter HEX value

BIT[8:7] - Camera type
BIT[6]   - Plug-N-Play supported
BIT[5:2] - Port ID
BIT[1]   - Privacy Enabled Sensor present
BIT[0]   - Embedded Sensor present
","sif f6e=0;sif f7a=0;sif f7b=0"
*,2a9481a84954a43e,83d,2,2c454,Sensor Entry 2,0x0,"Step=0x0,Min=0x0,Max=0xffff","Enter HEX value

BIT[8:7] - Camera type
BIT[6]   - Plug-N-Play supported
BIT[5:2] - Port ID
BIT[1]   - Privacy Enabled Sensor present
BIT[0]   - Embedded Sensor present
","sif f6e=0;sif f7a=0;sif f7b 1 <="
*,2a9481a84954a43e,821,1,2c47e,Expose SPI2 Dev 1E Fun 3 SDEV Entry,Disabled,"Disabled,Enabled","SPI2 Entry in SDEV table will be exposed based on this option","sif f6e=0"
*,2a9481a84954a43e,82b,2,2c4a7,Number of Sensor Entries,0x1,"Step=0x0,Min=0x0,Max=0x2","An array of Sensors Entries","sif f6e=0;sif f7f=0"
*,2a9481a84954a43e,98c,1,2c4cc,Flags,0x0,"Step=0x0,Min=0x0,Max=0x1","Enter HEX value

BIT[0] - Allow handoff to non-secure OS
","sif f6e=0;sif f7f=0;sif f80=0"
*,2a9481a84954a43e,835,2,2c4e5,Sensor Entry 1,0x1,"Step=0x0,Min=0x0,Max=0xffff","Enter HEX value

BIT[8:7] - Camera type
BIT[6]   - Plug-N-Play supported
BIT[5:2] - Port ID
BIT[1]   - Privacy Enabled Sensor present
BIT[0]   - Embedded Sensor present
","sif f6e=0;sif f7f=0;sif f80=0"
*,2a9481a84954a43e,83f,2,2c511,Sensor Entry 2,0x0,"Step=0x0,Min=0x0,Max=0xffff","Enter HEX value

BIT[8:7] - Camera type
BIT[6]   - Plug-N-Play supported
BIT[5:2] - Port ID
BIT[1]   - Privacy Enabled Sensor present
BIT[0]   - Embedded Sensor present
","sif f6e=0;sif f7f=0;sif f80 1 <="
*,2a9481a84954a43e,822,1,2c53b,Expose XHCI SDEV Entry,Disabled,"Disabled,Enabled","XHCI Entry in SDEV table will be exposed based on this option","sif f6e=0"
*,2a9481a84954a43e,861,1,2c564,Number of USB Devices,0x2,"Step=0x0,Min=0x1,Max=0x2","Number of USB Devices","sif f6e=0;sif f84=0"
*,2a9481a84954a43e,98d,1,2c57d,Flags,0x0,"Step=0x0,Min=0x0,Max=0x1","Enter HEX value

BIT[0] - Allow handoff to non-secure OS
","sif f6e=0;sif f84=0"
*,2a9481a84954a43e,862,1,2c59e,Attributes,0x0,"Step=0x0,Min=0x0,Max=0xff","Enter HEX value

BIT[7:1] - Reserved.
BIT[0]   - USB Composite Device
0x0 - A single interface USB device
0x1 - A function on a USB composite device
","sif f6e=0;sif f84=0"
*,2a9481a84954a43e,864,1,2c5b7,Root Port Number,0x0,"Step=0x0,Min=0x0,Max=0xff","Root port number on which the secure device is attached to the root hub.","sif f6e=0;sif f84=0"
*,2a9481a84954a43e,866,2,2c5d0,VID,0x0,"Step=0x0,Min=0x0,Max=0xffff","Vendor ID","sif f6e=0;sif f84=0"
*,2a9481a84954a43e,86a,2,2c5ed,PID,0x0,"Step=0x0,Min=0x0,Max=0xffff","Product ID","sif f6e=0;sif f84=0"
*,2a9481a84954a43e,86e,2,2c60a,Revision,0x0,"Step=0x0,Min=0x0,Max=0xffff","Revision","sif f6e=0;sif f84=0"
*,2a9481a84954a43e,872,1,2c627,Interface Number,0x0,"Step=0x0,Min=0x0,Max=0xff","Interface number (0-based) of the interface on the device that this entry corresponds to. This field is considered valid only if the Attributes indicates that the device is a composite device.","sif f6e=0;sif f84=0"
*,2a9481a84954a43e,874,1,2c640,Class,0xe,"Step=0x0,Min=0x0,Max=0xff","Class Number of the secure device","sif f6e=0;sif f84=0"
*,2a9481a84954a43e,876,1,2c659,Subclass,0x1,"Step=0x0,Min=0x0,Max=0xff","Subclass Number of the secure device","sif f6e=0;sif f84=0"
*,2a9481a84954a43e,878,1,2c672,Protocol,0x1,"Step=0x0,Min=0x0,Max=0xff","Protocol Number of the secure device","sif f6e=0;sif f84=0"
*,2a9481a84954a43e,87a,2,2c68b,ACPI Path String Offset,0x34,"Step=0x0,Min=0x0,Max=0xffff","Offset for fully qualified ACPI path name of the secure device from the beginning of this table","sif f6e=0;sif f84=0"
*,2a9481a84954a43e,87e,2,2c6ac,ACPI Path String Length,0x1d,"Step=0x0,Min=0x0,Max=0xffff","Length of fully qualified, null terminated ACPI path name of the secure device, The length includes the NULL terminator.","sif f6e=0;sif f84=0;gif true"
*,2a9481a84954a43e,89a,8,2c6cb,Firmware Hash [255:192],0x0,"Step=0x1,Min=0x0,Max=0xffffffffffffffff","  Firmware Hash [255:192]","sif f6e=0;sif f84=0"
*,2a9481a84954a43e,892,8,2c700,Firmware Hash [191:128],0x0,"Step=0x1,Min=0x0,Max=0xffffffffffffffff","  Firmware Hash [191:128]","sif f6e=0;sif f84=0"
*,2a9481a84954a43e,88a,8,2c735,Firmware Hash [127:64],0x0,"Step=0x1,Min=0x0,Max=0xffffffffffffffff","  Firmware Hash [127:64]","sif f6e=0;sif f84=0"
*,2a9481a84954a43e,882,8,2c76a,Firmware Hash [63:0],0x0,"Step=0x1,Min=0x0,Max=0xffffffffffffffff","  Firmware Hash [63:0]","sif f6e=0;sif f84=0"
*,2a9481a84954a43e,863,1,2c7c6,Attributes,0x0,"Step=0x0,Min=0x0,Max=0xff","Enter HEX value

BIT[7:1] - Reserved.
BIT[0]   - USB Composite Device
0x0 - A single interface USB device
0x1 - A function on a USB composite device
","sif f6e=0;sif f84=0;sif f85 1 <="
*,2a9481a84954a43e,865,1,2c7df,Root Port Number,0x1,"Step=0x0,Min=0x0,Max=0xff","Root port number on which the secure device is attached to the root hub.","sif f6e=0;sif f84=0;sif f85 1 <="
*,2a9481a84954a43e,868,2,2c7f8,VID,0x0,"Step=0x0,Min=0x0,Max=0xffff","Vendor ID","sif f6e=0;sif f84=0;sif f85 1 <="
*,2a9481a84954a43e,86c,2,2c815,PID,0x0,"Step=0x0,Min=0x0,Max=0xffff","Product ID","sif f6e=0;sif f84=0;sif f85 1 <="
*,2a9481a84954a43e,870,2,2c832,Revision,0x0,"Step=0x0,Min=0x0,Max=0xffff","Revision","sif f6e=0;sif f84=0;sif f85 1 <="
*,2a9481a84954a43e,873,1,2c84f,Interface Number,0x0,"Step=0x0,Min=0x0,Max=0xff","Interface number (0-based) of the interface on the device that this entry corresponds to. This field is considered valid only if the Attributes indicates that the device is a composite device.","sif f6e=0;sif f84=0;sif f85 1 <="
*,2a9481a84954a43e,875,1,2c868,Class,0xe,"Step=0x0,Min=0x0,Max=0xff","Class Number of the secure device","sif f6e=0;sif f84=0;sif f85 1 <="
*,2a9481a84954a43e,877,1,2c881,Subclass,0x1,"Step=0x0,Min=0x0,Max=0xff","Subclass Number of the secure device","sif f6e=0;sif f84=0;sif f85 1 <="
*,2a9481a84954a43e,879,1,2c89a,Protocol,0x1,"Step=0x0,Min=0x0,Max=0xff","Protocol Number of the secure device","sif f6e=0;sif f84=0;sif f85 1 <="
*,2a9481a84954a43e,87c,2,2c8b3,ACPI Path String Offset,0x34,"Step=0x0,Min=0x0,Max=0xffff","Offset for fully qualified ACPI path name of the secure device from the beginning of this table","sif f6e=0;sif f84=0;sif f85 1 <="
*,2a9481a84954a43e,880,2,2c8d4,ACPI Path String Length,0x1c,"Step=0x0,Min=0x0,Max=0xffff","Length of fully qualified, null terminated ACPI path name of the secure device, The length includes the NULL terminator.","sif f6e=0;sif f84=0;sif f85 1 <=;gif true"
*,2a9481a84954a43e,8ba,8,2c8f3,Firmware Hash [255:192],0x0,"Step=0x1,Min=0x0,Max=0xffffffffffffffff","  Firmware Hash [255:192]","sif f6e=0;sif f84=0;sif f85 1 <="
*,2a9481a84954a43e,8b2,8,2c928,Firmware Hash [191:128],0x0,"Step=0x1,Min=0x0,Max=0xffffffffffffffff","  Firmware Hash [191:128]","sif f6e=0;sif f84=0;sif f85 1 <="
*,2a9481a84954a43e,8aa,8,2c95d,Firmware Hash [127:64],0x0,"Step=0x1,Min=0x0,Max=0xffffffffffffffff","  Firmware Hash [127:64]","sif f6e=0;sif f84=0;sif f85 1 <="
*,2a9481a84954a43e,8a2,8,2c992,Firmware Hash [63:0],0x0,"Step=0x1,Min=0x0,Max=0xffffffffffffffff","  Firmware Hash [63:0]","sif f6e=0;sif f84=0;sif f85 1 <="
Form 5421 (TCSS Platform Setting),,,,,,,,,
TCSS Platform Setting,,,,,,,,,
*,2a9481a84954a43e,aba,1,2ca09,Disable TBT PCIE Tree BME,Enabled,"Disabled,Enabled","Disable TBT PCIE RP and child device Tree BME to Enable VTD Base Security","sif ff5=0;gif 1412=0"
,2a9481a84954a43e,853,1,2ca2e,USBC connector manager selection,Enable UCSI Device,"Disabled,Enable UCSI Device,Enable UCMC Device","Select UCSI or UCMC device in ACPI support based on configuration",""
*,2a9481a84954a43e,85b,1,2ca64,Aux Ori Override,Disabled,"Disabled,Enabled","Aux Ori Override","sif ff4=0"
,2a9481a84954a43e,9c4,1,2ca87,Type C retimer TX Compliance Mode,Disabled,"Disabled,Enabled","Default is disable Compliance Mode. Change to enabled for Type C retimer Tx Compliance Mode testing.",""
*,2a9481a84954a43e,9c5,1,2cab0,Type C Port 0,Enabled,"Disabled,Enabled","Enable/Disable Compliance Mode on Type C Port 0","sif fa8=0"
*,2a9481a84954a43e,9c6,1,2cad1,Type C Port 1,Enabled,"Disabled,Enabled","Enable/Disable Compliance Mode on Type C Port 1","sif fa8=0"
*,2a9481a84954a43e,9c7,1,2caf2,Type C Port 2,Enabled,"Disabled,Enabled","Enable/Disable Compliance Mode on Type C Port 2","sif fa8=0"
*,2a9481a84954a43e,9c8,1,2cb13,Type C Port 3,Enabled,"Disabled,Enabled","Enable/Disable Compliance Mode on Type C Port 3","sif fa8=0"
,2a9481a84954a43e,80f,1,2cb36,BIOS-TCSS handshake,Enabled,"Disabled,Enabled","Enable/Disable BIOS TCSS handshake messages.
Disabled: TCSS handshake disabled 
Enabled: TCSS handshake with either EC or PMC is enabled based on the board ID",""
*,2a9481a84954a43e,810,4,2cb5f,Timeout for EC USB enumeration message,500,"Step=10,Min=50,Max=1000","BIOS-EC handshake message USBC_GetUSBConnStatus timeout value in milli seconds","sif fad=0"
*,2a9481a84954a43e,814,4,2cb90,Timeout for EC SxEntryWait message,1500,"Step=100,Min=200,Max=3000","BIOS-EC handshake message USBC_SxEntryWait timeout value in milli seconds","sif fad=0;sif ff3=2 !"
*,2a9481a84954a43e,818,4,2cbb5,Timeout for EC SxExitWait message,1500,"Step=100,Min=200,Max=3000","BIOS-EC handshake message USBC_SxExitWait timeout value in milli seconds","sif fad=0;sif ff3=2 !"
,2a9481a84954a43e,9cc,1,2cbde,USBC and USBA Wake Capability,S3,"S3,S4","USBC and USBA Wake Capability",""
,2a9481a84954a43e,ae6,1,2cbff,USBC DataRole Swap Platform Disable Option,TRUE,"TRUE,FALSE","Enable/Disable setting USBC DataRole Swap Platform Disable Option",""
>Thunderbolt(TM) Configuration,,,,,,,,,
PD Information,,,,,,,,,
Form 4222 (Hardware Health Monitor),,,,,,,,,
Form 4379 (Thunderbolt(TM) Configuration),,,,,,,,,
,2a9481a84954a43e,99a,1,2cd08,PCIE Tunneling over USB4,Enabled,"Disabled,Enabled","Enable or disable PCIE Tunneling over USB4",""
,2a9481a84954a43e,acf,1,2cd29,USB4 CM Mode,OS Dependent,"Firmware CM Only,Software CM first,OS Dependent,CM Debug","FW CM only - The system boots with FW CM only in both BIOS and OS phase.
SW CM first - The system boots with SW CM in BIOS phase all the time, then boot to OS based on OS preference for backward and forward compatible.
OS dependent - The system will boot with SW CM in BIOS phase after saving this setting, then boot to OS based on OS preference the reflect to CM setting to next BIOS boot.
CM debug - The system with boot without any CM in BIOS phase, then boot to OS with the CM based on OS' preference by every boot.",""
,2a9481a84954a43e,78c,1,2cd5e,Integrated Thunderbolt(TM) Support,Enabled,"Disabled,Enabled","Enable or Disable Integrated Thunderbolt(TM) Support.",""
*,2a9481a84954a43e,78b,1,2cd91,Discrete Thunderbolt(TM) Support,Disabled,"Disabled,Enabled","Enable or Disable Discrete Thunderbolt(TM) Support.","sif ff0=1 !"
*,2a9481a84954a43e,790,1,2cdcc,Wake From Thunderbolt(TM) Devices,1,"Bool=0,1,None","Enable or disable system wake from Thunderbolt(TM) devices.","sif 13e6=0 1482=0 and"
>Integrated Thunderbolt(TM) Configuration,,,,,,,,,
*,2a9481a84954a43e,ad0,1,2ce17,Discrete DpIn Connection Policy,Internal Only,"Internal Only,External Only,Runtime Switch","Configure the Dp Mux Connection setting.
 Internal Only: All display ports are for internal only.
 External First: All display ports are for external only.
 Runtime switch: Dynamic one-time switch from iGFx to dGFx after boot to OS","sif ff0=1 !;sif 13e6=0;sif fef=1 !"
>Discrete Thunderbolt(TM) Configuration,,,,,,,,,
Form 5200 (Integrated Thunderbolt(TM) Configuration),,,,,,,,,
Integrated Thunderbolt(TM) Configuration,,,,,,,,,
,2a9481a84954a43e,7b5,1,2ce6e,Os Native Resource Balance,Disabled,"Disabled,Enabled","Os Native Resource Balance",""
,2a9481a84954a43e,7f0,2,2ce8f,Connect Topology Timeout value for ITBT,5000,"Step=1,Min=1,Max=65535","Connect Topology Timeout value for Integrated Thunderbolt(TM) Controller",""
,2a9481a84954a43e,7ee,2,2ceac,Force Poweron Timeout value for ITBT,500,"Step=1,Min=1,Max=65535","Force Poweron Timeout value for Integrated Thunderbolt(TM)",""
,2a9481a84954a43e,857,1,2cec9,ITBT RTD3,Enabled,"Disabled,Enabled","ITBT RTD3 Enable/Disable. Note: ITBT RTD3 Disabled is not supported when SW CM is applied for OS",""
,2a9481a84954a43e,858,2,2ceea,ITBT RTD3 EXIT DELAY,0,"Step=1,Min=0,Max=20000","ITBT RTD3 EXIT DELAY (milli seconds)",""
> ITBT Root Port 0 Configuration,,,,,,,,,
> ITBT Root Port 1 Configuration,,,,,,,,,
> ITBT Root Port 2 Configuration,,,,,,,,,
> ITBT Root Port 3 Configuration,,,,,,,,,
Form 5201 ( ITBT Root Port 0 Configuration),,,,,,,,,
,2a9481a84954a43e,7be,1,2cfb7,ITBT Root Port 0,Enabled,"Disabled,Enabled","AUTO - Default(Platform Specific) ",""
Root Port 0 Resource Allocation,,,,,,,,,
,2a9481a84954a43e,7c4,1,2cfe7,Extra Bus Reserved,42,"Step=1,Min=0,Max=224","Extra Bus Reserved 42.
Extra Bus Reserved is required for each layer = (Extra Bus Reserved on the previous layer - 2 - the number of non-hot-plug ports in the current layer) / the number of hot-plug ports in the current layer
Example:
2 non-hot-plug ports and 3 hot-plug ports per connected device have
Recommend below setting
1 device = 7
2 device = 25
3 device = 79, disable one iTBT root port
4 device = 224, disable three iTBT root port, and not every hotplug port supports connecting to the next layer of devices
etc ...",""
,2a9481a84954a43e,7ca,2,2d000,Reserved Memory,194,"Step=1,Min=1,Max=4096","Reserved Memory for this Root Bridge (1-4096) MB",""
,2a9481a84954a43e,7d6,1,2d01d,Memory Alignment,25,"Step=1,Min=0,Max=31","Memory Alignment (0-31 bits)",""
,2a9481a84954a43e,7dc,2,2d036,Reserved PMemory,448,"Step=1,Min=1,Max=4096","Reserved Prefetchable Memory for this Root Bridge (1-4096) MB",""
,2a9481a84954a43e,7e8,1,2d053,PMemory Alignment,28,"Step=1,Min=0,Max=31","PMemory Alignment (0-31 bits)",""
Form 5202 ( ITBT Root Port 1 Configuration),,,,,,,,,
,2a9481a84954a43e,7bf,1,2d074,ITBT Root Port 1,Enabled,"Disabled,Enabled","None",""
Root Port 1 Resource Allocation,,,,,,,,,
,2a9481a84954a43e,7c5,1,2d0a4,Extra Bus Reserved,42,"Step=1,Min=0,Max=224","Extra Bus Reserved 42.
Extra Bus Reserved is required for each layer = (Extra Bus Reserved on the previous layer - 2 - the number of non-hot-plug ports in the current layer) / the number of hot-plug ports in the current layer
Example:
2 non-hot-plug ports and 3 hot-plug ports per connected device have
Recommend below setting
1 device = 7
2 device = 25
3 device = 79, disable one iTBT root port
4 device = 224, disable three iTBT root port, and not every hotplug port supports connecting to the next layer of devices
etc ...",""
,2a9481a84954a43e,7cc,2,2d0bd,Reserved Memory,194,"Step=1,Min=1,Max=4096","Reserved Memory for this Root Bridge (1-4096) MB",""
,2a9481a84954a43e,7d7,1,2d0da,Memory Alignment,25,"Step=1,Min=0,Max=31","Memory Alignment (0-31 bits)",""
,2a9481a84954a43e,7de,2,2d0f3,Reserved PMemory,448,"Step=1,Min=1,Max=4096","Reserved Prefetchable Memory for this Root Bridge (1-4096) MB",""
,2a9481a84954a43e,7e9,1,2d110,PMemory Alignment,28,"Step=1,Min=0,Max=31","PMemory Alignment (0-31 bits)",""
Form 5203 ( ITBT Root Port 2 Configuration),,,,,,,,,
,2a9481a84954a43e,7c0,1,2d131,ITBT Root Port 2,Enabled,"Disabled,Enabled","None",""
Root Port 2 Resource Allocation,,,,,,,,,
,2a9481a84954a43e,7c6,1,2d161,Extra Bus Reserved,42,"Step=1,Min=0,Max=224","Extra Bus Reserved 42.
Extra Bus Reserved is required for each layer = (Extra Bus Reserved on the previous layer - 2 - the number of non-hot-plug ports in the current layer) / the number of hot-plug ports in the current layer
Example:
2 non-hot-plug ports and 3 hot-plug ports per connected device have
Recommend below setting
1 device = 7
2 device = 25
3 device = 79, disable one iTBT root port
4 device = 224, disable three iTBT root port, and not every hotplug port supports connecting to the next layer of devices
etc ...",""
,2a9481a84954a43e,7ce,2,2d17a,Reserved Memory,194,"Step=1,Min=1,Max=4096","Reserved Memory for this Root Bridge (1-4096) MB",""
,2a9481a84954a43e,7d8,1,2d197,Memory Alignment,25,"Step=1,Min=0,Max=31","Memory Alignment (0-31 bits)",""
,2a9481a84954a43e,7e0,2,2d1b0,Reserved PMemory,448,"Step=1,Min=1,Max=4096","Reserved Prefetchable Memory for this Root Bridge (1-4096) MB",""
,2a9481a84954a43e,7ea,1,2d1cd,PMemory Alignment,28,"Step=1,Min=0,Max=31","PMemory Alignment (0-31 bits)",""
Form 5204 ( ITBT Root Port 3 Configuration),,,,,,,,,
,2a9481a84954a43e,7c1,1,2d1ee,ITBT Root Port 3,Enabled,"Disabled,Enabled","None",""
Root Port 3 Resource Allocation,,,,,,,,,
,2a9481a84954a43e,7c7,1,2d21e,Extra Bus Reserved,42,"Step=1,Min=0,Max=224","Extra Bus Reserved 42.
Extra Bus Reserved is required for each layer = (Extra Bus Reserved on the previous layer - 2 - the number of non-hot-plug ports in the current layer) / the number of hot-plug ports in the current layer
Example:
2 non-hot-plug ports and 3 hot-plug ports per connected device have
Recommend below setting
1 device = 7
2 device = 25
3 device = 79, disable one iTBT root port
4 device = 224, disable three iTBT root port, and not every hotplug port supports connecting to the next layer of devices
etc ...",""
,2a9481a84954a43e,7d0,2,2d237,Reserved Memory,194,"Step=1,Min=1,Max=4096","Reserved Memory for this Root Bridge (1-4096) MB",""
,2a9481a84954a43e,7d9,1,2d254,Memory Alignment,25,"Step=1,Min=0,Max=31","Memory Alignment (0-31 bits)",""
,2a9481a84954a43e,7e2,2,2d26d,Reserved PMemory,448,"Step=1,Min=1,Max=4096","Reserved Prefetchable Memory for this Root Bridge (1-4096) MB",""
,2a9481a84954a43e,7eb,1,2d28a,PMemory Alignment,28,"Step=1,Min=0,Max=31","PMemory Alignment (0-31 bits)",""
Form 5076 (Discrete Thunderbolt(TM) Configuration),,,,,,,,,
Discrete Thunderbolt(TM) Configuration,,,,,,,,,
*,2a9481a84954a43e,78f,1,2d2c5,Thunderbolt Boot Support,Enabled,"Disabled,Enabled","Enabled allows boot from Bootable devices which is present behind Thunderbolt","sif 13e6=0"
*,2a9481a84954a43e,7f9,1,2d2e6,ACPI Removal Object Suppport,Disabled,"Disabled,Enabled","Enable or Disable ACPI method _RMV support for Thunderbolt(TM) devices","sif 13e6=0"
*,2a9481a84954a43e,795,1,2d307,GPIO filter,Disabled,"Disabled,Enabled","GPIO filter is needed to avoid electrical noise on PCH GPIOs during hotplug of 12V USB devices","sif 13e6=0"
*,2a9481a84954a43e,999,1,2d32e,DTBT Go2Sx Command,Enabled,"Disabled,Enabled","Command to put DTBT into Sx state while system going into Sx","sif 13e6=0"
*,2a9481a84954a43e,7b1,1,2d355,Windows 10 Thunderbolt support,Enable + RTD3,"Enable + RTD3,Disabled","Windows 10 Thunderbolt support","sif 13e6=0"
> DTBT Controller 0 Configuration,,,,,,,,,
> DTBT Controller 1 Configuration,,,,,,,,,
Form 5077 ( DTBT Controller 0 Configuration),,,,,,,,,
,2a9481a84954a43e,798,1,2d3c0,DTBT Controller 0,Disabled,"Disabled,Enabled","AUTO - Default, Enable - RVP3 PCIe Root Port1, CNL RVP5 - PCIe Root Port5, CNL SDS - PCIe Root Port5",""
*,2a9481a84954a43e,79a,1,2d3ed,DTbt Root Port Type,PCH Root Port,"PCH Root Port,PEG Root Port","Select the TBT Root Port Type. PCH or PEG","sif fe8=1 !"
,2a9481a84954a43e,79f,1,2d410,TBT Host Router,One port,"One port,Two port","Enable the host router based on ports available.",""
,2a9481a84954a43e,7a1,1,2d431,Extra Bus Reserved,56,"Step=1,Min=0,Max=255","Extra Bus Reserved 56-One port Host,106-Two port Host.",""
,2a9481a84954a43e,7a3,2,2d44a,Reserved Memory,356,"Step=1,Min=1,Max=4096","Reserved Memory for this Root Bridge (1-4096) MB",""
,2a9481a84954a43e,7a9,1,2d467,Memory Alignment,26,"Step=1,Min=0,Max=31","Memory Alignment (0-31 bits)",""
,2a9481a84954a43e,7ab,2,2d480,Reserved PMemory,544,"Step=1,Min=1,Max=4096","Reserved Prefetchable Memory for this Root Bridge (1-4096) MB",""
,2a9481a84954a43e,7af,1,2d49d,PMemory Alignment,28,"Step=1,Min=0,Max=31","PMemory Alignment (0-31 bits)",""
Form 5078 ( DTBT Controller 1 Configuration),,,,,,,,,
,2a9481a84954a43e,799,1,2d4be,DTBT Controller 1,Disabled,"Disabled,Enabled","None",""
*,2a9481a84954a43e,79b,1,2d4eb,DTbt Root Port Type,PCH Root Port,"PCH Root Port,PEG Root Port","Select the TBT Root Port Type. PCH or PEG","sif fe8=1 !"
,2a9481a84954a43e,7a0,1,2d50e,TBT Host Router,One port,"One port,Two port","Enable the host router based on ports available.",""
,2a9481a84954a43e,7a2,1,2d52f,Extra Bus Reserved,56,"Step=1,Min=0,Max=255","Extra Bus Reserved 56-One port Host,106-Two port Host.",""
,2a9481a84954a43e,7a5,2,2d548,Reserved Memory,356,"Step=1,Min=1,Max=4096","Reserved Memory for this Root Bridge (1-4096) MB",""
,2a9481a84954a43e,7aa,1,2d565,Memory Alignment,26,"Step=1,Min=0,Max=31","Memory Alignment (0-31 bits)",""
,2a9481a84954a43e,7ad,2,2d57e,Reserved PMemory,544,"Step=1,Min=1,Max=4096","Reserved Prefetchable Memory for this Root Bridge (1-4096) MB",""
,2a9481a84954a43e,7b0,1,2d59b,PMemory Alignment,28,"Step=1,Min=0,Max=31","PMemory Alignment (0-31 bits)",""
Form 5001 (BCLK Configuration),,,,,,,,,
CPU - BCLK Clock Settings,,,,,,,,,
,831915025418c8fc,0,2,2d5de,Clock Frequency,0,"Step=1,Min=0,Max=65535","Frequency in 10kHz increments. Specifies new BCLK frequency to be applied. Frequency is rounded to nearest valid value. Allowed range is limited by the Max/Min supported frequencies. Changes are not applied until settings are saved and platform resets. Example: For 125.70MHz, enter 12570.",""
*,2a9481a84954a43e,ae2,2,2d614,Discrete CPU Bclk Frequency,100,"Step=1,Min=80,Max=530","Config Discrete Clock Frequency in MHz. Range from 80 MHz up to MAX 530 MHz.","sif fe7=0"
*,2a9481a84954a43e,ae4,1,2d639,Discrete Peg/Dmi Clk Frequency,100,"Step=1,Min=80,Max=200","Config Peg/Dmi Clock Frequency in MHz. Range from 80 MHz up to MAX 200 MHz.","sif fe7=0"
FormSet Information (1D09183D-66A4-489D-9FCA-CA8E6FEFF971),,,,,,,,,
Form 1 (Information),,,,,,,,,
FormSet Advance (C392D549-27EB-4F46-8A11-9F5DF55A9C8B),,,,,,,,,
Form 1 (Advance),,,,,,,,,
FormSet Main (C1E0B01A-607E-4B75-B8BB-0631ECFAACF2),,,,,,,,,
Form 1 (Main),,,,,,,,,
FormSet Boot (2D068309-12AC-45AB-9600-9187513CCDD8),,,,,,,,,
Form 1 (Boot),,,,,,,,,
*,b07398139d839cf0,75,1,17c,Boot Priority,UEFI First,"UEFI First,Legacy First","[UEFI First]
Try UEFI boot first.
[Legacy First]
Try legacy boot first.","gif 2=2,3 1=1 and;sif 105e=2;gif 2=2,3 1=1 and"
*,b07398139d839cf0,5c,1,41c,USB Boot,Enabled,"Enabled,Disabled","Enable or disable boot for USB device.

[Enabled]
USB device boot is enabled.
[Disabled]
USB device boot is disabled.","gif 2=2,3 1=1 and"
*,b07398139d839cf0,6f,1,451,PXE Boot to LAN,Disabled,"Enabled,Disabled","Enable or disable PXE boot to LAN.

[Enabled]
PXE boot is enabled.
[Disabled]
PXE boot is disabled.","gif 2=3 1=1 and"
*,b07398139d839cf0,106,1,490,IPV4 PXE First,Enabled,"Enabled,Disabled","[Enabled]
IPV4 PXE boot first.
[Disabled]
IPV6 PXE boot first.
","gif 2=3 1=1 and;sif e067=0"
Form 1338 (UEFI),,,,,,,,,
UEFI,,,,,,,,,
Form 1341 (Boot Type Order),,,,,,,,,
Form 1328 (Legacy),,,,,,,,,
Legacy,,,,,,,,,
*,b07398139d839cf0,76,1,75a,Normal Boot Menu,Normal,"Normal,Advance","Select Normal Boot Option Priority or Advance Boot Option Priority","gif 2=2,3 1=1 and"
>Boot Type Order,,,,,,,,,
>Floppy Drive,,,,,,,,,
>Hard Disk Drive,,,,,,,,,
>CD/DVD-ROM Drive,,,,,,,,,
>PCMCIA,,,,,,,,,
>USB,,,,,,,,,
>EMBED NETWORK,,,,,,,,,
>BEV,,,,,,,,,
>Others,,,,,,,,,
Form 1339 (Boot Type Order),,,,,,,,,
Boot Type Order,,,,,,,,,
Form 1330 (Hard Disk Drive),,,,,,,,,
Hard Disk Drive,,,,,,,,,
Form 1331 (CD/DVD-ROM Drive),,,,,,,,,
CD/DVD-ROM Drive,,,,,,,,,
Form 1329 (Floppy Drive),,,,,,,,,
Floppy Drive,,,,,,,,,
Form 1336 (Others),,,,,,,,,
Others,,,,,,,,,
Form 1332 (PCMCIA),,,,,,,,,
PCMCIA,,,,,,,,,
Form 1333 (USB),,,,,,,,,
USB,,,,,,,,,
Form 1334 (EMBED NETWORK),,,,,,,,,
EMBED NETWORK,,,,,,,,,
Form 1335 (BEV),,,,,,,,,
BEV,,,,,,,,,
FormSet Security (5204F764-DF25-48A2-B337-9EC122B85E0D),,,,,,,,,
Form 1 (Security),,,,,,,,,
*,b07398139d839cf0,9f,1,4d0,Power on Password,Disabled,"Enabled,Disabled","[Enabled]
System will prompt for password at POST.
[Disabled]
System will prompt for password to enter Setup Utility.","sif c=1 25=0 |"
*,b07398139d839cf0,125,1,5e5,Natural File Guard,Disabled,"Enabled,Disabled","[Enabled]
Natural File Guard enabled. Hard Disk Passwords are not prompted and continue to boot the OS. To protect unauthorized access to the system, recommend to set user authentication on the OS. Boot order will limited to internal storage.
[Disabled]
Natural File Guard disabled. The system will prompt for Hard Disk Passwords when boot.
","sif 24=0 23=1 ! |;gif c=1 22=0 |"
*,b07398139d839cf0,fc,1,6c3,Firmware TPM,Enabled,"Enabled,Disabled","[Enabled]
Enable Firmware TPM.
[Disabled]
Disable Firmware TPM.","sif 21=0 1d=2 ! | 1c=0 |;gif 1927=2,3 c=1 and"
*,b07398139d839cf0,9d,1,71a,Security Chip,Enabled,"Enabled,Disabled","[Enabled]
Security chip is functional.
[Disabled]
Security chip is hidden and is not functional.","sif 21=0 1d=2 ! | 1c=1 |;gif 1927=2,3 c=1 and"
*,b07398139d839cf0,121,1,85c,Device Guard,Disabled,"Enabled,Disabled","Setup feature to support Microsoft ® Device Guard.

To complete the configuration of Device Guard, Administrator Password must be set.

[Enabled]
Device Guard function is enabled.
[Disabled]
Device Guard function is disabled.","sif 18=0,1 1b=0 and;gif c=1"
*,b07398139d839cf0,101,1,8b4,Secure Boot,Enabled,"Enabled,Disabled","Enable or disable Secure Boot support.

[Enabled]
Secure Boot support is enabled.
[Disabled]
Secure Boot support is disabled.","sif 18=0,1;gif 1927=2,3 c=1 and e06e=1 |"
Form 57602 (I/O Port Access),,,,,,,,,
*,b07398139d839cf0,109,1,a42,Ethernet LAN,Enabled,"Enabled,Disabled","Enable or disable Ethernet LAN.

[Enabled]
Ethernet LAN is enabled.
[Disabled]
Ethernet LAN is disabled.","sif 17=0;gif 1927=2,3 c=1 and"
*,b07398139d839cf0,10b,1,a85,Wireless WAN,Enabled,"Enabled,Disabled","Enable or disable Wireless WAN.

[Enabled]
Wireless WAN is enabled.
[Disabled]
Wireless WAN is disabled.","sif 16=0;gif 1927=2,3 c=1 and"
*,b07398139d839cf0,10d,1,ac8,Bluetooth,Enabled,"Enabled,Disabled","Enable or disable Bluetooth.

[Enabled]
Bluetooth is enabled.
[Disabled]
Bluetooth is disabled.","sif 15=0;gif 1927=2,3 c=1 and"
*,b07398139d839cf0,10f,1,b0b,USB Port,Enabled,"Enabled,Disabled","Enable or disable USB Port.

[Enabled]
USB Port is enabled.
[Disabled]
USB Port is disabled.","sif 14=0;gif 1927=2,3 c=1 and"
*,b07398139d839cf0,111,1,b4e,Memory Card Slot,Enabled,"Enabled,Disabled","Enable or disable Memory Card Slot.

[Enabled]
Memory Card Slot is enabled.
[Disabled]
Memory Card Slot is disabled.","sif 13=0;gif 1927=2,3 c=1 and"
*,b07398139d839cf0,113,1,b91,Smart Card Slot,Enabled,"Enabled,Disabled","Enable or disable Smart Card Slot.

[Enabled]
Smart Card Slot is enabled.
[Disabled]
Smart Card Slot is disabled.","sif 12=0;gif 1927=2,3 c=1 and"
*,b07398139d839cf0,115,1,bd4,Integrated Camera,Enabled,"Enabled,Disabled","Enable or disable Integrated Camera.

[Enabled]
Integrated Camera is enabled.
[Disabled]
Integrated Camera is disabled.","sif 11=0;gif 1927=2,3 c=1 and"
*,b07398139d839cf0,117,1,c17,Microphone,Enabled,"Enabled,Disabled","Enable or disable Microphone.

[Enabled]
Microphone is enabled.
[Disabled]
Microphone is disabled.","sif 10=0;gif 1927=2,3 c=1 and"
*,b07398139d839cf0,119,1,c5a,Fingerprint Reader,Enabled,"Enabled,Disabled","Enable or disable Fingerprint Reader.

[Enabled]
Fingerprint Reader is enabled.
[Disabled]
Fingerprint Reader is disabled.","sif f=0;gif 1927=2,3 c=1 and"
*,b07398139d839cf0,11b,1,c9d,Thunderbolt™,Enabled,"Enabled,Disabled","Enable or disable Thunderbolt™.

[Enabled]
Thunderbolt™ is enabled.
[Disabled]
Thunderbolt™ is disabled.","sif e=0;gif 1927=2,3 c=1 and"
*,b07398139d839cf0,11d,1,ce0,NFC Device,Enabled,"Enabled,Disabled","Enable or disable NFC Device.

[Enabled]
NFC Device is enabled.
[Disabled]
NFC Device is disabled.","sif d=0;gif 1927=2,3 c=1 and"
FormSet Exit (B6936426-FB04-4A7B-AA51-FD49397CDC01),,,,,,,,,
Form 1 (Exit),,,,,,,,,
FormSet Front Page (9E0C30BC-3F06-4BA6-8288-09179B855DBE),,,,,,,,,
Form 4096 (Front Page),,,,,,,,,
>Boot Manager,,,,,,,,,
>Device Management,,,,,,,,,
>Setup Utility,,,,,,,,,
FormSet Novo Menu (A6A8C55C-455C-212E-08D3-05A05E811252),,,,,,,,,
Form 4097 (),,,,,,,,,